title,channel_title,genre,duration_minutes,upload_time,language,tags,is_trending
My Creative Vlog #5,Creator_4,Action,73,2026-02-05T23:06:00Z,en,"indie,trending,vlog,short,viral,cinematic,bts,fun,scary",0
My Creative Vlog #10,Creator_58,Horror,2,2026-02-10T22:27:00Z,ja,"fun,scary,cinematic,trending",1
My Creative Vlog #8,Creator_94,Comedy,17,2026-01-21T17:18:00Z,ja,"scary,viral,trending,cinematic,vlog,fun,short,bts,thrill",0
My Creative Vlog #6,Creator_21,Documentary,54,2026-06-21T08:44:00Z,en,"fun,vlog,scary,viral,short,cinematic,bts,thrill,trending",1
My Creative Vlog #1,Creator_30,Documentary,103,2026-03-10T02:13:00Z,ja,"short,indie,bts",0
My Creative Vlog #5,Creator_69,Sci-Fi,119,2026-04-13T11:14:00Z,en,"short,viral,trending,indie,bts,vlog,thrill,fun",0
My Creative Vlog #9,Creator_60,Horror,142,2026-01-03T21:46:00Z,en,"vlog,thrill,cinematic,trending,fun,scary,viral,bts,indie,short",1
My Creative Vlog #9,Creator_82,Action,64,2026-04-06T05:34:00Z,en,"cinematic,short,trending,vlog,fun,bts,viral,indie,thrill",0
Marvel Entertainment Exclusive - Video #26,Marvel Entertainment,Drama,169,2026-05-02T17:10:00Z,es,"bts,indie,scary,thrill,cinematic,viral,fun,vlog",1
Warner Bros. Exclusive - Video #18,Warner Bros.,Documentary,6,2026-05-31T17:14:00Z,hi,,1
Netflix Exclusive - Video #52,Netflix,Comedy,21,2026-03-02T08:42:00Z,fr,"vlog,fun,short",1
My Creative Vlog #2,Creator_13,Sci-Fi,90,2026-04-19T13:29:00Z,en,"viral,trending,indie,cinematic,fun,vlog,bts,thrill,short,scary",0
My Creative Vlog #8,Creator_10,Comedy,6,2026-06-16T17:53:00Z,en,scary,0
T-Series Exclusive - Video #17,T-Series,Drama,98,2026-01-01T12:16:00Z,fr,"indie,vlog,short,viral",1
A24 Exclusive - Video #79,A24,Thriller,140,2026-03-22T01:03:00Z,fr,"vlog,fun,trending,thrill,short,viral,cinematic,bts",0
My Creative Vlog #10,Creator_75,Thriller,124,2026-01-21T13:42:00Z,ja,"scary,cinematic,bts,fun",0
MrBeast Exclusive - Video #19,MrBeast,Thriller,103,2026-06-09T18:06:00Z,en,"scary,vlog,thrill,viral,fun,trending,indie,bts",1
My Creative Vlog #10,Creator_39,Thriller,130,2026-05-22T09:59:00Z,en,"thrill,viral",0
MrBeast Exclusive - Video #36,MrBeast,Horror,130,2026-05-06T08:57:00Z,en,indie,1
My Creative Vlog #8,Creator_21,Sci-Fi,116,2026-01-03T03:04:00Z,en,"trending,cinematic,fun,scary,viral,bts,short,vlog",0
Marvel Entertainment Exclusive - Video #62,Marvel Entertainment,Drama,61,2026-02-11T05:56:00Z,ko,,1
My Creative Vlog #4,Creator_95,Horror,41,2026-06-29T03:24:00Z,en,"scary,bts,short,fun,indie,viral,thrill",0
My Creative Vlog #6,Creator_36,Sci-Fi,131,2026-05-18T10:01:00Z,en,"fun,thrill,trending,short",0
My Creative Vlog #10,Creator_56,Comedy,17,2026-05-28T06:16:00Z,en,"indie,trending,scary,fun,short,vlog,bts,cinematic,viral,thrill",0
T-Series Exclusive - Video #51,T-Series,Sci-Fi,134,2026-03-17T17:08:00Z,hi,"indie,fun,thrill,scary,short,trending",1
My Creative Vlog #6,Creator_78,Romance,114,2026-04-24T21:13:00Z,fr,"fun,viral,thrill,short,cinematic,indie,bts,trending,scary,vlog",0
Warner Bros. Exclusive - Video #70,Warner Bros.,Comedy,19,2026-04-17T20:36:00Z,hi,"indie,short,bts,viral,vlog,trending,thrill,cinematic,scary,fun",1
My Creative Vlog #4,Creator_72,Comedy,19,2026-02-04T14:42:00Z,ja,"short,vlog,indie,bts,thrill,scary,viral,fun,cinematic,trending",0
My Creative Vlog #9,Creator_99,Romance,161,2026-03-03T08:28:00Z,en,"thrill,scary,bts,fun,indie,short,trending,vlog,cinematic,viral",0
T-Series Exclusive - Video #62,T-Series,Documentary,139,2026-04-30T13:03:00Z,hi,"indie,trending,bts,scary,vlog,fun",1
My Creative Vlog #9,Creator_54,Action,107,2026-02-26T08:27:00Z,fr,,0
My Creative Vlog #3,Creator_93,Romance,33,2026-06-09T17:01:00Z,ko,"bts,trending,viral,cinematic,scary,short,indie,vlog,fun",0
My Creative Vlog #7,Creator_44,Horror,108,2026-03-06T02:30:00Z,en,"vlog,trending,cinematic,viral,short,bts,thrill,scary,fun,indie",1
T-Series Exclusive - Video #95,T-Series,Comedy,23,2026-02-25T14:44:00Z,es,"cinematic,fun,viral,indie,short,vlog,trending,thrill,scary,bts",1
My Creative Vlog #4,Creator_92,Comedy,23,2026-06-26T20:15:00Z,en,"thrill,viral,trending,fun,bts,scary,indie,short,vlog,cinematic",1
My Creative Vlog #3,Creator_56,Horror,158,2026-05-18T15:29:00Z,ko,"bts,thrill,cinematic,indie,viral,trending,fun,short,vlog,scary",0
T-Series Exclusive - Video #51,T-Series,Drama,125,2026-02-24T11:51:00Z,es,"thrill,bts,trending,vlog,viral",1
My Creative Vlog #8,Creator_83,Romance,5,2026-01-24T09:14:00Z,ko,"scary,thrill,cinematic,bts,vlog,short,fun,viral,indie,trending",0
Netflix Exclusive - Video #34,Netflix,Documentary,31,2026-05-18T22:11:00Z,hi,"short,thrill,vlog",1
A24 Exclusive - Video #78,A24,Drama,71,2026-01-12T01:35:00Z,es,"fun,short,viral,indie,trending,thrill,bts,vlog,scary,cinematic",1
My Creative Vlog #3,Creator_20,Horror,22,2026-03-05T03:35:00Z,ko,"bts,scary,indie,vlog,short,fun,cinematic,viral,trending",1
My Creative Vlog #4,Creator_27,Horror,170,2026-01-21T05:15:00Z,en,"viral,fun,trending,scary,indie,thrill,cinematic,bts",0
T-Series Exclusive - Video #19,T-Series,Action,78,2026-06-10T18:42:00Z,hi,"viral,vlog,scary,cinematic,bts,fun",1
My Creative Vlog #5,Creator_73,Romance,32,2026-04-30T22:19:00Z,ko,"vlog,bts,short,scary",0
Netflix Exclusive - Video #39,Netflix,Thriller,142,2026-06-22T08:36:00Z,en,"fun,short,vlog,bts,viral,thrill,scary,indie,cinematic,trending",1
Netflix Exclusive - Video #30,Netflix,Documentary,106,2026-06-27T15:18:00Z,ko,"vlog,trending,short,bts,fun,cinematic,thrill,indie,viral,scary",1
My Creative Vlog #9,Creator_25,Documentary,160,2026-05-08T20:28:00Z,en,"thrill,vlog,fun",1
My Creative Vlog #1,Creator_16,Action,135,2026-02-10T09:35:00Z,en,"indie,viral,scary,bts,trending,short,cinematic,fun",1
My Creative Vlog #5,Creator_66,Sci-Fi,106,2026-05-01T07:29:00Z,en,"scary,vlog,fun,indie,trending,short",0
Netflix Exclusive - Video #46,Netflix,Horror,151,2026-05-29T21:31:00Z,en,"vlog,short,cinematic,fun,thrill,bts,scary",1
A24 Exclusive - Video #40,A24,Sci-Fi,74,2026-04-16T01:20:00Z,fr,"indie,bts,fun,scary,trending,viral,short,cinematic,thrill,vlog",1
My Creative Vlog #3,Creator_53,Comedy,20,2026-03-09T10:39:00Z,ko,"viral,cinematic,indie,fun,vlog,scary,trending,short,thrill,bts",1
My Creative Vlog #2,Creator_96,Sci-Fi,57,2026-06-12T22:55:00Z,en,"fun,thrill,trending,short,bts,indie,cinematic",1
T-Series Exclusive - Video #82,T-Series,Drama,44,2026-02-14T02:39:00Z,ko,"scary,short,fun,viral,bts,vlog,cinematic,indie,trending",1
Marvel Entertainment Exclusive - Video #30,Marvel Entertainment,Comedy,19,2026-03-30T18:19:00Z,ko,"thrill,short,bts,viral,scary,cinematic,trending,vlog,indie,fun",1
My Creative Vlog #1,Creator_88,Romance,74,2026-02-28T19:51:00Z,ja,"scary,thrill,fun",1
My Creative Vlog #8,Creator_40,Thriller,119,2026-04-04T23:08:00Z,en,"cinematic,indie,fun,viral",0
My Creative Vlog #9,Creator_68,Horror,43,2026-03-07T15:51:00Z,es,"cinematic,viral,short,trending,vlog,bts,scary,fun,thrill,indie",1
My Creative Vlog #5,Creator_87,Sci-Fi,150,2026-06-13T11:06:00Z,hi,"trending,vlog,cinematic,thrill,viral,bts,scary",1
My Creative Vlog #1,Creator_18,Thriller,83,2026-05-07T03:06:00Z,hi,"fun,indie,short,bts,cinematic,thrill,scary,vlog",1
My Creative Vlog #8,Creator_13,Sci-Fi,80,2026-01-09T22:23:00Z,hi,"short,scary,cinematic,trending,bts,fun,thrill",0
My Creative Vlog #2,Creator_59,Action,127,2026-06-13T19:01:00Z,en,"cinematic,scary,fun,indie,thrill,viral,trending,short,vlog,bts",1
My Creative Vlog #1,Creator_77,Horror,38,2026-02-03T17:16:00Z,en,trending,0
My Creative Vlog #6,Creator_76,Thriller,67,2026-03-09T01:08:00Z,ko,"viral,bts,short,scary,fun,thrill,trending,vlog",0
A24 Exclusive - Video #76,A24,Horror,118,2026-06-14T00:03:00Z,fr,"indie,viral,short,cinematic,scary,trending",1
Warner Bros. Exclusive - Video #45,Warner Bros.,Documentary,98,2026-06-02T16:18:00Z,fr,"bts,indie,viral,vlog,cinematic,trending,short,scary",1
T-Series Exclusive - Video #61,T-Series,Sci-Fi,138,2026-01-25T10:27:00Z,ja,"thrill,cinematic,fun,vlog,scary,trending,bts,indie,short,viral",1
My Creative Vlog #9,Creator_72,Documentary,172,2026-02-01T13:22:00Z,ko,"trending,thrill,vlog,fun,bts,short,viral,cinematic,scary,indie",0
My Creative Vlog #5,Creator_15,Action,148,2026-04-20T17:49:00Z,en,"thrill,trending,fun,short,cinematic,indie,bts,viral,vlog",0
My Creative Vlog #3,Creator_9,Thriller,56,2026-05-16T06:24:00Z,ko,"cinematic,fun,bts,vlog,short,indie,trending",1
My Creative Vlog #2,Creator_7,Horror,114,2026-06-19T13:31:00Z,fr,"thrill,scary,viral,fun,vlog,trending",1
My Creative Vlog #5,Creator_86,Thriller,73,2026-04-12T19:03:00Z,en,"thrill,scary,fun",1
T-Series Exclusive - Video #65,T-Series,Drama,34,2026-04-08T17:45:00Z,hi,"vlog,cinematic,viral,scary,bts,trending,indie,thrill",1
T-Series Exclusive - Video #83,T-Series,Sci-Fi,135,2026-06-13T13:18:00Z,en,"trending,cinematic,fun,indie,thrill,scary",1
My Creative Vlog #5,Creator_51,Documentary,57,2026-03-27T05:04:00Z,en,"vlog,scary,cinematic,fun,short,viral,thrill,trending",0
My Creative Vlog #2,Creator_98,Drama,161,2026-05-07T14:48:00Z,fr,"bts,cinematic,vlog,viral,scary,trending,short,indie,fun,thrill",0
T-Series Exclusive - Video #67,T-Series,Thriller,52,2026-04-05T09:04:00Z,en,"bts,vlog,indie,scary,thrill,cinematic,trending,viral,short",1
Netflix Exclusive - Video #67,Netflix,Comedy,30,2026-03-29T22:05:00Z,en,,1
My Creative Vlog #10,Creator_67,Drama,94,2026-04-06T09:24:00Z,ko,"cinematic,trending,bts,vlog,fun,indie,scary,viral,short,thrill",0
MrBeast Exclusive - Video #49,MrBeast,Sci-Fi,61,2026-06-02T22:05:00Z,es,"indie,cinematic,fun,vlog,bts,thrill,trending,short",1
MrBeast Exclusive - Video #33,MrBeast,Action,88,2026-05-05T06:14:00Z,en,"viral,thrill",1
T-Series Exclusive - Video #29,T-Series,Drama,47,2026-06-27T19:51:00Z,en,"short,trending,indie,fun,cinematic,viral,scary,bts,thrill,vlog",1
My Creative Vlog #4,Creator_61,Documentary,174,2026-05-27T14:29:00Z,es,"indie,vlog,bts,viral,short,thrill,cinematic,scary,trending,fun",0
Marvel Entertainment Exclusive - Video #25,Marvel Entertainment,Horror,22,2026-02-11T08:28:00Z,en,"viral,scary,short,fun,trending,vlog",1
Netflix Exclusive - Video #57,Netflix,Action,48,2026-03-23T03:53:00Z,ja,"fun,bts,trending,vlog,scary,viral,cinematic,thrill,short,indie",1
My Creative Vlog #5,Creator_31,Comedy,6,2026-03-03T13:40:00Z,fr,viral,0
My Creative Vlog #9,Creator_81,Action,136,2026-02-06T09:27:00Z,en,"cinematic,scary,indie,viral,bts,trending,fun,thrill,vlog",0
My Creative Vlog #5,Creator_48,Thriller,90,2026-01-18T11:15:00Z,en,"bts,cinematic,fun,trending,short,thrill,vlog,scary,indie,viral",1
Warner Bros. Exclusive - Video #18,Warner Bros.,Romance,10,2026-03-17T06:02:00Z,hi,,1
My Creative Vlog #8,Creator_70,Horror,10,2026-06-15T06:18:00Z,ja,"trending,cinematic,thrill,bts,fun,scary,short,vlog,viral,indie",0
My Creative Vlog #9,Creator_48,Horror,22,2026-04-19T02:27:00Z,en,"thrill,cinematic,viral,trending,fun,vlog,bts,short",1
My Creative Vlog #8,Creator_45,Thriller,138,2026-04-01T19:27:00Z,es,"trending,viral,indie,fun,thrill,vlog,bts,scary,cinematic,short",0
My Creative Vlog #7,Creator_47,Thriller,122,2026-02-09T21:28:00Z,ja,"short,viral,fun,thrill,bts",1
Netflix Exclusive - Video #13,Netflix,Drama,128,2026-05-13T12:58:00Z,en,"thrill,short,scary,bts",1
My Creative Vlog #3,Creator_58,Romance,23,2026-06-24T10:42:00Z,ja,"viral,vlog,thrill,fun,bts,cinematic,indie,scary,trending,short",0
My Creative Vlog #6,Creator_74,Romance,142,2026-02-03T19:56:00Z,en,thrill,0
My Creative Vlog #7,Creator_53,Comedy,9,2026-03-23T20:04:00Z,fr,"vlog,cinematic,fun,indie,thrill,bts,viral",1
My Creative Vlog #2,Creator_8,Drama,78,2026-02-12T05:20:00Z,hi,"vlog,thrill,viral,fun,short",0
MrBeast Exclusive - Video #88,MrBeast,Comedy,21,2026-06-14T05:37:00Z,en,"bts,cinematic",1
My Creative Vlog #2,Creator_4,Thriller,127,2026-05-28T08:41:00Z,hi,"bts,indie,trending,scary,cinematic,thrill,fun,vlog,viral,short",0
My Creative Vlog #2,Creator_59,Thriller,65,2026-04-23T13:30:00Z,fr,"cinematic,fun,bts",1
My Creative Vlog #7,Creator_45,Drama,95,2026-05-12T17:06:00Z,ja,"short,viral,thrill",0
T-Series Exclusive - Video #88,T-Series,Sci-Fi,76,2026-02-10T10:59:00Z,ja,"fun,short,vlog",1
T-Series Exclusive - Video #74,T-Series,Romance,62,2026-02-25T18:22:00Z,en,,1
My Creative Vlog #8,Creator_87,Horror,138,2026-01-03T03:27:00Z,en,"cinematic,indie,bts,trending",1
Marvel Entertainment Exclusive - Video #46,Marvel Entertainment,Comedy,17,2026-05-10T14:48:00Z,es,"bts,viral,fun,trending,scary,short,thrill,cinematic,vlog",1
My Creative Vlog #1,Creator_65,Thriller,49,2026-02-05T22:21:00Z,fr,"short,fun,vlog,bts,thrill,indie,viral,scary",1
My Creative Vlog #8,Creator_69,Horror,122,2026-01-05T11:21:00Z,en,"bts,thrill,trending,vlog,scary,fun",1
My Creative Vlog #8,Creator_75,Drama,135,2026-06-11T23:39:00Z,ko,"scary,trending",0
T-Series Exclusive - Video #50,T-Series,Sci-Fi,64,2026-04-16T22:13:00Z,ko,"bts,short,trending,cinematic,viral,thrill,indie,fun",1
My Creative Vlog #3,Creator_41,Romance,137,2026-03-29T17:22:00Z,es,"short,scary,vlog,fun,thrill,indie,viral,bts,cinematic",1
My Creative Vlog #6,Creator_62,Horror,74,2026-02-01T18:43:00Z,ko,"cinematic,fun,thrill,trending,vlog,indie",1
T-Series Exclusive - Video #37,T-Series,Action,150,2026-05-18T08:59:00Z,es,"viral,scary",0
My Creative Vlog #4,Creator_82,Thriller,57,2026-04-16T10:45:00Z,fr,fun,1
My Creative Vlog #8,Creator_61,Action,141,2026-03-15T10:18:00Z,en,"viral,scary,trending,bts,vlog,indie,short,thrill,fun,cinematic",0
My Creative Vlog #8,Creator_65,Horror,50,2026-01-29T10:10:00Z,fr,"thrill,fun,trending,cinematic,vlog,indie,viral,short,scary,bts",0
My Creative Vlog #3,Creator_24,Romance,83,2026-03-05T00:16:00Z,ko,"short,thrill,cinematic",0
A24 Exclusive - Video #56,A24,Action,52,2026-06-20T03:29:00Z,es,"indie,vlog",1
My Creative Vlog #6,Creator_38,Action,73,2026-02-04T15:09:00Z,fr,"bts,cinematic,indie,vlog,thrill,scary,viral,trending,fun,short",0
My Creative Vlog #1,Creator_15,Action,118,2026-05-18T04:10:00Z,ja,"short,viral,scary,cinematic,thrill,bts,trending,fun",0
T-Series Exclusive - Video #68,T-Series,Thriller,116,2026-04-29T21:51:00Z,es,"trending,indie,thrill,vlog,bts,viral,cinematic,scary,short,fun",1
Netflix Exclusive - Video #70,Netflix,Thriller,81,2026-04-15T05:49:00Z,en,"indie,cinematic,bts,scary,short,vlog,trending,fun,thrill,viral",1
My Creative Vlog #1,Creator_1,Horror,119,2026-06-22T23:34:00Z,ko,"indie,scary,vlog,short,fun,viral,cinematic,trending",0
My Creative Vlog #4,Creator_3,Action,53,2026-01-26T19:02:00Z,fr,"trending,scary,bts,vlog,indie,viral,thrill,short,fun",0
My Creative Vlog #10,Creator_94,Documentary,148,2026-06-03T21:52:00Z,ja,"thrill,fun,scary",0
My Creative Vlog #3,Creator_76,Sci-Fi,116,2026-05-07T01:22:00Z,ko,"vlog,cinematic,indie,scary,viral,fun,short,trending,bts,thrill",0
My Creative Vlog #1,Creator_60,Sci-Fi,98,2026-05-23T16:08:00Z,ko,"thrill,scary,cinematic",1
A24 Exclusive - Video #87,A24,Thriller,54,2026-02-18T18:46:00Z,hi,"scary,cinematic,thrill,trending,viral,vlog,indie",1
My Creative Vlog #10,Creator_90,Action,95,2026-03-03T17:20:00Z,es,"short,vlog,cinematic,fun,indie,bts",1
A24 Exclusive - Video #70,A24,Documentary,53,2026-04-05T10:26:00Z,en,"scary,fun,trending,vlog,thrill,cinematic,bts,viral,short",1
My Creative Vlog #8,Creator_32,Documentary,66,2026-05-06T23:41:00Z,fr,"fun,cinematic,bts,viral,vlog,thrill,scary",0
A24 Exclusive - Video #16,A24,Thriller,97,2026-02-05T20:14:00Z,en,"fun,trending,scary,thrill,short,bts,vlog,indie,viral,cinematic",1
My Creative Vlog #5,Creator_69,Thriller,109,2026-06-28T21:27:00Z,en,viral,1
My Creative Vlog #6,Creator_33,Horror,102,2026-01-21T11:25:00Z,fr,"scary,bts,thrill,cinematic,trending,indie,short,viral,fun",0
My Creative Vlog #3,Creator_90,Comedy,20,2026-04-22T20:50:00Z,ja,"viral,vlog,trending,bts,indie,thrill,scary,cinematic,short",0
My Creative Vlog #6,Creator_23,Thriller,71,2026-05-31T04:48:00Z,ko,thrill,0
My Creative Vlog #9,Creator_50,Documentary,99,2026-02-05T22:46:00Z,en,"cinematic,trending,viral,scary,short,vlog,fun,indie",0
MrBeast Exclusive - Video #67,MrBeast,Romance,59,2026-04-02T17:24:00Z,ko,"bts,indie",1
My Creative Vlog #2,Creator_92,Comedy,13,2026-02-09T12:45:00Z,en,"indie,cinematic,vlog,trending,bts,short,fun,viral,scary,thrill",0
My Creative Vlog #1,Creator_14,Comedy,16,2026-05-22T02:38:00Z,ja,"trending,thrill,indie,scary,bts,vlog",0
My Creative Vlog #5,Creator_18,Horror,69,2026-05-07T04:04:00Z,en,"thrill,indie,bts,scary,trending,fun",0
My Creative Vlog #10,Creator_77,Action,103,2026-01-28T04:19:00Z,en,"cinematic,indie,bts,scary,fun,vlog",0
My Creative Vlog #5,Creator_41,Romance,148,2026-03-04T10:24:00Z,es,"indie,cinematic,viral,thrill,short,bts,vlog,fun,trending,scary",0
My Creative Vlog #2,Creator_89,Sci-Fi,131,2026-05-08T04:40:00Z,es,"thrill,fun,indie",0
My Creative Vlog #10,Creator_62,Sci-Fi,113,2026-05-10T22:26:00Z,en,"cinematic,vlog,viral,trending,short,fun,bts,thrill,indie,scary",1
My Creative Vlog #1,Creator_14,Comedy,13,2026-02-26T16:47:00Z,hi,"cinematic,indie,short,vlog,bts,thrill,viral",0
T-Series Exclusive - Video #20,T-Series,Comedy,28,2026-02-06T11:19:00Z,ja,"scary,vlog,short,fun,bts,trending,cinematic",1
Netflix Exclusive - Video #24,Netflix,Thriller,88,2026-06-15T03:43:00Z,en,"scary,vlog,fun,thrill,viral,short,bts,cinematic,trending,indie",1
My Creative Vlog #1,Creator_51,Action,102,2026-06-01T13:24:00Z,en,"scary,bts,thrill,indie,cinematic,trending,short,fun,vlog,viral",0
T-Series Exclusive - Video #77,T-Series,Documentary,153,2026-04-10T19:25:00Z,en,"cinematic,short,fun,indie,bts",1
My Creative Vlog #3,Creator_11,Documentary,31,2026-03-03T09:07:00Z,en,"fun,vlog,indie,scary,thrill",0
A24 Exclusive - Video #78,A24,Drama,143,2026-02-12T15:18:00Z,en,"cinematic,short",1
My Creative Vlog #3,Creator_63,Action,149,2026-04-09T17:32:00Z,fr,"short,indie,bts,scary,viral,trending",1
Netflix Exclusive - Video #45,Netflix,Action,113,2026-03-15T05:49:00Z,fr,"short,vlog,viral,thrill,trending,fun,indie,scary,cinematic",1
T-Series Exclusive - Video #23,T-Series,Action,83,2026-01-09T14:16:00Z,ja,short,1
My Creative Vlog #6,Creator_89,Sci-Fi,66,2026-06-07T04:50:00Z,hi,"trending,cinematic,thrill",0
My Creative Vlog #5,Creator_38,Horror,132,2026-06-23T03:08:00Z,ko,,0
My Creative Vlog #7,Creator_98,Romance,37,2026-05-28T20:17:00Z,ko,"short,viral,vlog,scary,thrill,fun",1
My Creative Vlog #6,Creator_63,Thriller,144,2026-01-24T23:29:00Z,ja,vlog,1
MrBeast Exclusive - Video #53,MrBeast,Drama,145,2026-05-05T10:57:00Z,en,,1
My Creative Vlog #8,Creator_57,Thriller,99,2026-02-21T22:58:00Z,en,"thrill,fun,bts,trending,cinematic,vlog,short,indie,viral,scary",1
My Creative Vlog #2,Creator_12,Thriller,72,2026-05-03T02:08:00Z,hi,"short,trending,vlog,cinematic,fun,bts,scary,indie",0
MrBeast Exclusive - Video #57,MrBeast,Horror,36,2026-04-08T04:41:00Z,en,vlog,1
MrBeast Exclusive - Video #37,MrBeast,Drama,106,2026-06-07T21:28:00Z,hi,viral,1
My Creative Vlog #7,Creator_45,Documentary,36,2026-03-05T08:41:00Z,en,"vlog,thrill,trending",1
Marvel Entertainment Exclusive - Video #87,Marvel Entertainment,Action,140,2026-04-11T09:41:00Z,en,"scary,short,indie,trending,viral,bts,vlog,fun,thrill,cinematic",1
My Creative Vlog #3,Creator_88,Romance,19,2026-01-05T18:04:00Z,en,"scary,trending,vlog,indie",0
My Creative Vlog #7,Creator_99,Sci-Fi,134,2026-04-13T02:40:00Z,en,"viral,thrill,bts,vlog",0
My Creative Vlog #2,Creator_98,Horror,179,2026-04-22T23:54:00Z,hi,,0
A24 Exclusive - Video #94,A24,Drama,31,2026-01-04T22:08:00Z,en,"short,cinematic",1
My Creative Vlog #6,Creator_22,Drama,69,2026-01-31T00:21:00Z,ko,"vlog,viral,thrill,cinematic",0
Marvel Entertainment Exclusive - Video #31,Marvel Entertainment,Documentary,41,2026-03-07T03:57:00Z,en,"vlog,trending,bts",1
My Creative Vlog #1,Creator_23,Sci-Fi,73,2026-03-24T07:26:00Z,ja,"viral,cinematic,bts,thrill",0
Marvel Entertainment Exclusive - Video #15,Marvel Entertainment,Sci-Fi,53,2026-04-30T09:49:00Z,es,"viral,vlog,short,trending,fun",1
Marvel Entertainment Exclusive - Video #41,Marvel Entertainment,Romance,95,2026-06-01T15:49:00Z,hi,"vlog,scary,fun,trending,bts,indie,viral,short,cinematic,thrill",1
My Creative Vlog #4,Creator_14,Action,98,2026-05-06T01:09:00Z,es,trending,0
My Creative Vlog #2,Creator_96,Comedy,21,2026-02-04T20:52:00Z,ko,bts,0
My Creative Vlog #5,Creator_31,Horror,81,2026-04-11T22:53:00Z,ja,"short,thrill,scary,trending,viral",1
MrBeast Exclusive - Video #36,MrBeast,Romance,79,2026-04-29T08:54:00Z,en,fun,1
My Creative Vlog #1,Creator_78,Action,86,2026-02-07T02:45:00Z,hi,"indie,vlog,trending,cinematic,fun",0
My Creative Vlog #9,Creator_96,Action,57,2026-04-29T03:51:00Z,en,trending,0
My Creative Vlog #2,Creator_88,Horror,20,2026-01-06T02:12:00Z,fr,"fun,viral,cinematic,trending,indie,scary,short,thrill,vlog,bts",0
My Creative Vlog #4,Creator_46,Drama,71,2026-03-13T14:56:00Z,en,,0
My Creative Vlog #7,Creator_64,Romance,16,2026-01-23T08:24:00Z,en,"scary,vlog,bts,cinematic,thrill,trending",0
My Creative Vlog #9,Creator_73,Documentary,100,2026-03-11T05:01:00Z,ja,"scary,trending,thrill,vlog,bts,short,fun,cinematic,indie",0
My Creative Vlog #1,Creator_95,Action,118,2026-04-10T11:59:00Z,en,"scary,cinematic",1
My Creative Vlog #6,Creator_4,Drama,145,2026-02-18T15:34:00Z,es,"short,trending",0
Marvel Entertainment Exclusive - Video #71,Marvel Entertainment,Thriller,87,2026-06-07T06:51:00Z,en,"fun,cinematic,trending,short,viral",1
My Creative Vlog #6,Creator_68,Comedy,16,2026-06-30T21:25:00Z,en,"thrill,cinematic,fun,viral,vlog",1
My Creative Vlog #7,Creator_23,Horror,177,2026-03-17T04:11:00Z,en,"bts,indie,trending,viral,thrill,fun,vlog,cinematic,short,scary",1
My Creative Vlog #4,Creator_34,Action,133,2026-01-18T11:16:00Z,en,"trending,bts,indie,scary,cinematic,short,viral,thrill,fun,vlog",0
My Creative Vlog #4,Creator_74,Drama,116,2026-01-19T01:18:00Z,en,"thrill,viral,vlog,fun,short",1
Netflix Exclusive - Video #53,Netflix,Romance,8,2026-04-21T20:10:00Z,ko,"trending,viral",1
My Creative Vlog #5,Creator_70,Horror,77,2026-03-02T03:03:00Z,ko,"vlog,short,fun,trending,bts,indie,scary,thrill,viral",1
My Creative Vlog #1,Creator_13,Action,66,2026-06-13T09:05:00Z,fr,thrill,0
My Creative Vlog #2,Creator_34,Sci-Fi,68,2026-04-05T12:23:00Z,en,"trending,thrill,short,scary,fun,viral,cinematic",0
My Creative Vlog #2,Creator_13,Documentary,139,2026-04-16T18:14:00Z,en,"vlog,indie,short,thrill,viral,scary",0
My Creative Vlog #9,Creator_5,Drama,31,2026-04-25T05:10:00Z,hi,"scary,fun,trending,bts,short,indie,viral,vlog,cinematic,thrill",0
My Creative Vlog #7,Creator_12,Sci-Fi,115,2026-03-25T08:33:00Z,fr,,1
My Creative Vlog #2,Creator_54,Sci-Fi,64,2026-02-07T18:37:00Z,en,bts,1
My Creative Vlog #7,Creator_45,Horror,99,2026-06-17T15:36:00Z,fr,,0
My Creative Vlog #7,Creator_88,Thriller,95,2026-03-26T22:15:00Z,en,"short,thrill,cinematic,trending,fun,bts,vlog,viral,scary,indie",0
My Creative Vlog #5,Creator_42,Sci-Fi,122,2026-06-15T02:12:00Z,fr,"indie,short,cinematic",0
MrBeast Exclusive - Video #74,MrBeast,Sci-Fi,62,2026-05-15T18:01:00Z,en,"scary,trending,bts",1
My Creative Vlog #9,Creator_60,Sci-Fi,126,2026-02-01T21:01:00Z,hi,"short,bts,fun,indie,scary",1
MrBeast Exclusive - Video #98,MrBeast,Comedy,14,2026-01-08T12:03:00Z,en,"scary,bts,vlog,cinematic,viral,fun,short,thrill,trending",1
Warner Bros. Exclusive - Video #86,Warner Bros.,Thriller,73,2026-03-06T19:51:00Z,es,"thrill,indie,vlog,short,fun,scary,cinematic,trending,viral,bts",1
My Creative Vlog #1,Creator_14,Documentary,144,2026-06-15T19:38:00Z,es,"viral,short,bts,fun",1
My Creative Vlog #5,Creator_84,Action,64,2026-05-13T07:57:00Z,en,"bts,indie,cinematic,short,viral,trending,scary,vlog,fun,thrill",0
My Creative Vlog #4,Creator_74,Documentary,57,2026-06-25T17:40:00Z,fr,"cinematic,vlog,thrill,indie,viral,short,bts,scary,trending,fun",0
My Creative Vlog #3,Creator_98,Documentary,168,2026-01-23T07:22:00Z,hi,"thrill,indie,cinematic,fun,vlog,bts,short,viral,trending,scary",0
My Creative Vlog #9,Creator_25,Comedy,26,2026-04-08T16:19:00Z,ko,,0
My Creative Vlog #7,Creator_44,Romance,37,2026-03-22T22:11:00Z,en,"cinematic,fun,bts,short,trending,indie,scary",0
Warner Bros. Exclusive - Video #72,Warner Bros.,Comedy,9,2026-06-07T13:40:00Z,ko,"indie,short,bts,trending,vlog,thrill",1
MrBeast Exclusive - Video #77,MrBeast,Action,47,2026-06-23T00:40:00Z,hi,"cinematic,thrill,fun",1
Netflix Exclusive - Video #15,Netflix,Horror,75,2026-04-27T23:33:00Z,ja,"fun,cinematic,short,bts,viral,vlog",1
My Creative Vlog #4,Creator_17,Thriller,120,2026-05-10T05:07:00Z,ja,"trending,indie,thrill,vlog,short,cinematic,bts,fun,scary,viral",1
My Creative Vlog #8,Creator_54,Sci-Fi,60,2026-05-21T08:30:00Z,en,"trending,thrill,indie",0
Marvel Entertainment Exclusive - Video #99,Marvel Entertainment,Drama,108,2026-01-27T16:46:00Z,en,"viral,bts,short,vlog",1
My Creative Vlog #6,Creator_26,Sci-Fi,82,2026-02-11T01:35:00Z,fr,"short,cinematic,scary",0
Marvel Entertainment Exclusive - Video #19,Marvel Entertainment,Comedy,13,2026-06-14T07:29:00Z,es,"short,trending,viral,indie",1
A24 Exclusive - Video #24,A24,Comedy,29,2026-01-12T00:54:00Z,en,"fun,cinematic,vlog,scary,thrill,bts,trending,viral,short,indie",0
My Creative Vlog #8,Creator_50,Sci-Fi,128,2026-02-12T03:08:00Z,en,"viral,indie",0
My Creative Vlog #3,Creator_57,Sci-Fi,144,2026-04-02T19:01:00Z,en,"short,viral,indie,scary,trending,cinematic,fun",1
My Creative Vlog #10,Creator_93,Action,130,2026-03-28T16:33:00Z,en,"scary,short,cinematic,vlog,indie,bts",1
Warner Bros. Exclusive - Video #74,Warner Bros.,Romance,127,2026-02-12T02:48:00Z,fr,"scary,cinematic,thrill,trending,short",0
My Creative Vlog #2,Creator_31,Romance,114,2026-05-27T14:05:00Z,fr,"cinematic,viral,short,bts,indie,trending,thrill",0
My Creative Vlog #10,Creator_12,Horror,131,2026-05-24T06:41:00Z,fr,"cinematic,trending,scary,indie,short",0
My Creative Vlog #6,Creator_92,Romance,30,2026-01-25T21:14:00Z,en,"cinematic,thrill,bts,short,trending",0
My Creative Vlog #5,Creator_14,Action,69,2026-01-31T12:13:00Z,fr,"scary,cinematic,viral,indie,bts,trending,thrill,short,fun,vlog",0
My Creative Vlog #8,Creator_75,Drama,178,2026-05-29T05:46:00Z,en,indie,0
T-Series Exclusive - Video #63,T-Series,Action,80,2026-04-12T10:18:00Z,fr,"fun,bts,indie,thrill,cinematic,short,vlog,scary,viral,trending",0
MrBeast Exclusive - Video #96,MrBeast,Drama,167,2026-02-15T16:34:00Z,ja,"viral,cinematic,short,thrill,indie,scary,fun,bts,trending,vlog",1
My Creative Vlog #5,Creator_21,Horror,38,2026-01-16T22:50:00Z,es,"vlog,trending,cinematic",1
My Creative Vlog #9,Creator_95,Action,140,2026-06-15T17:24:00Z,hi,"thrill,trending,indie,scary,short,fun,vlog,cinematic",1
My Creative Vlog #4,Creator_57,Documentary,151,2026-05-20T23:38:00Z,hi,"scary,thrill,short,viral,cinematic,trending,indie,vlog,fun,bts",0
Warner Bros. Exclusive - Video #84,Warner Bros.,Horror,2,2026-03-26T14:45:00Z,en,,1
A24 Exclusive - Video #88,A24,Horror,126,2026-05-27T17:22:00Z,en,"cinematic,vlog,scary,viral,thrill,trending,indie,short,fun,bts",1
My Creative Vlog #6,Creator_43,Horror,56,2026-06-08T16:30:00Z,en,cinematic,0
My Creative Vlog #4,Creator_80,Thriller,132,2026-03-24T12:58:00Z,en,"thrill,vlog,bts,trending,short,fun",0
My Creative Vlog #4,Creator_38,Documentary,132,2026-01-22T03:10:00Z,en,"viral,scary,vlog,indie,cinematic,short,trending,thrill,bts,fun",0
My Creative Vlog #1,Creator_43,Comedy,7,2026-01-14T05:50:00Z,es,"viral,scary,thrill,vlog,indie,cinematic,short,bts",0
Netflix Exclusive - Video #92,Netflix,Comedy,29,2026-05-30T01:44:00Z,en,"vlog,viral,thrill,indie,cinematic",1
My Creative Vlog #7,Creator_57,Sci-Fi,150,2026-06-19T00:30:00Z,en,"scary,fun,indie,short,thrill,vlog,viral,bts",1
My Creative Vlog #9,Creator_2,Drama,32,2026-01-11T00:36:00Z,ko,"vlog,viral,thrill,bts,cinematic,fun,indie,scary",0
My Creative Vlog #4,Creator_33,Comedy,10,2026-06-21T18:54:00Z,en,"vlog,short,viral,fun,cinematic,trending,indie,thrill,scary,bts",1
My Creative Vlog #2,Creator_31,Horror,159,2026-01-18T06:20:00Z,fr,"cinematic,thrill,fun,vlog,indie,short,bts",0
My Creative Vlog #7,Creator_83,Horror,93,2026-02-04T21:46:00Z,ja,"short,bts,cinematic,indie,fun,scary,trending",1
My Creative Vlog #9,Creator_18,Action,78,2026-06-10T02:46:00Z,en,,0
My Creative Vlog #7,Creator_75,Action,49,2026-05-22T08:34:00Z,fr,"fun,cinematic,indie,viral,thrill,bts,short,scary,trending,vlog",0
Marvel Entertainment Exclusive - Video #82,Marvel Entertainment,Drama,124,2026-04-02T01:14:00Z,fr,"viral,thrill,cinematic",1
My Creative Vlog #7,Creator_47,Romance,117,2026-01-12T01:41:00Z,ja,vlog,0
My Creative Vlog #9,Creator_75,Drama,97,2026-06-17T12:23:00Z,en,"thrill,indie,scary,bts,short,fun,vlog,viral",0
My Creative Vlog #4,Creator_36,Drama,48,2026-02-10T11:38:00Z,en,"scary,indie,cinematic,short,trending,bts,thrill,viral,vlog,fun",0
Warner Bros. Exclusive - Video #83,Warner Bros.,Drama,35,2026-06-11T16:02:00Z,en,,1
My Creative Vlog #1,Creator_82,Horror,22,2026-02-25T14:38:00Z,fr,"fun,scary,indie,thrill,viral,short,cinematic",1
A24 Exclusive - Video #53,A24,Romance,153,2026-06-01T02:14:00Z,ko,"fun,viral,trending,vlog,thrill,cinematic",1
My Creative Vlog #8,Creator_23,Thriller,145,2026-05-17T16:48:00Z,en,short,1
My Creative Vlog #7,Creator_1,Sci-Fi,92,2026-01-12T22:33:00Z,ko,"short,indie,cinematic",1
My Creative Vlog #10,Creator_90,Comedy,18,2026-02-04T08:30:00Z,hi,thrill,0
Netflix Exclusive - Video #10,Netflix,Comedy,21,2026-01-02T12:41:00Z,hi,"cinematic,indie,bts,trending,viral,scary,fun,short,thrill,vlog",1
My Creative Vlog #8,Creator_72,Drama,95,2026-05-24T17:30:00Z,es,"bts,cinematic,indie,vlog",1
My Creative Vlog #2,Creator_21,Action,110,2026-04-13T10:51:00Z,en,"indie,trending",0
MrBeast Exclusive - Video #38,MrBeast,Documentary,21,2026-06-05T01:46:00Z,ko,"bts,vlog,thrill,cinematic,short,trending",1
A24 Exclusive - Video #76,A24,Horror,50,2026-01-09T19:32:00Z,hi,"fun,trending,cinematic,viral,short,vlog,indie,thrill,scary",1
My Creative Vlog #4,Creator_76,Thriller,139,2026-06-30T02:58:00Z,en,"thrill,vlog,cinematic,fun,indie,viral,bts,scary",1
T-Series Exclusive - Video #74,T-Series,Comedy,22,2026-01-19T16:18:00Z,ja,vlog,1
My Creative Vlog #10,Creator_49,Romance,63,2026-03-28T14:43:00Z,fr,"trending,short,viral,fun,bts,scary,vlog,indie,cinematic",0
My Creative Vlog #1,Creator_69,Horror,64,2026-03-15T02:25:00Z,ja,vlog,1
My Creative Vlog #5,Creator_74,Drama,175,2026-02-18T15:47:00Z,hi,"scary,thrill,bts",0
My Creative Vlog #2,Creator_16,Romance,158,2026-01-02T17:02:00Z,fr,"bts,cinematic,short,thrill,fun",0
My Creative Vlog #7,Creator_36,Action,141,2026-05-28T04:03:00Z,ko,"vlog,trending,cinematic,scary,short,viral,indie",0
Warner Bros. Exclusive - Video #58,Warner Bros.,Comedy,15,2026-04-03T19:55:00Z,es,"vlog,thrill",1
My Creative Vlog #3,Creator_47,Romance,109,2026-02-23T13:44:00Z,ja,"indie,thrill,short,viral,vlog",0
Netflix Exclusive - Video #44,Netflix,Action,116,2026-04-21T12:12:00Z,en,"fun,short,trending,viral,scary,cinematic,indie,bts,thrill,vlog",1
My Creative Vlog #2,Creator_51,Drama,16,2026-02-25T08:30:00Z,en,"cinematic,thrill,bts,fun,vlog,short,indie",0
My Creative Vlog #10,Creator_87,Action,118,2026-05-28T20:41:00Z,en,"thrill,cinematic,vlog,short,bts,scary,indie,trending,viral,fun",0
My Creative Vlog #6,Creator_82,Sci-Fi,125,2026-06-06T18:25:00Z,en,fun,0
My Creative Vlog #5,Creator_91,Sci-Fi,79,2026-04-24T11:47:00Z,fr,"fun,bts,trending,viral,cinematic,indie",0
Netflix Exclusive - Video #22,Netflix,Comedy,20,2026-05-21T01:01:00Z,ko,"viral,bts,thrill,short,vlog,trending,scary,cinematic",1
My Creative Vlog #3,Creator_17,Drama,8,2026-01-09T21:22:00Z,ja,"short,vlog,thrill,bts,scary,viral,indie",1
My Creative Vlog #7,Creator_73,Horror,89,2026-05-04T17:14:00Z,en,"thrill,cinematic,indie,fun,viral,short,trending",1
My Creative Vlog #8,Creator_2,Romance,77,2026-01-03T13:51:00Z,es,"scary,trending,cinematic,viral,bts,thrill,short,indie,vlog",0
My Creative Vlog #4,Creator_49,Horror,21,2026-04-19T20:15:00Z,es,"vlog,thrill,indie,viral",1
A24 Exclusive - Video #68,A24,Romance,70,2026-06-29T19:31:00Z,hi,"trending,fun,bts,thrill,short",1
A24 Exclusive - Video #66,A24,Thriller,74,2026-01-24T04:00:00Z,fr,"cinematic,indie,thrill",1
My Creative Vlog #1,Creator_90,Documentary,21,2026-02-07T01:17:00Z,ko,vlog,0
My Creative Vlog #1,Creator_49,Comedy,29,2026-03-05T12:49:00Z,fr,"trending,scary,short",0
My Creative Vlog #8,Creator_27,Sci-Fi,132,2026-03-21T10:10:00Z,en,"vlog,bts,viral,fun,scary,indie,short,cinematic,trending,thrill",0
My Creative Vlog #2,Creator_75,Sci-Fi,146,2026-03-04T00:02:00Z,fr,"bts,fun,cinematic,indie,trending,viral,thrill,scary,short,vlog",0
My Creative Vlog #9,Creator_90,Comedy,9,2026-05-05T07:20:00Z,ja,"short,scary,trending,cinematic,vlog,fun,viral,indie,bts,thrill",0
My Creative Vlog #4,Creator_63,Drama,140,2026-03-31T10:46:00Z,fr,"bts,vlog,fun,trending",0
My Creative Vlog #6,Creator_70,Romance,1,2026-06-13T16:24:00Z,en,,0
My Creative Vlog #2,Creator_42,Sci-Fi,69,2026-05-15T21:31:00Z,en,"thrill,cinematic,indie,vlog,fun,trending,bts,short,scary",0
A24 Exclusive - Video #59,A24,Romance,135,2026-06-09T22:37:00Z,es,,1
Warner Bros. Exclusive - Video #93,Warner Bros.,Romance,21,2026-04-30T20:03:00Z,ja,"indie,cinematic,trending,bts,thrill,fun,short,vlog",1
My Creative Vlog #2,Creator_67,Comedy,28,2026-03-01T17:24:00Z,hi,"vlog,scary,fun",1
My Creative Vlog #10,Creator_99,Documentary,173,2026-04-28T22:42:00Z,ko,fun,1
My Creative Vlog #3,Creator_85,Romance,91,2026-03-22T17:20:00Z,ja,"indie,cinematic,scary,thrill,bts,viral",1
My Creative Vlog #8,Creator_47,Romance,102,2026-01-01T23:02:00Z,es,"trending,vlog,fun,short,bts,indie,viral,cinematic,scary",0
My Creative Vlog #10,Creator_72,Drama,25,2026-01-10T14:22:00Z,en,"thrill,cinematic",0
MrBeast Exclusive - Video #21,MrBeast,Sci-Fi,117,2026-02-25T23:04:00Z,ja,"short,fun,bts,indie,cinematic,thrill,trending,vlog,viral,scary",1
Netflix Exclusive - Video #52,Netflix,Documentary,112,2026-04-17T03:55:00Z,hi,"bts,trending,indie,vlog,fun,thrill,short,viral,scary,cinematic",1
A24 Exclusive - Video #60,A24,Romance,153,2026-05-28T16:05:00Z,hi,"thrill,indie,fun,viral,short,trending",1
My Creative Vlog #2,Creator_34,Sci-Fi,109,2026-04-22T22:08:00Z,en,"vlog,scary,short,bts,cinematic,thrill,viral",1
T-Series Exclusive - Video #51,T-Series,Comedy,8,2026-06-21T13:27:00Z,ja,"scary,cinematic,vlog,thrill,short",1
My Creative Vlog #8,Creator_79,Drama,113,2026-01-12T07:12:00Z,ja,"viral,bts",0
My Creative Vlog #5,Creator_19,Thriller,88,2026-06-27T03:19:00Z,fr,"trending,cinematic,scary,vlog,thrill,viral,indie",1
My Creative Vlog #3,Creator_80,Thriller,93,2026-05-30T21:33:00Z,en,"fun,trending,thrill,viral",1
A24 Exclusive - Video #11,A24,Comedy,17,2026-06-19T08:42:00Z,ja,trending,1
My Creative Vlog #10,Creator_63,Comedy,10,2026-02-20T16:29:00Z,en,,0
T-Series Exclusive - Video #30,T-Series,Thriller,89,2026-06-25T11:22:00Z,es,"vlog,thrill,trending",1
My Creative Vlog #9,Creator_4,Horror,58,2026-02-08T10:57:00Z,ko,"fun,viral,indie,thrill,cinematic,short,vlog,scary,trending,bts",0
My Creative Vlog #9,Creator_58,Drama,53,2026-06-17T04:37:00Z,hi,"thrill,vlog",0
My Creative Vlog #3,Creator_99,Drama,82,2026-01-18T17:34:00Z,en,"cinematic,fun",1
My Creative Vlog #7,Creator_53,Horror,114,2026-06-13T23:17:00Z,en,"scary,viral,fun,vlog,trending,thrill,short,bts,cinematic,indie",1
T-Series Exclusive - Video #72,T-Series,Romance,36,2026-02-11T06:14:00Z,en,"trending,thrill,indie,viral,cinematic,short",1
My Creative Vlog #10,Creator_57,Romance,177,2026-03-25T14:56:00Z,hi,"indie,trending,bts,cinematic,fun,scary",0
My Creative Vlog #1,Creator_68,Comedy,19,2026-04-27T01:56:00Z,hi,"vlog,indie,trending,thrill,scary,bts,short,cinematic",0
MrBeast Exclusive - Video #69,MrBeast,Drama,109,2026-03-17T19:58:00Z,en,"vlog,fun,short,indie,cinematic,scary,trending,bts,thrill,viral",1
My Creative Vlog #1,Creator_58,Drama,117,2026-06-01T22:57:00Z,hi,"viral,thrill,cinematic,short,indie,bts,trending",1
My Creative Vlog #9,Creator_94,Drama,97,2026-05-21T12:02:00Z,en,"bts,fun,vlog,indie,viral",0
My Creative Vlog #8,Creator_40,Horror,161,2026-02-16T03:57:00Z,en,"trending,thrill,bts",0
My Creative Vlog #10,Creator_1,Romance,61,2026-02-25T18:42:00Z,fr,"indie,short,viral,thrill,bts,trending,vlog",1
My Creative Vlog #1,Creator_27,Drama,38,2026-01-15T20:22:00Z,en,"trending,thrill",0
Warner Bros. Exclusive - Video #30,Warner Bros.,Horror,157,2026-06-19T22:44:00Z,en,"bts,cinematic,trending,short,fun,vlog,thrill",1
MrBeast Exclusive - Video #52,MrBeast,Sci-Fi,112,2026-02-23T22:13:00Z,en,bts,1
My Creative Vlog #10,Creator_62,Horror,110,2026-06-05T10:16:00Z,ja,"bts,short",1
My Creative Vlog #10,Creator_24,Action,135,2026-03-16T06:00:00Z,en,,0
My Creative Vlog #10,Creator_27,Sci-Fi,97,2026-01-12T10:22:00Z,hi,,0
Netflix Exclusive - Video #49,Netflix,Horror,130,2026-05-21T10:49:00Z,en,cinematic,1
My Creative Vlog #3,Creator_4,Action,87,2026-03-28T21:30:00Z,fr,"trending,fun,short,viral,cinematic,scary,vlog,indie,thrill,bts",1
My Creative Vlog #9,Creator_41,Thriller,71,2026-05-28T21:21:00Z,ja,fun,1
My Creative Vlog #2,Creator_77,Horror,81,2026-01-09T08:26:00Z,en,"scary,cinematic,short,indie,fun,viral,vlog",0
Warner Bros. Exclusive - Video #21,Warner Bros.,Romance,130,2026-01-07T15:57:00Z,en,"cinematic,short,thrill",1
My Creative Vlog #3,Creator_67,Action,137,2026-01-10T14:24:00Z,en,,0
My Creative Vlog #6,Creator_12,Romance,12,2026-01-27T16:49:00Z,es,,0
My Creative Vlog #4,Creator_42,Action,81,2026-03-12T17:20:00Z,fr,"viral,thrill,fun,bts,short,trending,vlog,cinematic,scary,indie",0
A24 Exclusive - Video #46,A24,Action,66,2026-01-19T09:39:00Z,ja,"short,trending,fun,vlog,scary,indie,thrill,viral",0
Marvel Entertainment Exclusive - Video #85,Marvel Entertainment,Romance,158,2026-04-02T09:21:00Z,hi,"vlog,viral,short,thrill,bts,trending,scary,indie,cinematic,fun",1
My Creative Vlog #4,Creator_30,Drama,158,2026-03-08T11:25:00Z,en,"cinematic,bts,short,scary,trending,vlog,indie,thrill,viral,fun",0
My Creative Vlog #10,Creator_78,Drama,131,2026-01-27T12:52:00Z,en,"vlog,viral,thrill,short,scary",0
My Creative Vlog #3,Creator_71,Romance,99,2026-01-17T10:13:00Z,ko,"indie,cinematic,scary,viral,vlog,trending,short,thrill,bts,fun",0
T-Series Exclusive - Video #18,T-Series,Comedy,26,2026-06-02T12:20:00Z,fr,"trending,viral,scary,indie,vlog,thrill,bts,short,fun,cinematic",1
My Creative Vlog #4,Creator_26,Documentary,77,2026-05-26T21:19:00Z,ko,"cinematic,viral,trending,thrill,indie,scary,vlog,bts,short,fun",0
My Creative Vlog #7,Creator_92,Sci-Fi,93,2026-04-22T17:13:00Z,en,"fun,scary,indie,short,bts,vlog,viral",0
Netflix Exclusive - Video #19,Netflix,Thriller,63,2026-05-05T21:27:00Z,en,fun,1
My Creative Vlog #10,Creator_90,Sci-Fi,124,2026-02-16T14:32:00Z,ko,"short,indie,cinematic,viral,vlog,scary,trending,fun",0
My Creative Vlog #7,Creator_35,Documentary,9,2026-01-10T18:30:00Z,ja,bts,1
A24 Exclusive - Video #77,A24,Horror,120,2026-05-13T02:33:00Z,en,"short,viral,thrill",1
My Creative Vlog #8,Creator_2,Romance,132,2026-05-01T18:46:00Z,ja,"cinematic,thrill,vlog,viral,trending,short",1
My Creative Vlog #8,Creator_8,Drama,147,2026-01-14T21:18:00Z,en,"short,viral,fun,thrill",0
MrBeast Exclusive - Video #11,MrBeast,Comedy,24,2026-02-14T18:47:00Z,en,"short,cinematic,fun,bts,vlog,viral,scary,trending,indie,thrill",1
My Creative Vlog #7,Creator_97,Sci-Fi,75,2026-06-19T14:46:00Z,en,"bts,cinematic,trending",0
Warner Bros. Exclusive - Video #69,Warner Bros.,Sci-Fi,105,2026-03-19T15:47:00Z,hi,"indie,short,thrill,viral,vlog,scary",1
My Creative Vlog #1,Creator_88,Comedy,22,2026-06-13T11:54:00Z,ko,"thrill,cinematic,bts,fun,trending,indie,scary,viral,vlog",0
MrBeast Exclusive - Video #96,MrBeast,Drama,81,2026-05-21T00:43:00Z,en,trending,1
My Creative Vlog #4,Creator_45,Horror,65,2026-02-19T01:01:00Z,en,,1
Marvel Entertainment Exclusive - Video #26,Marvel Entertainment,Sci-Fi,129,2026-06-15T18:51:00Z,en,fun,1
My Creative Vlog #8,Creator_82,Horror,110,2026-06-27T21:49:00Z,ja,"fun,viral,thrill,indie",1
My Creative Vlog #5,Creator_34,Drama,113,2026-01-18T15:59:00Z,hi,"indie,fun,short,trending,viral,thrill,scary,bts,vlog",0
My Creative Vlog #3,Creator_64,Thriller,49,2026-06-20T12:17:00Z,en,"cinematic,indie,trending,thrill,bts,scary,vlog,viral,fun,short",1
My Creative Vlog #2,Creator_62,Documentary,86,2026-06-24T09:25:00Z,en,"viral,cinematic,vlog,trending,scary,fun,bts,indie,thrill,short",0
My Creative Vlog #6,Creator_14,Romance,22,2026-06-11T14:47:00Z,hi,"trending,scary",0
My Creative Vlog #5,Creator_83,Romance,137,2026-04-26T00:02:00Z,ja,,0
My Creative Vlog #9,Creator_28,Romance,174,2026-05-18T04:47:00Z,hi,trending,0
Marvel Entertainment Exclusive - Video #15,Marvel Entertainment,Action,134,2026-06-16T04:00:00Z,en,"trending,thrill,viral,scary,vlog,short,bts,indie,fun,cinematic",1
Warner Bros. Exclusive - Video #64,Warner Bros.,Documentary,174,2026-04-13T10:07:00Z,en,"scary,trending,fun,short,vlog",1
My Creative Vlog #6,Creator_90,Drama,113,2026-03-04T18:02:00Z,en,bts,0
My Creative Vlog #1,Creator_11,Thriller,67,2026-01-23T22:41:00Z,es,"short,fun,scary,viral,cinematic,vlog",1
My Creative Vlog #1,Creator_79,Drama,128,2026-06-06T02:40:00Z,es,"indie,trending,scary,viral,vlog",1
My Creative Vlog #4,Creator_65,Romance,161,2026-06-18T06:17:00Z,en,"viral,fun,short",0
My Creative Vlog #6,Creator_7,Horror,54,2026-04-22T08:21:00Z,fr,,0
Marvel Entertainment Exclusive - Video #24,Marvel Entertainment,Comedy,12,2026-04-24T18:37:00Z,ja,"scary,cinematic,bts,indie,trending,fun",1
My Creative Vlog #7,Creator_26,Action,54,2026-05-01T18:31:00Z,en,"fun,scary,short,viral,vlog,bts",0
My Creative Vlog #4,Creator_35,Documentary,33,2026-01-09T22:36:00Z,en,"fun,viral,short,scary",0
MrBeast Exclusive - Video #87,MrBeast,Drama,164,2026-06-06T05:36:00Z,hi,indie,1
My Creative Vlog #8,Creator_76,Romance,72,2026-01-04T23:27:00Z,hi,"cinematic,indie,scary",1
Marvel Entertainment Exclusive - Video #10,Marvel Entertainment,Sci-Fi,50,2026-01-11T15:46:00Z,en,"vlog,indie,short,bts,cinematic,trending",1
My Creative Vlog #7,Creator_2,Action,61,2026-04-02T09:15:00Z,en,,0
My Creative Vlog #10,Creator_74,Thriller,103,2026-04-29T04:55:00Z,ko,"cinematic,short",1
My Creative Vlog #1,Creator_68,Horror,110,2026-03-11T22:39:00Z,hi,"viral,cinematic,trending,thrill,vlog,fun,short,scary,bts,indie",1
My Creative Vlog #9,Creator_83,Comedy,22,2026-02-22T04:21:00Z,hi,"viral,short,scary,indie,cinematic,bts,fun,thrill",1
My Creative Vlog #2,Creator_7,Documentary,89,2026-04-26T15:32:00Z,en,"vlog,bts,thrill,scary,short,fun,trending",0
Netflix Exclusive - Video #23,Netflix,Drama,71,2026-01-29T22:09:00Z,fr,"scary,vlog",1
My Creative Vlog #6,Creator_61,Sci-Fi,101,2026-06-15T00:18:00Z,hi,trending,0
My Creative Vlog #6,Creator_83,Sci-Fi,119,2026-03-29T20:41:00Z,ja,"bts,vlog,short,scary,fun,thrill,viral",1
My Creative Vlog #8,Creator_30,Documentary,74,2026-01-13T04:22:00Z,es,"fun,bts,thrill,viral,indie,cinematic,short",0
Warner Bros. Exclusive - Video #36,Warner Bros.,Thriller,130,2026-03-23T11:09:00Z,ja,"vlog,fun,thrill,trending,indie,scary,short",1
My Creative Vlog #5,Creator_83,Romance,75,2026-05-27T21:09:00Z,fr,"viral,short,trending,bts,cinematic",0
My Creative Vlog #8,Creator_29,Documentary,24,2026-03-25T01:38:00Z,hi,"vlog,scary,thrill,viral,trending,cinematic,bts,fun,short",0
My Creative Vlog #10,Creator_78,Thriller,130,2026-04-03T12:09:00Z,ko,"indie,cinematic,trending,fun,bts",1
My Creative Vlog #5,Creator_57,Drama,109,2026-04-17T04:53:00Z,en,"scary,thrill",0
My Creative Vlog #10,Creator_9,Sci-Fi,56,2026-01-02T13:40:00Z,es,"fun,vlog,short,cinematic,thrill,viral",0
My Creative Vlog #10,Creator_39,Horror,127,2026-05-24T23:29:00Z,hi,,1
A24 Exclusive - Video #91,A24,Romance,32,2026-06-17T21:57:00Z,es,"fun,short,scary,trending,indie,bts",1
My Creative Vlog #10,Creator_47,Romance,145,2026-04-22T08:40:00Z,fr,"viral,cinematic,trending,indie,fun,bts,short,scary,thrill,vlog",0
MrBeast Exclusive - Video #56,MrBeast,Sci-Fi,126,2026-04-02T01:18:00Z,es,"viral,vlog,scary,indie,cinematic,bts,trending,fun",1
My Creative Vlog #5,Creator_88,Horror,176,2026-06-28T22:23:00Z,en,"bts,cinematic,fun,trending,viral,thrill,short,vlog",1
My Creative Vlog #2,Creator_21,Action,64,2026-05-09T07:53:00Z,hi,"vlog,bts,viral,scary,indie,trending,thrill,cinematic,fun,short",0
T-Series Exclusive - Video #86,T-Series,Documentary,45,2026-03-19T00:47:00Z,en,"fun,bts,scary",0
My Creative Vlog #2,Creator_55,Comedy,5,2026-05-04T13:02:00Z,hi,trending,0
Netflix Exclusive - Video #42,Netflix,Thriller,53,2026-03-19T21:00:00Z,en,"viral,scary,vlog,bts,cinematic,fun,trending,short,thrill,indie",1
Marvel Entertainment Exclusive - Video #88,Marvel Entertainment,Action,109,2026-05-26T02:06:00Z,en,"scary,bts,thrill,viral,short,trending,cinematic,vlog",1
A24 Exclusive - Video #23,A24,Drama,91,2026-04-08T13:13:00Z,hi,"viral,cinematic,bts,scary,trending,thrill",1
MrBeast Exclusive - Video #73,MrBeast,Comedy,17,2026-03-14T14:38:00Z,es,"short,scary,indie,fun,vlog,viral,trending,thrill,bts,cinematic",1
My Creative Vlog #2,Creator_87,Comedy,9,2026-04-12T12:44:00Z,en,"fun,viral,cinematic,vlog,bts,indie,scary,trending,short,thrill",1
My Creative Vlog #10,Creator_75,Horror,165,2026-04-13T11:30:00Z,ko,"vlog,thrill,fun,indie,scary,trending,bts",0
My Creative Vlog #1,Creator_18,Comedy,28,2026-01-14T02:31:00Z,en,"indie,cinematic",0
Netflix Exclusive - Video #94,Netflix,Romance,120,2026-02-21T09:42:00Z,fr,"vlog,thrill,cinematic,indie,bts,short,trending",1
My Creative Vlog #7,Creator_41,Romance,118,2026-01-10T01:11:00Z,es,"fun,short,indie,viral,bts,scary,thrill,trending,vlog,cinematic",0
My Creative Vlog #5,Creator_51,Romance,152,2026-04-07T19:43:00Z,ja,"thrill,cinematic,trending,short,bts,indie,viral,scary,fun,vlog",1
My Creative Vlog #6,Creator_55,Documentary,106,2026-03-31T01:42:00Z,hi,"scary,thrill,viral",0
MrBeast Exclusive - Video #14,MrBeast,Romance,169,2026-04-19T18:32:00Z,ko,"trending,short,bts,fun",1
My Creative Vlog #2,Creator_63,Action,88,2026-05-08T16:51:00Z,ja,"bts,thrill",0
My Creative Vlog #9,Creator_10,Action,81,2026-03-09T01:19:00Z,ko,"scary,viral,vlog,thrill,fun,cinematic,trending,indie,short,bts",0
My Creative Vlog #9,Creator_39,Horror,111,2026-06-19T17:20:00Z,hi,"indie,thrill,short,cinematic,vlog,viral",1
My Creative Vlog #10,Creator_24,Romance,55,2026-06-19T23:29:00Z,es,"vlog,indie,trending,thrill,viral,fun,scary,short,bts,cinematic",1
My Creative Vlog #6,Creator_53,Comedy,25,2026-02-22T13:17:00Z,es,"fun,thrill,scary,short,viral,trending,cinematic,vlog,bts,indie",0
My Creative Vlog #7,Creator_56,Thriller,70,2026-02-10T08:08:00Z,en,"thrill,vlog,fun,cinematic",0
My Creative Vlog #6,Creator_11,Horror,17,2026-04-15T11:42:00Z,en,"fun,scary,viral,thrill,cinematic,indie",1
My Creative Vlog #5,Creator_68,Romance,24,2026-03-02T19:07:00Z,ja,"bts,indie,scary,short,viral",0
My Creative Vlog #7,Creator_57,Horror,151,2026-01-15T15:34:00Z,ja,"viral,cinematic,indie,scary,vlog,bts,fun,trending,thrill,short",1
Marvel Entertainment Exclusive - Video #14,Marvel Entertainment,Thriller,133,2026-06-21T07:16:00Z,ko,"cinematic,viral,scary,indie",1
My Creative Vlog #5,Creator_33,Comedy,29,2026-03-02T09:13:00Z,en,"cinematic,indie,trending,fun,short,scary,thrill",0
My Creative Vlog #3,Creator_13,Horror,130,2026-01-17T11:26:00Z,ja,"trending,bts,fun,cinematic,scary,viral,vlog",1
Netflix Exclusive - Video #24,Netflix,Drama,64,2026-05-13T22:49:00Z,en,"indie,cinematic,short,scary,vlog,viral,fun,trending,thrill",1
My Creative Vlog #7,Creator_24,Sci-Fi,118,2026-02-27T00:01:00Z,hi,short,0
T-Series Exclusive - Video #89,T-Series,Sci-Fi,121,2026-03-08T04:05:00Z,ja,"bts,viral",1
Warner Bros. Exclusive - Video #34,Warner Bros.,Horror,74,2026-05-07T12:08:00Z,ko,"bts,scary,thrill",1
Warner Bros. Exclusive - Video #13,Warner Bros.,Horror,68,2026-03-02T19:28:00Z,hi,"bts,short,viral,trending,scary",1
My Creative Vlog #4,Creator_88,Sci-Fi,135,2026-04-19T23:38:00Z,es,viral,0
My Creative Vlog #6,Creator_61,Thriller,45,2026-03-06T16:39:00Z,ko,"indie,cinematic,fun,thrill",0
T-Series Exclusive - Video #26,T-Series,Comedy,15,2026-05-16T13:09:00Z,es,cinematic,1
MrBeast Exclusive - Video #65,MrBeast,Drama,81,2026-05-06T04:35:00Z,fr,,1
T-Series Exclusive - Video #65,T-Series,Comedy,20,2026-01-11T14:22:00Z,fr,"short,viral,fun,trending,bts,indie,vlog",1
Marvel Entertainment Exclusive - Video #44,Marvel Entertainment,Action,119,2026-01-02T16:49:00Z,en,"viral,scary,short,cinematic,trending,fun",1
My Creative Vlog #6,Creator_14,Drama,8,2026-01-21T14:53:00Z,fr,"thrill,trending,cinematic,vlog,short,bts,scary",0
My Creative Vlog #3,Creator_73,Action,51,2026-06-14T09:20:00Z,en,"viral,vlog,indie,trending,scary,fun,bts,short,cinematic,thrill",0
My Creative Vlog #3,Creator_84,Comedy,14,2026-05-06T13:47:00Z,es,"bts,fun,cinematic,short,trending,vlog,viral,scary,thrill,indie",0
My Creative Vlog #7,Creator_97,Documentary,158,2026-02-17T13:40:00Z,ko,trending,0
My Creative Vlog #3,Creator_83,Romance,135,2026-06-11T20:33:00Z,en,"short,indie,viral,vlog",0
MrBeast Exclusive - Video #41,MrBeast,Sci-Fi,82,2026-05-26T01:35:00Z,en,,1
My Creative Vlog #10,Creator_60,Horror,91,2026-03-07T18:05:00Z,en,short,1
My Creative Vlog #7,Creator_11,Horror,81,2026-05-31T23:29:00Z,fr,"thrill,cinematic,fun,viral,indie,trending,short,scary,bts",0
My Creative Vlog #3,Creator_2,Romance,118,2026-06-27T12:55:00Z,fr,"bts,cinematic,indie,short",0
Netflix Exclusive - Video #12,Netflix,Action,48,2026-02-23T15:41:00Z,en,"scary,indie,bts,trending,fun,short,viral,thrill,cinematic,vlog",1
My Creative Vlog #8,Creator_3,Action,70,2026-03-17T18:53:00Z,ko,,0
My Creative Vlog #7,Creator_56,Romance,149,2026-06-02T23:35:00Z,es,,0
My Creative Vlog #8,Creator_79,Action,136,2026-01-16T16:01:00Z,ko,"cinematic,vlog,viral,fun,bts,scary,thrill,trending,short",0
My Creative Vlog #1,Creator_56,Drama,74,2026-02-19T15:22:00Z,fr,"vlog,scary,cinematic",0
My Creative Vlog #7,Creator_93,Sci-Fi,131,2026-06-17T23:23:00Z,fr,"fun,scary,thrill,cinematic,indie,trending,vlog,short,bts,viral",0
My Creative Vlog #5,Creator_64,Action,71,2026-05-23T01:01:00Z,ja,"cinematic,fun,vlog,indie",1
My Creative Vlog #7,Creator_44,Comedy,24,2026-02-28T03:35:00Z,hi,"thrill,cinematic,vlog,indie,trending,bts,fun",1
Netflix Exclusive - Video #66,Netflix,Romance,29,2026-01-28T19:39:00Z,en,"trending,vlog,viral,short,cinematic,bts,indie,scary",1
My Creative Vlog #8,Creator_65,Comedy,9,2026-06-15T11:21:00Z,en,scary,0
My Creative Vlog #8,Creator_32,Documentary,74,2026-05-10T05:05:00Z,es,"indie,cinematic,scary,viral,thrill",0
My Creative Vlog #7,Creator_53,Romance,133,2026-06-24T11:01:00Z,fr,"trending,vlog",0
My Creative Vlog #1,Creator_74,Horror,108,2026-04-13T21:44:00Z,es,"cinematic,bts,trending,indie,fun,thrill,viral,vlog,scary,short",1
My Creative Vlog #8,Creator_80,Documentary,167,2026-04-14T06:56:00Z,es,trending,0
My Creative Vlog #9,Creator_17,Horror,55,2026-01-24T16:35:00Z,es,"cinematic,fun,trending,short,thrill,bts,vlog,indie",1
My Creative Vlog #2,Creator_65,Thriller,92,2026-03-08T20:32:00Z,ja,trending,1
MrBeast Exclusive - Video #40,MrBeast,Action,89,2026-03-18T09:42:00Z,en,"indie,vlog,scary,trending,fun,thrill,viral,short,cinematic,bts",1
My Creative Vlog #1,Creator_12,Sci-Fi,61,2026-05-02T06:28:00Z,en,"vlog,indie,bts,short,fun",0
My Creative Vlog #8,Creator_89,Sci-Fi,150,2026-02-11T04:32:00Z,en,"short,fun,viral,cinematic,bts,scary,thrill",1
T-Series Exclusive - Video #24,T-Series,Comedy,16,2026-05-27T09:02:00Z,en,cinematic,0
Netflix Exclusive - Video #28,Netflix,Drama,151,2026-04-18T01:59:00Z,es,"scary,fun,short,trending",1
My Creative Vlog #8,Creator_54,Horror,145,2026-04-26T10:50:00Z,ko,"bts,fun,vlog,thrill,cinematic,scary,indie",1
My Creative Vlog #10,Creator_12,Sci-Fi,94,2026-03-01T12:21:00Z,en,"short,thrill,viral,indie,bts,trending,fun,scary,vlog,cinematic",0
My Creative Vlog #10,Creator_7,Action,141,2026-05-02T16:57:00Z,en,vlog,0
My Creative Vlog #8,Creator_75,Comedy,30,2026-05-17T19:20:00Z,ko,"trending,short,bts,fun,scary,viral,cinematic,vlog,thrill",0
My Creative Vlog #3,Creator_70,Horror,37,2026-02-16T08:49:00Z,en,"thrill,indie",0
My Creative Vlog #1,Creator_24,Thriller,83,2026-04-10T03:20:00Z,en,"cinematic,thrill,indie,short,trending,bts",0
My Creative Vlog #9,Creator_64,Sci-Fi,59,2026-03-10T01:20:00Z,fr,"indie,viral,short,trending,scary,vlog,bts,thrill",0
Marvel Entertainment Exclusive - Video #93,Marvel Entertainment,Drama,78,2026-05-26T13:28:00Z,en,"vlog,scary,fun,short,thrill,viral,cinematic,indie,bts,trending",1
T-Series Exclusive - Video #44,T-Series,Horror,175,2026-04-08T11:53:00Z,hi,"vlog,thrill,trending,viral,cinematic,bts,short,indie,scary",1
Marvel Entertainment Exclusive - Video #45,Marvel Entertainment,Sci-Fi,71,2026-06-06T16:51:00Z,ja,"cinematic,thrill,short,fun,viral,indie,vlog,trending,bts,scary",1
My Creative Vlog #9,Creator_53,Romance,101,2026-05-18T02:50:00Z,en,"trending,short,viral,fun,scary,thrill,indie,vlog",0
My Creative Vlog #2,Creator_2,Romance,95,2026-02-19T14:00:00Z,hi,"trending,thrill,cinematic,viral,bts,vlog,fun,scary,short,indie",0
My Creative Vlog #4,Creator_78,Thriller,70,2026-06-13T12:07:00Z,es,"vlog,short,fun,thrill,viral,indie,cinematic,trending,bts",1
My Creative Vlog #9,Creator_30,Horror,50,2026-06-23T00:44:00Z,es,"vlog,short,trending,scary,cinematic,bts,fun,viral,indie,thrill",0
My Creative Vlog #1,Creator_67,Action,51,2026-03-13T13:34:00Z,fr,"trending,indie,scary,fun,bts",1
Netflix Exclusive - Video #90,Netflix,Comedy,5,2026-05-03T13:51:00Z,en,"cinematic,thrill,scary,trending,short,viral,fun,indie,vlog",1
Marvel Entertainment Exclusive - Video #89,Marvel Entertainment,Romance,25,2026-06-10T14:37:00Z,en,trending,1
My Creative Vlog #2,Creator_89,Drama,16,2026-04-24T01:19:00Z,ko,viral,0
T-Series Exclusive - Video #61,T-Series,Comedy,24,2026-04-16T07:55:00Z,en,"indie,short,bts,thrill,vlog,trending,fun",1
Marvel Entertainment Exclusive - Video #52,Marvel Entertainment,Action,58,2026-01-27T00:38:00Z,en,"scary,fun,thrill,vlog,bts,cinematic,short,trending,indie",1
My Creative Vlog #6,Creator_84,Horror,150,2026-05-19T04:09:00Z,fr,"bts,cinematic,thrill,fun",1
My Creative Vlog #1,Creator_19,Action,109,2026-05-24T01:27:00Z,ja,"scary,bts,viral",0
My Creative Vlog #10,Creator_60,Documentary,149,2026-05-25T10:39:00Z,es,"cinematic,fun,viral,scary,trending,indie",0
My Creative Vlog #8,Creator_31,Documentary,97,2026-02-22T12:11:00Z,en,"trending,viral,cinematic,bts,thrill",0
Marvel Entertainment Exclusive - Video #56,Marvel Entertainment,Thriller,48,2026-02-20T06:18:00Z,en,"thrill,fun,cinematic",1
Warner Bros. Exclusive - Video #43,Warner Bros.,Comedy,5,2026-06-23T04:24:00Z,en,"scary,thrill,short,viral,fun",1
My Creative Vlog #7,Creator_80,Comedy,8,2026-02-06T04:50:00Z,hi,"vlog,indie,cinematic",0
My Creative Vlog #10,Creator_6,Action,113,2026-03-17T04:20:00Z,hi,,0
Marvel Entertainment Exclusive - Video #84,Marvel Entertainment,Romance,54,2026-01-21T15:50:00Z,en,"vlog,indie",1
My Creative Vlog #9,Creator_64,Romance,46,2026-03-24T22:23:00Z,fr,"short,bts,thrill,vlog,scary,indie,trending,cinematic,fun,viral",0
T-Series Exclusive - Video #58,T-Series,Drama,96,2026-03-07T17:05:00Z,en,"viral,thrill,short,vlog,fun,bts,trending,indie,cinematic,scary",1
My Creative Vlog #6,Creator_64,Horror,98,2026-01-07T05:28:00Z,hi,"viral,cinematic,bts,fun",1
My Creative Vlog #4,Creator_36,Comedy,8,2026-01-19T11:02:00Z,hi,"scary,cinematic,thrill,fun,vlog",1
A24 Exclusive - Video #87,A24,Drama,140,2026-03-08T00:49:00Z,es,"cinematic,indie,vlog,short",1
My Creative Vlog #3,Creator_66,Sci-Fi,74,2026-02-28T23:47:00Z,hi,"scary,vlog,short,cinematic,bts,fun,trending",0
My Creative Vlog #7,Creator_90,Action,101,2026-04-26T17:01:00Z,ja,"bts,fun",0
My Creative Vlog #6,Creator_85,Documentary,58,2026-04-18T13:43:00Z,ko,"vlog,thrill,cinematic,bts,trending,indie,short,scary,fun,viral",0
My Creative Vlog #7,Creator_74,Sci-Fi,71,2026-04-11T02:34:00Z,ko,"short,viral,cinematic",0
My Creative Vlog #3,Creator_12,Comedy,26,2026-05-22T05:02:00Z,fr,,1
A24 Exclusive - Video #77,A24,Comedy,19,2026-01-15T11:33:00Z,en,"cinematic,indie",0
My Creative Vlog #4,Creator_50,Drama,53,2026-03-21T13:52:00Z,fr,"bts,thrill",0
My Creative Vlog #4,Creator_36,Thriller,63,2026-04-25T02:52:00Z,ko,"scary,vlog,cinematic,thrill,bts,short,indie,fun,trending",1
My Creative Vlog #6,Creator_59,Horror,101,2026-06-06T05:26:00Z,hi,"bts,indie",0
Marvel Entertainment Exclusive - Video #22,Marvel Entertainment,Sci-Fi,134,2026-01-12T07:56:00Z,en,"vlog,thrill,viral,cinematic",1
My Creative Vlog #6,Creator_16,Comedy,29,2026-01-27T16:49:00Z,ja,"short,fun,thrill,viral,bts,trending",0
My Creative Vlog #8,Creator_96,Sci-Fi,88,2026-04-13T06:25:00Z,en,,0
A24 Exclusive - Video #69,A24,Romance,119,2026-01-18T02:35:00Z,hi,"short,fun,bts,indie,vlog,viral,thrill,trending,cinematic,scary",1
My Creative Vlog #1,Creator_10,Horror,40,2026-04-23T11:11:00Z,hi,"trending,vlog,scary,short,cinematic,bts,thrill,viral,fun,indie",1
My Creative Vlog #4,Creator_48,Action,56,2026-01-05T13:01:00Z,en,"scary,viral,bts,trending,cinematic",0
My Creative Vlog #6,Creator_14,Documentary,144,2026-06-10T06:39:00Z,hi,"indie,bts,viral,short,vlog,trending,fun,cinematic",0
T-Series Exclusive - Video #37,T-Series,Romance,57,2026-01-17T21:52:00Z,es,"bts,cinematic,trending,short,viral,scary,fun,thrill,vlog,indie",1
My Creative Vlog #3,Creator_73,Horror,25,2026-06-03T10:40:00Z,ko,"fun,cinematic,bts,vlog,indie,short,scary,trending,viral,thrill",0
My Creative Vlog #4,Creator_82,Thriller,74,2026-01-06T19:48:00Z,en,"scary,indie,bts,thrill",1
My Creative Vlog #1,Creator_83,Action,137,2026-06-03T14:47:00Z,ja,"thrill,cinematic",0
My Creative Vlog #5,Creator_54,Thriller,74,2026-03-26T10:15:00Z,hi,"trending,scary,vlog,thrill,short,indie,fun,bts",0
My Creative Vlog #4,Creator_9,Thriller,126,2026-02-06T06:08:00Z,en,"bts,vlog",0
My Creative Vlog #3,Creator_40,Action,76,2026-04-19T05:38:00Z,hi,"thrill,short,scary,fun",1
My Creative Vlog #7,Creator_47,Sci-Fi,66,2026-05-01T14:27:00Z,ko,"fun,short,trending,indie,scary,cinematic,vlog,viral,thrill,bts",0
My Creative Vlog #9,Creator_49,Romance,19,2026-03-27T04:45:00Z,fr,"fun,scary,trending",0
My Creative Vlog #6,Creator_51,Sci-Fi,107,2026-03-20T20:37:00Z,en,"trending,viral,indie,thrill,vlog,cinematic",1
A24 Exclusive - Video #72,A24,Documentary,179,2026-01-15T20:24:00Z,ko,"scary,bts,short,trending,fun,indie,viral,vlog,cinematic,thrill",1
My Creative Vlog #1,Creator_21,Comedy,29,2026-01-24T20:45:00Z,ko,"bts,viral,scary,short,vlog,indie",0
My Creative Vlog #7,Creator_85,Horror,106,2026-01-23T03:40:00Z,ja,"thrill,scary",1
Warner Bros. Exclusive - Video #72,Warner Bros.,Thriller,57,2026-01-18T22:26:00Z,ko,"thrill,indie,fun,viral,short,vlog,bts,trending,scary,cinematic",1
My Creative Vlog #3,Creator_28,Action,52,2026-02-16T06:16:00Z,ko,"bts,viral,fun,trending,short,indie,scary",0
MrBeast Exclusive - Video #10,MrBeast,Thriller,57,2026-02-24T16:50:00Z,en,"bts,vlog,thrill,scary,indie,fun",1
My Creative Vlog #6,Creator_44,Action,91,2026-06-20T12:24:00Z,en,"cinematic,viral,trending,scary,bts",0
My Creative Vlog #10,Creator_4,Comedy,21,2026-03-13T22:48:00Z,hi,"short,bts,indie,cinematic,viral",1
My Creative Vlog #6,Creator_6,Romance,60,2026-06-05T15:25:00Z,en,"indie,short,viral,cinematic,scary",0
Marvel Entertainment Exclusive - Video #83,Marvel Entertainment,Thriller,61,2026-05-08T02:19:00Z,fr,"short,viral",1
Warner Bros. Exclusive - Video #94,Warner Bros.,Comedy,8,2026-04-22T22:01:00Z,en,"indie,thrill,scary,cinematic,fun",1
My Creative Vlog #8,Creator_82,Comedy,30,2026-06-27T10:55:00Z,hi,"bts,viral,cinematic,scary,short,indie,thrill,trending,fun",0
MrBeast Exclusive - Video #85,MrBeast,Action,140,2026-01-30T18:23:00Z,en,"indie,trending,thrill,vlog,short",1
My Creative Vlog #6,Creator_41,Drama,134,2026-06-19T19:37:00Z,hi,indie,0
Warner Bros. Exclusive - Video #73,Warner Bros.,Romance,38,2026-06-03T09:09:00Z,en,"cinematic,thrill,viral,fun,bts,vlog,scary,indie,trending",0
My Creative Vlog #3,Creator_43,Action,138,2026-02-27T22:47:00Z,en,"fun,short,indie,bts,cinematic,viral,trending,vlog,thrill,scary",0
T-Series Exclusive - Video #60,T-Series,Comedy,21,2026-03-14T09:44:00Z,hi,"vlog,indie,viral,short,fun,thrill,trending,cinematic,bts,scary",1
My Creative Vlog #5,Creator_62,Drama,54,2026-02-25T23:12:00Z,en,"bts,viral,fun,scary,indie",0
MrBeast Exclusive - Video #70,MrBeast,Drama,14,2026-01-31T16:41:00Z,ja,"indie,fun,bts,viral,trending,cinematic,short,scary,vlog",1
A24 Exclusive - Video #58,A24,Comedy,29,2026-04-29T20:24:00Z,es,"short,cinematic,trending,bts,indie,vlog,thrill,viral,scary,fun",1
Marvel Entertainment Exclusive - Video #33,Marvel Entertainment,Sci-Fi,106,2026-06-15T22:27:00Z,es,"fun,viral,cinematic,trending,short,thrill,vlog,scary,indie",1
My Creative Vlog #8,Creator_68,Comedy,21,2026-05-30T17:45:00Z,en,"scary,viral,fun,indie,thrill,vlog,trending,short,cinematic,bts",0
Warner Bros. Exclusive - Video #21,Warner Bros.,Horror,9,2026-01-22T03:32:00Z,es,"vlog,fun,indie,cinematic,trending",1
T-Series Exclusive - Video #98,T-Series,Documentary,134,2026-04-01T19:34:00Z,hi,"viral,trending,scary,vlog,bts,cinematic,fun,indie,short,thrill",1
My Creative Vlog #2,Creator_55,Horror,67,2026-04-08T20:57:00Z,en,"short,viral,thrill,cinematic,scary,vlog",1
My Creative Vlog #4,Creator_82,Documentary,145,2026-06-18T20:52:00Z,en,"fun,cinematic,indie,scary,trending,thrill",0
My Creative Vlog #9,Creator_88,Sci-Fi,53,2026-03-26T20:05:00Z,ja,"thrill,fun,scary,vlog,trending",1
My Creative Vlog #10,Creator_40,Romance,25,2026-05-16T11:44:00Z,es,"thrill,viral,trending,vlog,fun,scary,indie,bts",1
My Creative Vlog #10,Creator_71,Sci-Fi,106,2026-06-01T04:16:00Z,en,"vlog,fun,bts,viral,scary,thrill,short,trending,indie,cinematic",0
My Creative Vlog #6,Creator_57,Romance,129,2026-03-15T08:27:00Z,hi,"viral,thrill,indie,short",0
A24 Exclusive - Video #40,A24,Comedy,10,2026-05-28T01:05:00Z,es,"short,trending,indie,cinematic,thrill,viral,scary,bts",1
My Creative Vlog #1,Creator_96,Sci-Fi,134,2026-05-17T23:22:00Z,hi,"vlog,trending,short,viral,cinematic,thrill,indie,bts,fun,scary",1
My Creative Vlog #8,Creator_55,Sci-Fi,66,2026-04-06T03:21:00Z,hi,"viral,thrill,vlog,scary,fun,cinematic,bts,trending",0
MrBeast Exclusive - Video #92,MrBeast,Thriller,104,2026-06-08T15:03:00Z,ja,,1
My Creative Vlog #6,Creator_1,Drama,103,2026-04-01T00:06:00Z,ko,"scary,viral,fun,bts,trending,indie,cinematic",0
T-Series Exclusive - Video #57,T-Series,Horror,94,2026-04-20T05:34:00Z,es,short,1
A24 Exclusive - Video #65,A24,Thriller,90,2026-02-20T03:12:00Z,es,,1
Netflix Exclusive - Video #30,Netflix,Action,106,2026-06-20T08:07:00Z,ko,"vlog,short,fun,bts,scary,thrill,cinematic",1
Netflix Exclusive - Video #97,Netflix,Action,51,2026-06-23T10:27:00Z,en,"short,thrill,vlog,scary,trending,indie",1
My Creative Vlog #5,Creator_32,Comedy,13,2026-06-29T07:42:00Z,ko,"short,viral,fun",0
T-Series Exclusive - Video #14,T-Series,Horror,50,2026-02-07T13:01:00Z,hi,trending,1
My Creative Vlog #4,Creator_30,Documentary,110,2026-05-03T01:32:00Z,ko,"trending,thrill,viral,fun,indie,cinematic,vlog,scary,short,bts",0
Netflix Exclusive - Video #94,Netflix,Documentary,55,2026-03-15T15:17:00Z,en,"fun,thrill,short,bts,indie,cinematic",1
My Creative Vlog #3,Creator_99,Documentary,93,2026-04-03T23:49:00Z,ja,"thrill,scary,indie",1
A24 Exclusive - Video #34,A24,Action,135,2026-04-25T03:04:00Z,ja,"short,scary,fun,trending",1
My Creative Vlog #9,Creator_98,Documentary,94,2026-04-25T20:45:00Z,en,"viral,short,indie,thrill,vlog,trending",1
My Creative Vlog #1,Creator_38,Thriller,146,2026-06-27T06:47:00Z,ko,"vlog,bts,viral,short,scary,thrill,cinematic",1
My Creative Vlog #3,Creator_27,Thriller,65,2026-05-27T06:37:00Z,en,"vlog,short,thrill,fun,viral,indie,bts,scary,trending,cinematic",0
A24 Exclusive - Video #28,A24,Horror,35,2026-03-11T01:41:00Z,hi,"vlog,viral,trending",1
My Creative Vlog #2,Creator_42,Horror,35,2026-04-15T19:18:00Z,ja,,0
MrBeast Exclusive - Video #12,MrBeast,Comedy,28,2026-06-26T12:41:00Z,es,"bts,vlog,scary,indie,short,viral,fun,thrill,trending,cinematic",1
My Creative Vlog #3,Creator_48,Romance,24,2026-05-07T05:29:00Z,en,"scary,short",0
My Creative Vlog #10,Creator_51,Action,53,2026-02-06T02:27:00Z,hi,"indie,viral,fun,cinematic,trending,thrill,bts",0
My Creative Vlog #1,Creator_98,Drama,64,2026-01-22T08:09:00Z,en,"trending,viral,cinematic,indie,short,bts,vlog,thrill,scary,fun",0
My Creative Vlog #1,Creator_32,Horror,161,2026-05-20T03:01:00Z,en,vlog,0
My Creative Vlog #1,Creator_19,Action,48,2026-02-28T13:24:00Z,en,"thrill,scary,indie,cinematic,short",1
Netflix Exclusive - Video #38,Netflix,Comedy,14,2026-04-02T02:39:00Z,ja,cinematic,1
Marvel Entertainment Exclusive - Video #52,Marvel Entertainment,Drama,174,2026-04-19T04:57:00Z,es,"thrill,cinematic,viral,fun,scary,indie,bts,vlog,trending",1
My Creative Vlog #2,Creator_62,Comedy,23,2026-04-20T23:17:00Z,en,cinematic,0
My Creative Vlog #7,Creator_89,Documentary,36,2026-06-17T07:24:00Z,ko,"short,vlog,bts,thrill,indie,viral,scary,trending",0
My Creative Vlog #4,Creator_89,Comedy,12,2026-04-03T00:13:00Z,en,"vlog,short,fun,trending,indie",1
My Creative Vlog #5,Creator_18,Romance,37,2026-05-22T13:15:00Z,hi,"trending,fun,viral",0
My Creative Vlog #1,Creator_48,Comedy,26,2026-05-29T02:30:00Z,en,,0
Netflix Exclusive - Video #82,Netflix,Sci-Fi,64,2026-02-16T15:47:00Z,en,"vlog,thrill,short,scary,cinematic,fun,indie,bts,trending,viral",1
Warner Bros. Exclusive - Video #11,Warner Bros.,Sci-Fi,99,2026-06-24T14:35:00Z,es,"vlog,thrill,scary,short,viral,fun,trending,bts,cinematic",0
Warner Bros. Exclusive - Video #81,Warner Bros.,Comedy,27,2026-04-30T15:20:00Z,ko,"fun,trending,cinematic,short,scary,viral",1
My Creative Vlog #1,Creator_43,Action,81,2026-02-11T17:06:00Z,en,"bts,trending,thrill",0
My Creative Vlog #5,Creator_31,Comedy,23,2026-05-25T01:36:00Z,fr,,0
My Creative Vlog #3,Creator_46,Comedy,15,2026-04-15T23:32:00Z,en,"fun,trending,indie,scary,thrill,vlog,bts,cinematic",0
My Creative Vlog #4,Creator_12,Action,148,2026-06-24T20:09:00Z,en,"vlog,bts,cinematic,scary,viral,fun,thrill,short",1
My Creative Vlog #2,Creator_78,Drama,146,2026-06-10T15:06:00Z,en,"thrill,vlog",0
My Creative Vlog #5,Creator_22,Drama,18,2026-03-13T18:23:00Z,ja,viral,0
T-Series Exclusive - Video #42,T-Series,Romance,167,2026-02-05T03:36:00Z,fr,,0
My Creative Vlog #3,Creator_80,Romance,94,2026-05-12T19:20:00Z,ja,indie,0
My Creative Vlog #1,Creator_88,Thriller,139,2026-03-04T22:52:00Z,en,"viral,thrill",0
My Creative Vlog #7,Creator_29,Romance,172,2026-01-24T11:29:00Z,fr,"vlog,short,viral,trending,bts,indie,scary,cinematic,thrill,fun",0
My Creative Vlog #4,Creator_63,Romance,30,2026-03-13T14:02:00Z,en,"fun,scary,cinematic,thrill,trending,indie,vlog",0
A24 Exclusive - Video #64,A24,Horror,65,2026-06-12T05:05:00Z,en,thrill,1
My Creative Vlog #9,Creator_54,Action,130,2026-03-08T05:53:00Z,en,indie,0
MrBeast Exclusive - Video #63,MrBeast,Romance,122,2026-05-18T22:50:00Z,en,"indie,cinematic,bts,short,trending,thrill,viral,vlog,fun,scary",1
My Creative Vlog #6,Creator_95,Thriller,64,2026-04-28T04:31:00Z,ja,indie,0
My Creative Vlog #8,Creator_17,Comedy,6,2026-02-25T23:12:00Z,ko,"vlog,fun,indie,viral,bts,short,thrill,cinematic,trending,scary",0
My Creative Vlog #8,Creator_90,Romance,106,2026-04-16T11:22:00Z,ko,"cinematic,viral,fun,scary,indie,short,vlog,thrill",0
My Creative Vlog #7,Creator_85,Horror,180,2026-06-08T03:05:00Z,en,trending,0
My Creative Vlog #10,Creator_97,Comedy,25,2026-04-24T16:37:00Z,en,"thrill,indie,scary,viral,short,bts,cinematic,trending,fun,vlog",1
My Creative Vlog #7,Creator_60,Sci-Fi,45,2026-04-06T07:32:00Z,es,"thrill,bts,indie,cinematic",0
MrBeast Exclusive - Video #76,MrBeast,Documentary,86,2026-02-13T18:27:00Z,hi,"indie,scary,bts,short,trending,thrill,vlog,cinematic",1
My Creative Vlog #6,Creator_52,Drama,112,2026-03-01T03:45:00Z,en,"viral,indie,thrill,vlog,short,bts,fun,trending",0
My Creative Vlog #10,Creator_11,Sci-Fi,48,2026-02-03T14:40:00Z,ja,"scary,bts",0
T-Series Exclusive - Video #43,T-Series,Thriller,80,2026-01-22T04:40:00Z,en,"bts,viral,vlog,scary,thrill,trending,cinematic,indie,short,fun",1
My Creative Vlog #2,Creator_51,Romance,6,2026-04-16T02:31:00Z,en,"indie,bts,cinematic",0
MrBeast Exclusive - Video #11,MrBeast,Drama,169,2026-05-26T20:38:00Z,en,cinematic,1
A24 Exclusive - Video #42,A24,Comedy,11,2026-06-05T00:34:00Z,en,"vlog,fun,scary,indie,bts,trending,viral,thrill",1
My Creative Vlog #5,Creator_17,Horror,124,2026-02-21T02:22:00Z,es,"short,indie,vlog,viral,fun,bts,thrill",1
T-Series Exclusive - Video #23,T-Series,Horror,43,2026-02-22T23:31:00Z,ko,"indie,thrill,cinematic,vlog,trending,bts,scary",1
My Creative Vlog #2,Creator_81,Romance,43,2026-01-09T16:16:00Z,ko,"bts,vlog,cinematic,scary",0
My Creative Vlog #4,Creator_10,Documentary,96,2026-02-07T10:07:00Z,en,"trending,cinematic,scary,short,thrill",1
My Creative Vlog #4,Creator_68,Comedy,22,2026-03-13T22:38:00Z,en,"indie,bts,cinematic,vlog,fun,viral,thrill,trending,scary",0
My Creative Vlog #8,Creator_16,Drama,154,2026-03-25T18:24:00Z,hi,"trending,thrill,bts,cinematic,vlog,short,scary,viral,indie",1
My Creative Vlog #1,Creator_68,Documentary,166,2026-01-05T02:30:00Z,en,"indie,thrill,vlog,fun,bts,scary,trending,cinematic,viral,short",0
My Creative Vlog #8,Creator_59,Comedy,16,2026-06-08T03:01:00Z,hi,,0
My Creative Vlog #7,Creator_89,Action,66,2026-01-23T06:46:00Z,ja,"trending,bts,thrill,indie,vlog,cinematic,short,viral",0
My Creative Vlog #5,Creator_49,Drama,36,2026-05-30T14:07:00Z,en,"fun,indie,short,cinematic,trending",0
My Creative Vlog #5,Creator_63,Documentary,124,2026-02-27T02:16:00Z,es,"viral,cinematic,scary,vlog,indie,bts,trending,short,thrill,fun",0
My Creative Vlog #4,Creator_50,Romance,27,2026-03-29T06:52:00Z,ja,"thrill,short,fun,indie,bts,trending,viral,cinematic,scary,vlog",0
MrBeast Exclusive - Video #64,MrBeast,Drama,176,2026-03-20T18:41:00Z,en,"short,viral",1
My Creative Vlog #5,Creator_24,Thriller,105,2026-06-19T16:28:00Z,ja,"viral,vlog,bts,fun",1
My Creative Vlog #6,Creator_66,Thriller,101,2026-03-11T11:06:00Z,en,"indie,bts,scary,fun,viral,short,cinematic,vlog,thrill,trending",1
Warner Bros. Exclusive - Video #24,Warner Bros.,Action,59,2026-01-14T01:36:00Z,es,"viral,vlog,bts",1
My Creative Vlog #5,Creator_29,Romance,53,2026-02-13T06:22:00Z,es,"bts,thrill,trending,short,viral,vlog,scary,fun,cinematic,indie",0
MrBeast Exclusive - Video #68,MrBeast,Drama,4,2026-06-20T15:27:00Z,ja,,1
A24 Exclusive - Video #11,A24,Documentary,122,2026-05-30T00:31:00Z,hi,"viral,trending,vlog,thrill,cinematic,fun,bts",1
Netflix Exclusive - Video #22,Netflix,Horror,86,2026-04-26T15:47:00Z,ja,"thrill,short,bts,fun,scary,trending,indie,viral",1
A24 Exclusive - Video #76,A24,Thriller,63,2026-04-16T07:42:00Z,en,"short,trending,scary,thrill,cinematic",1
Netflix Exclusive - Video #34,Netflix,Sci-Fi,126,2026-01-28T08:56:00Z,fr,"fun,thrill,cinematic,bts,scary,vlog,short,viral",1
My Creative Vlog #10,Creator_44,Comedy,18,2026-04-27T18:50:00Z,ja,"viral,trending,short,cinematic",0
My Creative Vlog #10,Creator_38,Drama,78,2026-05-05T09:04:00Z,es,,0
My Creative Vlog #1,Creator_16,Romance,79,2026-01-02T13:22:00Z,en,,0
Marvel Entertainment Exclusive - Video #95,Marvel Entertainment,Drama,23,2026-03-11T04:46:00Z,hi,"bts,viral,thrill,vlog,trending,scary",1
My Creative Vlog #7,Creator_50,Sci-Fi,57,2026-03-08T09:38:00Z,es,"bts,indie",0
My Creative Vlog #4,Creator_88,Horror,35,2026-04-17T17:12:00Z,es,"viral,thrill,short,vlog",1
My Creative Vlog #6,Creator_89,Documentary,120,2026-04-01T13:29:00Z,ko,"short,trending,vlog,indie,scary,bts",1
Warner Bros. Exclusive - Video #84,Warner Bros.,Documentary,33,2026-06-08T17:57:00Z,es,,1
My Creative Vlog #8,Creator_1,Romance,14,2026-01-22T01:17:00Z,en,"bts,viral,thrill,short,scary",1
Marvel Entertainment Exclusive - Video #96,Marvel Entertainment,Thriller,134,2026-02-22T16:09:00Z,fr,"scary,fun",1
My Creative Vlog #8,Creator_1,Action,59,2026-01-18T00:09:00Z,en,"viral,scary,vlog,trending,short,indie,cinematic,bts",0
My Creative Vlog #10,Creator_85,Comedy,18,2026-02-07T20:01:00Z,en,"scary,fun",1
T-Series Exclusive - Video #47,T-Series,Horror,171,2026-01-26T18:31:00Z,ja,"thrill,indie,vlog,cinematic,trending,scary,bts,viral,short,fun",1
My Creative Vlog #5,Creator_75,Thriller,127,2026-06-16T21:39:00Z,fr,,1
A24 Exclusive - Video #68,A24,Horror,3,2026-02-10T11:32:00Z,hi,"vlog,indie,viral,short,cinematic",1
My Creative Vlog #3,Creator_59,Horror,169,2026-03-19T12:04:00Z,fr,"short,fun,thrill,viral,cinematic,vlog",1
My Creative Vlog #2,Creator_52,Thriller,48,2026-02-10T07:06:00Z,en,"short,cinematic,scary,indie,vlog,viral,trending",1
My Creative Vlog #7,Creator_97,Comedy,6,2026-06-06T08:07:00Z,en,"viral,short,cinematic,thrill,vlog,trending,bts,scary,indie,fun",0
T-Series Exclusive - Video #96,T-Series,Horror,58,2026-02-21T23:10:00Z,ko,"scary,viral,trending,cinematic,indie,short,vlog,thrill",1
My Creative Vlog #6,Creator_10,Drama,175,2026-06-14T16:31:00Z,hi,"bts,short,cinematic",0
My Creative Vlog #8,Creator_9,Sci-Fi,125,2026-04-07T02:36:00Z,en,"vlog,thrill",0
Marvel Entertainment Exclusive - Video #52,Marvel Entertainment,Thriller,73,2026-03-16T08:24:00Z,ja,fun,1
My Creative Vlog #5,Creator_65,Sci-Fi,124,2026-01-15T17:44:00Z,en,"short,thrill,trending,bts,fun,scary,cinematic,indie,viral",0
My Creative Vlog #4,Creator_8,Romance,19,2026-05-25T19:44:00Z,en,"viral,indie,bts,thrill,scary",1
Netflix Exclusive - Video #73,Netflix,Action,128,2026-03-31T13:30:00Z,es,"scary,trending,vlog,short,viral,thrill,bts,fun,indie,cinematic",1
My Creative Vlog #2,Creator_18,Romance,31,2026-06-07T11:22:00Z,hi,"indie,trending,scary,viral,vlog",0
My Creative Vlog #10,Creator_69,Thriller,147,2026-01-04T23:15:00Z,en,trending,0
MrBeast Exclusive - Video #87,MrBeast,Action,82,2026-02-03T19:25:00Z,fr,"viral,bts,vlog,fun,thrill,short,scary,indie,cinematic,trending",1
My Creative Vlog #5,Creator_71,Action,112,2026-03-10T10:44:00Z,en,,0
My Creative Vlog #5,Creator_63,Comedy,11,2026-02-05T16:14:00Z,es,"vlog,scary,viral,fun,cinematic,short,trending,bts,thrill,indie",0
My Creative Vlog #2,Creator_39,Thriller,80,2026-06-06T12:31:00Z,en,"indie,short,trending,viral,bts,scary",0
MrBeast Exclusive - Video #14,MrBeast,Documentary,7,2026-06-05T10:59:00Z,es,"bts,scary,trending,fun,cinematic,thrill,vlog,viral,short,indie",1
My Creative Vlog #9,Creator_37,Romance,109,2026-05-27T23:36:00Z,es,"indie,short",0
My Creative Vlog #10,Creator_44,Sci-Fi,49,2026-06-07T08:23:00Z,es,"thrill,trending,viral,fun,bts,indie,cinematic,vlog,short,scary",0
My Creative Vlog #4,Creator_72,Sci-Fi,52,2026-05-29T02:17:00Z,ja,short,0
T-Series Exclusive - Video #26,T-Series,Action,125,2026-02-14T04:55:00Z,en,"viral,trending,fun",1
My Creative Vlog #9,Creator_6,Action,52,2026-03-08T08:01:00Z,ja,"trending,scary,cinematic,bts,indie,thrill,vlog,short",0
MrBeast Exclusive - Video #97,MrBeast,Sci-Fi,54,2026-06-14T13:56:00Z,es,"trending,cinematic",1
My Creative Vlog #6,Creator_84,Romance,76,2026-06-09T00:10:00Z,ja,,0
My Creative Vlog #10,Creator_14,Action,148,2026-03-22T16:45:00Z,ja,"indie,trending,fun",0
My Creative Vlog #9,Creator_74,Sci-Fi,113,2026-02-01T16:51:00Z,en,"short,vlog,bts,fun,indie,viral,cinematic,trending,thrill",0
My Creative Vlog #6,Creator_59,Comedy,27,2026-03-03T14:46:00Z,ko,"viral,cinematic,bts,fun,vlog",0
My Creative Vlog #10,Creator_30,Drama,138,2026-03-04T13:43:00Z,en,"thrill,bts,cinematic,fun,trending,short,scary,viral,vlog",0
My Creative Vlog #8,Creator_24,Thriller,66,2026-01-31T13:16:00Z,fr,"viral,fun,trending,indie,scary,short,bts,thrill,vlog,cinematic",1
My Creative Vlog #4,Creator_72,Horror,31,2026-03-28T10:37:00Z,en,"trending,viral,cinematic,scary,indie,short,thrill,vlog,fun,bts",1
My Creative Vlog #2,Creator_66,Drama,2,2026-06-01T18:23:00Z,fr,"cinematic,short,fun,thrill,bts,indie",0
T-Series Exclusive - Video #53,T-Series,Thriller,117,2026-05-13T16:37:00Z,ko,"cinematic,indie,bts,vlog",1
My Creative Vlog #4,Creator_95,Sci-Fi,111,2026-03-13T18:56:00Z,ja,cinematic,1
T-Series Exclusive - Video #38,T-Series,Drama,74,2026-03-08T19:48:00Z,en,"thrill,fun,viral",1
Netflix Exclusive - Video #57,Netflix,Action,81,2026-05-27T13:46:00Z,fr,"fun,short,thrill,trending,cinematic,indie,scary,viral",1
MrBeast Exclusive - Video #95,MrBeast,Comedy,16,2026-01-21T23:50:00Z,hi,"viral,cinematic,fun,thrill,short,vlog,scary,indie,trending,bts",1
My Creative Vlog #1,Creator_81,Thriller,76,2026-02-05T18:24:00Z,hi,"scary,thrill,short,viral,bts,indie,cinematic,vlog,trending,fun",1
My Creative Vlog #4,Creator_93,Thriller,100,2026-01-18T15:35:00Z,hi,"fun,trending,indie,cinematic,bts,thrill,scary,short,vlog,viral",1
MrBeast Exclusive - Video #39,MrBeast,Horror,172,2026-05-05T15:50:00Z,ko,"cinematic,vlog,short,fun,trending,viral,bts,thrill,indie",1
My Creative Vlog #3,Creator_15,Romance,82,2026-06-19T03:22:00Z,ko,"fun,short,vlog,thrill,scary,viral,trending,indie,bts,cinematic",0
My Creative Vlog #7,Creator_57,Sci-Fi,78,2026-01-14T08:31:00Z,hi,"trending,thrill,short,scary,viral",0
A24 Exclusive - Video #24,A24,Documentary,34,2026-06-04T17:01:00Z,en,"indie,viral,cinematic,fun,thrill,trending,short,bts,scary,vlog",1
My Creative Vlog #3,Creator_38,Documentary,85,2026-04-16T06:35:00Z,hi,,0
MrBeast Exclusive - Video #13,MrBeast,Action,125,2026-06-26T07:02:00Z,es,"viral,indie,vlog,bts,cinematic,fun,trending,scary,thrill,short",1
Marvel Entertainment Exclusive - Video #60,Marvel Entertainment,Action,122,2026-03-21T10:27:00Z,en,"thrill,short,scary,trending",1
My Creative Vlog #7,Creator_38,Comedy,12,2026-04-15T17:17:00Z,fr,"vlog,bts,scary,short",0
My Creative Vlog #9,Creator_48,Comedy,19,2026-02-27T18:01:00Z,ko,"scary,short,cinematic,bts,thrill,trending,fun,viral,vlog,indie",0
My Creative Vlog #10,Creator_63,Action,55,2026-02-06T12:39:00Z,fr,"bts,scary,trending,indie,vlog,fun,cinematic,viral",1
A24 Exclusive - Video #82,A24,Sci-Fi,45,2026-03-10T22:13:00Z,fr,"short,cinematic,scary,fun,bts,vlog,trending,thrill",1
Netflix Exclusive - Video #30,Netflix,Comedy,10,2026-02-20T14:55:00Z,en,,1
My Creative Vlog #8,Creator_68,Drama,141,2026-04-18T12:00:00Z,es,indie,0
MrBeast Exclusive - Video #82,MrBeast,Drama,37,2026-03-16T16:43:00Z,hi,"bts,cinematic,thrill,scary,indie,viral,fun,vlog,trending,short",1
T-Series Exclusive - Video #32,T-Series,Drama,121,2026-01-18T00:19:00Z,hi,"viral,vlog,short",1
My Creative Vlog #2,Creator_21,Documentary,163,2026-05-24T07:22:00Z,en,"thrill,bts,indie",0
My Creative Vlog #5,Creator_52,Action,54,2026-06-01T04:06:00Z,hi,"fun,thrill,viral,short",1
My Creative Vlog #10,Creator_43,Horror,158,2026-06-21T15:13:00Z,en,,0
My Creative Vlog #2,Creator_42,Thriller,62,2026-05-11T14:27:00Z,fr,"thrill,vlog,viral,short,bts",0
My Creative Vlog #5,Creator_46,Documentary,136,2026-01-21T19:53:00Z,hi,"thrill,fun",1
My Creative Vlog #2,Creator_33,Sci-Fi,128,2026-03-31T05:01:00Z,ja,"cinematic,indie,scary,thrill,vlog,viral,short",0
My Creative Vlog #8,Creator_26,Documentary,135,2026-02-19T00:37:00Z,es,"viral,cinematic,thrill,short,trending",0
T-Series Exclusive - Video #60,T-Series,Thriller,134,2026-06-30T08:17:00Z,en,"trending,short,vlog,scary,viral,indie,bts,thrill,cinematic",0
My Creative Vlog #2,Creator_17,Sci-Fi,60,2026-01-15T14:40:00Z,en,"viral,vlog,thrill,indie,bts",0
A24 Exclusive - Video #50,A24,Drama,151,2026-04-04T16:00:00Z,ko,"trending,viral,scary,indie,thrill,vlog",1
My Creative Vlog #10,Creator_36,Action,133,2026-05-10T13:11:00Z,en,"thrill,vlog,cinematic,trending",0
My Creative Vlog #8,Creator_73,Comedy,8,2026-01-24T05:46:00Z,en,"cinematic,trending",1
MrBeast Exclusive - Video #68,MrBeast,Comedy,28,2026-03-05T09:53:00Z,hi,"fun,thrill,trending,scary,cinematic,bts,viral,indie,short,vlog",1
Warner Bros. Exclusive - Video #32,Warner Bros.,Horror,67,2026-06-28T14:16:00Z,en,"cinematic,bts,vlog,indie,short,thrill,scary",1
Marvel Entertainment Exclusive - Video #59,Marvel Entertainment,Drama,138,2026-05-26T06:44:00Z,ko,"thrill,scary,cinematic,short,bts",1
Marvel Entertainment Exclusive - Video #36,Marvel Entertainment,Horror,56,2026-04-30T08:02:00Z,en,"fun,short,bts,scary,thrill,vlog,cinematic,indie",1
A24 Exclusive - Video #23,A24,Documentary,3,2026-02-10T13:30:00Z,ja,"viral,fun,cinematic,vlog,bts",1
Marvel Entertainment Exclusive - Video #68,Marvel Entertainment,Sci-Fi,138,2026-04-13T15:53:00Z,hi,"cinematic,bts,short,vlog",1
My Creative Vlog #9,Creator_30,Comedy,18,2026-04-20T08:36:00Z,ko,"trending,fun,vlog,short,thrill,cinematic,viral,indie,bts",0
My Creative Vlog #5,Creator_12,Drama,89,2026-04-28T12:10:00Z,fr,,0
MrBeast Exclusive - Video #20,MrBeast,Drama,61,2026-02-22T13:05:00Z,hi,"vlog,cinematic",1
My Creative Vlog #8,Creator_28,Sci-Fi,104,2026-06-30T07:48:00Z,en,"fun,cinematic,bts,scary,short,vlog",1
My Creative Vlog #9,Creator_51,Comedy,16,2026-05-06T21:47:00Z,en,"bts,fun,scary",0
My Creative Vlog #10,Creator_79,Sci-Fi,54,2026-06-15T07:08:00Z,fr,"trending,scary,thrill",0
My Creative Vlog #3,Creator_55,Horror,80,2026-04-10T21:52:00Z,fr,,1
My Creative Vlog #8,Creator_14,Comedy,16,2026-06-25T23:06:00Z,ko,"trending,fun,cinematic,viral,thrill,short,scary,vlog,indie,bts",0
My Creative Vlog #1,Creator_99,Horror,109,2026-03-08T23:40:00Z,en,"short,vlog,cinematic,indie,scary,fun,thrill,trending,bts",1
MrBeast Exclusive - Video #85,MrBeast,Horror,51,2026-05-12T19:46:00Z,fr,"trending,short,thrill,bts,indie,scary",1
My Creative Vlog #5,Creator_48,Sci-Fi,88,2026-06-22T09:49:00Z,en,"thrill,fun,bts,vlog,scary,trending,cinematic,viral",0
A24 Exclusive - Video #14,A24,Sci-Fi,76,2026-02-14T02:34:00Z,en,"fun,short",1
My Creative Vlog #10,Creator_89,Action,150,2026-05-15T18:29:00Z,en,cinematic,0
My Creative Vlog #2,Creator_82,Sci-Fi,110,2026-01-21T10:59:00Z,es,"indie,trending,fun,cinematic,short,vlog",1
Warner Bros. Exclusive - Video #83,Warner Bros.,Horror,78,2026-06-07T16:34:00Z,hi,"trending,cinematic,short,viral,scary,fun,indie,vlog,bts,thrill",1
T-Series Exclusive - Video #94,T-Series,Drama,71,2026-03-10T14:38:00Z,ja,scary,0
Marvel Entertainment Exclusive - Video #46,Marvel Entertainment,Romance,151,2026-04-18T20:38:00Z,ja,"indie,short,trending,fun,bts,cinematic,thrill,viral",1
T-Series Exclusive - Video #42,T-Series,Sci-Fi,49,2026-06-19T18:05:00Z,fr,"cinematic,viral,scary,bts,thrill,fun,indie,vlog",1
My Creative Vlog #10,Creator_20,Drama,160,2026-04-01T18:27:00Z,ko,"trending,thrill,short,viral,scary,vlog,indie,cinematic,bts,fun",0
MrBeast Exclusive - Video #32,MrBeast,Drama,103,2026-05-21T13:22:00Z,hi,"bts,thrill,cinematic,indie,fun,trending",1
My Creative Vlog #6,Creator_82,Sci-Fi,73,2026-04-14T15:48:00Z,fr,"short,fun,vlog,scary",0
T-Series Exclusive - Video #93,T-Series,Drama,175,2026-01-26T12:37:00Z,ko,"indie,scary,trending,thrill,viral,cinematic",1
Marvel Entertainment Exclusive - Video #62,Marvel Entertainment,Thriller,86,2026-06-06T07:10:00Z,fr,"viral,cinematic,trending,vlog,thrill,scary,bts,short,indie,fun",1
My Creative Vlog #4,Creator_92,Documentary,34,2026-03-17T02:57:00Z,en,"bts,short,vlog",0
My Creative Vlog #8,Creator_23,Comedy,30,2026-06-04T10:55:00Z,en,"short,viral,trending",0
My Creative Vlog #8,Creator_67,Sci-Fi,54,2026-04-17T08:56:00Z,en,"bts,vlog,trending,scary,indie,short,fun,viral,thrill,cinematic",0
My Creative Vlog #7,Creator_57,Comedy,8,2026-02-07T08:48:00Z,en,"fun,cinematic,indie,vlog,bts,viral,thrill,scary,trending,short",0
A24 Exclusive - Video #72,A24,Action,141,2026-03-08T10:18:00Z,fr,"short,thrill,vlog,bts,trending",1
Warner Bros. Exclusive - Video #57,Warner Bros.,Documentary,75,2026-03-20T22:10:00Z,es,"short,thrill,fun,cinematic,indie,viral,vlog",1
Warner Bros. Exclusive - Video #13,Warner Bros.,Action,119,2026-03-19T04:37:00Z,en,"cinematic,vlog,indie,scary",1
Warner Bros. Exclusive - Video #85,Warner Bros.,Documentary,134,2026-04-06T12:55:00Z,fr,"fun,vlog,short,viral,scary,cinematic,trending,bts,thrill,indie",0
Marvel Entertainment Exclusive - Video #25,Marvel Entertainment,Action,90,2026-05-08T14:36:00Z,en,"vlog,scary,bts,fun,cinematic,trending,short,indie,thrill,viral",1
My Creative Vlog #9,Creator_95,Comedy,30,2026-01-15T14:36:00Z,hi,"thrill,fun,scary",0
Marvel Entertainment Exclusive - Video #44,Marvel Entertainment,Horror,24,2026-02-18T23:53:00Z,en,"vlog,thrill",1
My Creative Vlog #8,Creator_75,Romance,26,2026-05-18T01:20:00Z,en,"short,viral,bts",0
My Creative Vlog #10,Creator_28,Romance,77,2026-05-26T00:37:00Z,ko,short,0
My Creative Vlog #8,Creator_79,Thriller,77,2026-04-15T19:17:00Z,fr,"fun,cinematic,short,thrill,bts,vlog,indie,scary,trending,viral",0
T-Series Exclusive - Video #24,T-Series,Drama,125,2026-01-02T10:57:00Z,fr,"fun,bts,viral,indie,scary,vlog,trending",1
My Creative Vlog #3,Creator_69,Action,144,2026-01-28T07:13:00Z,es,"thrill,cinematic,short,trending,vlog,fun,viral,bts",0
T-Series Exclusive - Video #31,T-Series,Drama,157,2026-06-19T05:20:00Z,fr,"bts,indie,thrill,viral,fun,scary,cinematic,vlog,trending,short",1
My Creative Vlog #5,Creator_58,Sci-Fi,117,2026-04-11T13:00:00Z,ko,,1
My Creative Vlog #5,Creator_59,Thriller,149,2026-06-30T06:13:00Z,es,"cinematic,trending,bts,scary",1
My Creative Vlog #4,Creator_26,Romance,71,2026-01-28T02:15:00Z,en,"short,bts,trending,indie,cinematic",0
My Creative Vlog #7,Creator_76,Thriller,57,2026-01-15T20:21:00Z,es,"cinematic,short,thrill,trending,scary,viral,indie,vlog",1
My Creative Vlog #4,Creator_57,Documentary,147,2026-05-20T21:16:00Z,es,"trending,fun,viral,indie,cinematic,vlog,thrill,short,bts,scary",0
My Creative Vlog #5,Creator_26,Horror,155,2026-01-06T04:07:00Z,ko,"indie,short,trending,bts,thrill,vlog",1
T-Series Exclusive - Video #14,T-Series,Documentary,138,2026-05-06T09:36:00Z,ja,"viral,bts,vlog,thrill,trending,indie,short,fun,cinematic,scary",1
My Creative Vlog #8,Creator_36,Romance,39,2026-06-16T10:04:00Z,en,"bts,cinematic,short,thrill,vlog,scary,trending,viral,fun,indie",0
MrBeast Exclusive - Video #64,MrBeast,Drama,67,2026-02-27T18:43:00Z,ja,"short,scary,cinematic,bts,thrill,viral,indie,trending",1
Marvel Entertainment Exclusive - Video #15,Marvel Entertainment,Drama,139,2026-03-31T02:20:00Z,ja,"scary,bts,thrill",1
T-Series Exclusive - Video #61,T-Series,Action,71,2026-04-08T18:52:00Z,en,fun,1
My Creative Vlog #4,Creator_21,Comedy,20,2026-06-04T11:47:00Z,ja,"scary,bts,viral,indie,thrill,fun",0
My Creative Vlog #1,Creator_3,Sci-Fi,147,2026-04-18T12:54:00Z,en,"cinematic,thrill,viral,scary,bts",0
My Creative Vlog #1,Creator_61,Horror,166,2026-03-24T01:09:00Z,hi,"bts,trending",0
My Creative Vlog #1,Creator_98,Thriller,121,2026-02-23T23:42:00Z,es,"bts,indie,fun,scary,viral",0
A24 Exclusive - Video #33,A24,Documentary,29,2026-02-11T00:31:00Z,hi,"indie,cinematic,thrill,short",0
T-Series Exclusive - Video #14,T-Series,Drama,105,2026-01-12T17:24:00Z,en,"viral,trending",1
My Creative Vlog #2,Creator_9,Romance,119,2026-04-17T17:28:00Z,en,"trending,thrill,short,scary,fun,viral,cinematic,indie,vlog",0
My Creative Vlog #4,Creator_74,Drama,57,2026-05-12T04:51:00Z,en,"viral,bts,indie",0
MrBeast Exclusive - Video #33,MrBeast,Horror,85,2026-04-29T21:37:00Z,es,"fun,cinematic,indie,bts,vlog,viral,trending,short,thrill,scary",1
My Creative Vlog #10,Creator_2,Romance,124,2026-03-30T06:40:00Z,ko,"scary,short,thrill,vlog,bts,trending,fun",0
Warner Bros. Exclusive - Video #42,Warner Bros.,Documentary,125,2026-05-21T14:42:00Z,en,"cinematic,vlog,thrill,trending,fun,scary,indie,bts,short,viral",0
Marvel Entertainment Exclusive - Video #47,Marvel Entertainment,Drama,89,2026-03-20T14:27:00Z,en,"fun,indie,scary,viral,cinematic,vlog,trending,short",1
My Creative Vlog #10,Creator_20,Thriller,147,2026-05-17T11:34:00Z,hi,"vlog,fun,cinematic,viral,trending,indie,thrill,bts,short,scary",1
My Creative Vlog #5,Creator_52,Sci-Fi,111,2026-04-18T15:29:00Z,ja,"thrill,trending",1
My Creative Vlog #2,Creator_77,Thriller,141,2026-04-16T04:09:00Z,fr,"scary,indie",1
My Creative Vlog #4,Creator_25,Documentary,19,2026-02-27T08:08:00Z,ko,bts,0
My Creative Vlog #2,Creator_2,Horror,135,2026-01-27T20:38:00Z,fr,"short,thrill,viral",1
A24 Exclusive - Video #53,A24,Horror,11,2026-04-08T08:07:00Z,fr,"bts,fun,short,indie,vlog,viral",1
My Creative Vlog #6,Creator_77,Action,130,2026-05-07T22:27:00Z,ko,,1
A24 Exclusive - Video #45,A24,Horror,164,2026-05-11T10:26:00Z,es,"viral,trending,bts,cinematic,scary",1
My Creative Vlog #5,Creator_86,Comedy,29,2026-05-05T17:38:00Z,ko,"vlog,indie,trending,thrill,short,bts,cinematic,fun,scary",0
My Creative Vlog #7,Creator_54,Thriller,89,2026-06-15T14:54:00Z,fr,"vlog,trending,indie,short,cinematic,scary,bts,thrill,fun",1
My Creative Vlog #6,Creator_33,Documentary,91,2026-03-05T08:28:00Z,en,"short,thrill,fun,viral,vlog",1
T-Series Exclusive - Video #54,T-Series,Drama,128,2026-01-23T10:22:00Z,hi,"thrill,viral,vlog,cinematic,scary",1
T-Series Exclusive - Video #35,T-Series,Horror,125,2026-03-31T10:51:00Z,fr,"fun,bts,cinematic,trending,indie",1
My Creative Vlog #9,Creator_83,Horror,144,2026-05-18T05:25:00Z,en,"viral,bts,indie",1
MrBeast Exclusive - Video #60,MrBeast,Drama,99,2026-01-27T23:52:00Z,es,"bts,viral,cinematic,vlog,scary,trending,indie,fun,thrill",1
My Creative Vlog #4,Creator_89,Action,73,2026-04-23T20:51:00Z,hi,"trending,thrill",1
My Creative Vlog #10,Creator_71,Action,97,2026-02-17T16:37:00Z,ko,"bts,indie,thrill,cinematic,fun,vlog,scary,viral,short,trending",0
My Creative Vlog #6,Creator_18,Action,146,2026-05-18T18:08:00Z,en,"vlog,short,cinematic,trending,thrill,viral,fun,scary,indie,bts",0
My Creative Vlog #8,Creator_57,Sci-Fi,53,2026-02-13T00:35:00Z,fr,"trending,cinematic,short,indie,vlog,viral,bts,fun",0
My Creative Vlog #10,Creator_4,Romance,111,2026-06-30T04:25:00Z,hi,"short,thrill,vlog,fun,viral,bts,scary,trending,cinematic,indie",0
My Creative Vlog #10,Creator_10,Comedy,21,2026-04-16T23:10:00Z,hi,"bts,fun,vlog",0
T-Series Exclusive - Video #83,T-Series,Sci-Fi,148,2026-04-15T12:44:00Z,fr,"cinematic,fun",0
My Creative Vlog #8,Creator_33,Comedy,10,2026-03-08T12:12:00Z,hi,"viral,cinematic,short,indie,trending",1
My Creative Vlog #1,Creator_72,Documentary,25,2026-02-13T00:33:00Z,en,,0
My Creative Vlog #10,Creator_73,Documentary,18,2026-02-14T06:40:00Z,fr,"vlog,scary",0
My Creative Vlog #8,Creator_23,Drama,130,2026-02-08T14:01:00Z,en,"viral,thrill,vlog,trending,fun,bts,short,indie",0
My Creative Vlog #8,Creator_44,Sci-Fi,145,2026-04-25T03:42:00Z,en,"scary,cinematic,fun,viral,bts",0
My Creative Vlog #10,Creator_62,Comedy,21,2026-01-24T21:41:00Z,ja,"bts,vlog,indie,short,thrill,viral,fun,cinematic",0
My Creative Vlog #2,Creator_49,Romance,7,2026-05-06T03:20:00Z,fr,"indie,thrill,short,bts,fun,trending,vlog,scary,cinematic",0
My Creative Vlog #3,Creator_70,Documentary,13,2026-05-17T00:03:00Z,es,"scary,cinematic,trending,indie,vlog,bts",1
MrBeast Exclusive - Video #97,MrBeast,Thriller,72,2026-01-26T14:11:00Z,hi,"cinematic,viral,scary,short,vlog,thrill,trending,indie,bts,fun",1
My Creative Vlog #6,Creator_30,Sci-Fi,50,2026-02-09T04:38:00Z,hi,"thrill,indie,bts,viral,cinematic,fun,scary,short,trending",0
Warner Bros. Exclusive - Video #72,Warner Bros.,Horror,154,2026-01-03T20:44:00Z,ko,,1
My Creative Vlog #2,Creator_29,Comedy,8,2026-02-10T15:04:00Z,en,"cinematic,fun,thrill,bts,indie,scary,vlog,short",0
Netflix Exclusive - Video #60,Netflix,Action,56,2026-05-23T15:12:00Z,en,"trending,short,vlog,bts,indie,viral,cinematic,thrill",1
My Creative Vlog #7,Creator_31,Documentary,113,2026-02-06T14:38:00Z,en,"vlog,scary,bts,cinematic,fun,trending,thrill,short,viral,indie",1
A24 Exclusive - Video #17,A24,Sci-Fi,93,2026-02-09T09:32:00Z,en,"fun,scary,cinematic",1
My Creative Vlog #4,Creator_9,Horror,143,2026-02-11T04:35:00Z,ja,,0
My Creative Vlog #6,Creator_93,Documentary,10,2026-02-06T03:43:00Z,hi,,0
My Creative Vlog #10,Creator_99,Comedy,12,2026-06-10T01:36:00Z,en,,1
My Creative Vlog #7,Creator_83,Horror,176,2026-06-07T12:28:00Z,hi,"short,thrill,cinematic,bts,scary,indie,viral,vlog,fun,trending",0
T-Series Exclusive - Video #42,T-Series,Drama,95,2026-01-06T13:51:00Z,es,"trending,short",0
My Creative Vlog #3,Creator_52,Documentary,54,2026-04-14T13:56:00Z,ko,"short,bts,indie,scary,fun,cinematic,thrill",0
My Creative Vlog #4,Creator_32,Action,117,2026-02-19T23:42:00Z,ja,"vlog,indie,cinematic,short,fun,viral,scary",0
My Creative Vlog #7,Creator_80,Thriller,70,2026-02-25T10:35:00Z,en,"indie,vlog,bts,viral,scary,trending,short,cinematic,thrill,fun",1
My Creative Vlog #3,Creator_26,Sci-Fi,85,2026-04-30T07:55:00Z,en,"short,cinematic,trending,vlog,bts,indie,thrill,scary,fun,viral",0
My Creative Vlog #4,Creator_46,Drama,55,2026-03-20T02:23:00Z,ja,"short,bts,cinematic,vlog,viral,fun,thrill,trending,scary",0
My Creative Vlog #10,Creator_69,Sci-Fi,65,2026-05-24T17:40:00Z,fr,"thrill,scary,viral,cinematic,short,vlog,trending,bts,fun,indie",0
My Creative Vlog #6,Creator_76,Romance,150,2026-05-27T05:28:00Z,en,"bts,cinematic,vlog,trending,fun,indie,viral",0
My Creative Vlog #2,Creator_20,Action,126,2026-03-24T09:45:00Z,en,"bts,short,trending,thrill,indie",0
My Creative Vlog #9,Creator_25,Horror,134,2026-01-07T15:20:00Z,en,,1
T-Series Exclusive - Video #53,T-Series,Thriller,79,2026-06-18T14:42:00Z,en,"vlog,trending,fun,indie,thrill",1
My Creative Vlog #1,Creator_50,Horror,179,2026-04-07T10:23:00Z,ko,"cinematic,fun,bts,short,vlog,thrill",0
T-Series Exclusive - Video #95,T-Series,Comedy,30,2026-06-20T10:55:00Z,en,,1
My Creative Vlog #2,Creator_12,Thriller,137,2026-01-04T23:51:00Z,ja,"viral,fun,short,cinematic,vlog,trending,thrill,scary,indie",0
Netflix Exclusive - Video #21,Netflix,Thriller,100,2026-06-25T07:13:00Z,en,"viral,indie,cinematic,short,thrill,bts,scary,trending,vlog,fun",1
My Creative Vlog #8,Creator_8,Drama,130,2026-01-02T02:11:00Z,hi,"fun,vlog,scary,cinematic",1
My Creative Vlog #5,Creator_76,Sci-Fi,109,2026-06-13T09:13:00Z,ko,"cinematic,scary,trending,bts",1
Warner Bros. Exclusive - Video #18,Warner Bros.,Thriller,53,2026-05-07T11:57:00Z,en,"indie,viral,short,trending,cinematic,bts,fun,scary,vlog",1
My Creative Vlog #5,Creator_73,Documentary,116,2026-04-02T23:51:00Z,fr,"short,thrill,bts,fun,vlog",0
My Creative Vlog #8,Creator_60,Documentary,104,2026-04-29T14:28:00Z,en,"indie,bts",0
My Creative Vlog #7,Creator_20,Documentary,4,2026-04-22T21:57:00Z,en,"bts,fun",0
T-Series Exclusive - Video #60,T-Series,Drama,78,2026-05-21T08:14:00Z,hi,"bts,short,indie,scary,viral,vlog,trending",1
My Creative Vlog #8,Creator_91,Horror,37,2026-03-02T16:31:00Z,hi,"short,trending,thrill,cinematic,viral,fun",1
My Creative Vlog #10,Creator_16,Drama,136,2026-03-14T10:46:00Z,ja,"fun,cinematic,short,trending,indie,scary,bts,viral,vlog,thrill",1
My Creative Vlog #9,Creator_36,Documentary,148,2026-03-26T22:12:00Z,en,"bts,scary,vlog,indie,viral",0
Marvel Entertainment Exclusive - Video #22,Marvel Entertainment,Sci-Fi,141,2026-02-07T19:20:00Z,en,"short,bts,thrill,trending,scary,cinematic,viral,vlog",1
My Creative Vlog #4,Creator_61,Action,126,2026-01-01T10:22:00Z,fr,"fun,thrill,cinematic,scary,bts,vlog,viral,short",0
Warner Bros. Exclusive - Video #77,Warner Bros.,Horror,64,2026-04-07T13:44:00Z,en,"thrill,scary,fun,short",1
My Creative Vlog #8,Creator_19,Sci-Fi,116,2026-02-10T19:28:00Z,ja,thrill,0
My Creative Vlog #3,Creator_37,Drama,83,2026-01-05T03:03:00Z,ja,"short,cinematic,fun,bts,vlog,scary,trending,indie",0
Marvel Entertainment Exclusive - Video #14,Marvel Entertainment,Horror,83,2026-05-25T18:02:00Z,en,"fun,short,viral,trending,vlog,cinematic,indie,bts,scary,thrill",1
My Creative Vlog #7,Creator_11,Documentary,18,2026-05-07T12:34:00Z,en,"indie,bts,fun,thrill,trending,viral,scary,cinematic",0
My Creative Vlog #1,Creator_72,Thriller,127,2026-06-28T07:30:00Z,en,,0
Warner Bros. Exclusive - Video #74,Warner Bros.,Documentary,83,2026-04-10T20:42:00Z,ko,,1
A24 Exclusive - Video #99,A24,Sci-Fi,115,2026-01-18T01:12:00Z,en,"scary,short,trending",1
My Creative Vlog #3,Creator_66,Sci-Fi,72,2026-02-08T17:00:00Z,es,"vlog,cinematic,indie,viral",1
Warner Bros. Exclusive - Video #51,Warner Bros.,Horror,101,2026-01-31T20:18:00Z,fr,,1
My Creative Vlog #7,Creator_99,Action,68,2026-01-29T01:24:00Z,en,"scary,bts,thrill,indie,cinematic,viral,fun,short,vlog,trending",0
My Creative Vlog #4,Creator_33,Thriller,84,2026-01-04T06:53:00Z,en,"scary,short,indie,cinematic,fun",1
My Creative Vlog #8,Creator_63,Horror,171,2026-03-05T02:39:00Z,en,,1
My Creative Vlog #1,Creator_36,Horror,114,2026-04-08T23:36:00Z,en,trending,0
My Creative Vlog #6,Creator_95,Comedy,13,2026-04-17T20:01:00Z,es,"trending,viral,thrill,vlog,fun,scary,indie,bts,cinematic,short",1
My Creative Vlog #10,Creator_59,Horror,70,2026-01-06T22:36:00Z,fr,fun,0
My Creative Vlog #8,Creator_5,Sci-Fi,104,2026-04-16T05:00:00Z,en,"viral,thrill,vlog,cinematic,scary,bts,fun,trending,short,indie",0
A24 Exclusive - Video #15,A24,Sci-Fi,116,2026-06-29T15:50:00Z,hi,"trending,thrill,cinematic,bts,vlog,fun,scary,viral,indie,short",1
My Creative Vlog #6,Creator_19,Documentary,105,2026-02-14T18:25:00Z,ja,"cinematic,thrill,fun,indie,bts,scary,vlog",1
My Creative Vlog #6,Creator_18,Documentary,166,2026-04-30T14:48:00Z,en,,0
My Creative Vlog #3,Creator_74,Action,150,2026-06-27T12:05:00Z,ko,vlog,0
My Creative Vlog #9,Creator_33,Drama,59,2026-06-25T22:50:00Z,ja,"viral,cinematic,vlog,thrill,scary,indie,short",0
My Creative Vlog #2,Creator_97,Action,126,2026-06-14T14:09:00Z,hi,"trending,vlog,viral,scary,short,bts,fun,thrill,cinematic,indie",1
Warner Bros. Exclusive - Video #13,Warner Bros.,Thriller,48,2026-03-17T03:13:00Z,en,"viral,bts,thrill,scary,trending,indie,fun,short,vlog,cinematic",1
My Creative Vlog #5,Creator_27,Sci-Fi,124,2026-05-31T15:40:00Z,en,"short,trending,bts,fun,indie,vlog,cinematic,scary,viral,thrill",1
My Creative Vlog #10,Creator_76,Documentary,176,2026-05-06T00:24:00Z,en,"viral,short,thrill,vlog,trending,cinematic,bts",1
My Creative Vlog #7,Creator_59,Documentary,62,2026-06-04T15:02:00Z,ja,"vlog,short,scary,thrill",0
A24 Exclusive - Video #13,A24,Romance,18,2026-05-09T05:29:00Z,es,"bts,indie,trending,fun,thrill,short,scary,cinematic,viral,vlog",1
My Creative Vlog #4,Creator_10,Romance,125,2026-03-05T00:24:00Z,en,"indie,trending,thrill,viral,bts,fun,scary,vlog,cinematic,short",0
My Creative Vlog #7,Creator_90,Thriller,135,2026-05-15T22:23:00Z,en,"short,trending,thrill,scary,bts,indie",1
My Creative Vlog #4,Creator_65,Drama,31,2026-01-07T05:05:00Z,en,"scary,short,cinematic,thrill,fun,bts,trending,vlog,indie,viral",0
My Creative Vlog #1,Creator_51,Documentary,16,2026-05-11T00:07:00Z,es,"vlog,trending,thrill,indie,viral,fun,cinematic,scary,bts",0
My Creative Vlog #3,Creator_13,Sci-Fi,115,2026-06-12T20:34:00Z,en,"fun,vlog",0
Warner Bros. Exclusive - Video #41,Warner Bros.,Sci-Fi,125,2026-04-03T07:52:00Z,es,"trending,indie,bts,vlog,fun,scary",1
My Creative Vlog #3,Creator_29,Romance,158,2026-05-11T13:41:00Z,en,"bts,vlog,thrill",0
My Creative Vlog #2,Creator_54,Comedy,27,2026-02-07T20:02:00Z,ja,"indie,thrill,short,cinematic",0
MrBeast Exclusive - Video #70,MrBeast,Romance,99,2026-06-26T18:44:00Z,en,"cinematic,viral,short,fun,thrill,bts,trending",1
MrBeast Exclusive - Video #86,MrBeast,Action,85,2026-03-24T07:36:00Z,hi,"thrill,scary,cinematic,bts,short",1
My Creative Vlog #4,Creator_85,Drama,177,2026-03-17T06:43:00Z,ja,"vlog,bts,cinematic,viral,scary,thrill,indie,trending,short,fun",0
My Creative Vlog #8,Creator_24,Documentary,63,2026-04-11T15:45:00Z,es,"short,vlog,cinematic,viral,fun,thrill,trending,indie,scary",1
My Creative Vlog #5,Creator_75,Sci-Fi,70,2026-03-10T01:27:00Z,fr,"viral,short,indie,scary,fun,trending,bts,thrill,cinematic",0
Netflix Exclusive - Video #45,Netflix,Comedy,22,2026-05-18T08:08:00Z,en,"indie,scary,trending,cinematic,thrill,short,bts,vlog,viral,fun",1
Marvel Entertainment Exclusive - Video #83,Marvel Entertainment,Horror,142,2026-04-01T07:09:00Z,en,"bts,cinematic,scary,viral,short,indie,trending,vlog",1
My Creative Vlog #4,Creator_29,Romance,157,2026-02-12T05:58:00Z,hi,"viral,trending,scary,cinematic",0
My Creative Vlog #8,Creator_50,Action,74,2026-01-26T02:26:00Z,fr,"fun,indie,vlog,trending,thrill,bts,viral",1
My Creative Vlog #6,Creator_68,Documentary,6,2026-05-08T16:39:00Z,ko,"bts,scary,cinematic,viral,short,trending,vlog",0
MrBeast Exclusive - Video #61,MrBeast,Horror,64,2026-03-16T07:24:00Z,fr,,1
My Creative Vlog #8,Creator_9,Thriller,94,2026-05-27T11:23:00Z,ko,,0
My Creative Vlog #7,Creator_12,Horror,90,2026-02-28T08:23:00Z,es,"fun,bts,scary,indie,thrill,cinematic,viral",1
Warner Bros. Exclusive - Video #21,Warner Bros.,Thriller,77,2026-01-21T16:59:00Z,es,"fun,thrill,bts,indie,scary,short,viral",1
My Creative Vlog #2,Creator_30,Thriller,118,2026-06-17T23:11:00Z,es,"short,indie,fun,viral,trending,vlog,cinematic,scary",1
My Creative Vlog #2,Creator_69,Romance,142,2026-04-05T23:11:00Z,en,"fun,scary,trending,bts,viral,indie,short,thrill",0
Netflix Exclusive - Video #70,Netflix,Drama,34,2026-03-03T19:53:00Z,ja,"thrill,short,scary,vlog,viral,trending,cinematic,bts,fun",1
T-Series Exclusive - Video #77,T-Series,Romance,174,2026-04-12T17:34:00Z,ko,"short,vlog,cinematic,indie,thrill,bts,scary,viral",1
My Creative Vlog #3,Creator_64,Thriller,71,2026-01-19T19:23:00Z,es,bts,1
Netflix Exclusive - Video #50,Netflix,Romance,51,2026-01-05T06:27:00Z,en,"bts,fun,thrill,scary,viral,cinematic,trending",1
My Creative Vlog #4,Creator_48,Romance,34,2026-04-17T01:15:00Z,en,"viral,thrill,cinematic,trending,fun,scary,vlog,short,bts,indie",0
My Creative Vlog #1,Creator_62,Romance,18,2026-04-01T10:12:00Z,es,"fun,trending,viral,short,cinematic,thrill,bts,vlog",0
My Creative Vlog #8,Creator_79,Documentary,160,2026-03-25T09:23:00Z,en,"vlog,viral,short,indie,scary,cinematic,trending,fun,thrill,bts",0
My Creative Vlog #5,Creator_57,Drama,37,2026-02-20T02:39:00Z,ko,"indie,scary,trending,short",0
My Creative Vlog #7,Creator_20,Horror,54,2026-01-01T02:10:00Z,en,"short,viral,scary,bts",1
My Creative Vlog #10,Creator_44,Documentary,121,2026-03-08T18:35:00Z,ja,"cinematic,vlog,fun,bts,indie,thrill,short,scary,trending,viral",1
Marvel Entertainment Exclusive - Video #48,Marvel Entertainment,Romance,104,2026-01-14T18:19:00Z,es,fun,1
Warner Bros. Exclusive - Video #69,Warner Bros.,Drama,26,2026-06-28T17:32:00Z,ja,"indie,bts,cinematic,fun,trending,viral",1
My Creative Vlog #6,Creator_9,Thriller,100,2026-04-14T13:09:00Z,ko,"trending,cinematic,vlog,bts,fun,viral,scary",1
My Creative Vlog #4,Creator_76,Sci-Fi,100,2026-03-02T09:15:00Z,en,"fun,cinematic,indie,short,trending",1
My Creative Vlog #3,Creator_12,Thriller,45,2026-05-01T05:02:00Z,en,"cinematic,bts,viral,trending",0
Marvel Entertainment Exclusive - Video #20,Marvel Entertainment,Thriller,123,2026-01-01T06:50:00Z,en,"short,viral,thrill,bts,fun,indie",1
My Creative Vlog #3,Creator_34,Comedy,20,2026-06-05T07:44:00Z,es,,0
T-Series Exclusive - Video #67,T-Series,Documentary,131,2026-03-20T09:41:00Z,ko,"scary,thrill,cinematic,viral,indie,bts",1
Marvel Entertainment Exclusive - Video #25,Marvel Entertainment,Drama,28,2026-04-25T04:09:00Z,en,"cinematic,bts,scary,vlog",1
My Creative Vlog #9,Creator_86,Horror,54,2026-05-02T20:02:00Z,ja,"indie,scary",1
My Creative Vlog #7,Creator_33,Drama,128,2026-04-29T21:25:00Z,ja,"fun,cinematic,indie,vlog,bts,thrill,viral",1
My Creative Vlog #3,Creator_43,Thriller,62,2026-03-03T16:38:00Z,fr,"scary,fun,indie,trending",1
My Creative Vlog #6,Creator_79,Documentary,1,2026-01-27T15:49:00Z,hi,"fun,cinematic,thrill",0
My Creative Vlog #10,Creator_79,Action,100,2026-01-11T14:46:00Z,es,"short,trending,thrill,fun,vlog,scary,cinematic,viral",1
My Creative Vlog #10,Creator_78,Action,85,2026-06-01T07:28:00Z,es,"trending,scary,thrill,vlog",0
T-Series Exclusive - Video #40,T-Series,Sci-Fi,45,2026-04-21T01:04:00Z,es,"vlog,indie,trending,thrill,cinematic,fun,short,viral",1
Warner Bros. Exclusive - Video #59,Warner Bros.,Documentary,46,2026-05-20T20:12:00Z,en,"indie,viral,cinematic,short,vlog,scary,trending,thrill,fun,bts",1
Warner Bros. Exclusive - Video #64,Warner Bros.,Action,138,2026-02-11T11:06:00Z,es,"vlog,bts,viral,trending",0
My Creative Vlog #3,Creator_35,Comedy,29,2026-04-26T10:07:00Z,fr,"viral,short,thrill,indie,trending,fun,cinematic,bts",0
Marvel Entertainment Exclusive - Video #21,Marvel Entertainment,Comedy,10,2026-02-07T10:10:00Z,hi,"cinematic,trending,bts,indie,scary,short,vlog",1
My Creative Vlog #4,Creator_22,Romance,151,2026-06-28T02:47:00Z,hi,"short,vlog,bts,scary,fun,cinematic,viral,trending,thrill,indie",0
A24 Exclusive - Video #57,A24,Documentary,107,2026-01-02T10:55:00Z,fr,fun,1
My Creative Vlog #10,Creator_15,Drama,122,2026-05-07T17:35:00Z,ja,bts,0
My Creative Vlog #5,Creator_55,Thriller,58,2026-01-15T09:42:00Z,en,"thrill,indie,fun,short,vlog,scary,trending,cinematic,viral,bts",0
My Creative Vlog #5,Creator_4,Documentary,48,2026-01-24T04:59:00Z,en,"viral,bts,thrill,indie,fun",0
My Creative Vlog #2,Creator_75,Action,51,2026-03-12T09:53:00Z,en,"vlog,bts,thrill,short,cinematic,fun,trending,viral,scary,indie",0
My Creative Vlog #1,Creator_35,Drama,18,2026-01-25T18:00:00Z,en,"trending,short,cinematic,scary,thrill,bts,fun",1
Warner Bros. Exclusive - Video #93,Warner Bros.,Comedy,25,2026-01-05T15:13:00Z,en,"vlog,scary",1
My Creative Vlog #8,Creator_25,Action,52,2026-04-21T06:39:00Z,ko,"vlog,thrill,cinematic",0
Marvel Entertainment Exclusive - Video #25,Marvel Entertainment,Sci-Fi,77,2026-06-15T19:31:00Z,en,indie,1
My Creative Vlog #3,Creator_74,Comedy,26,2026-03-05T04:45:00Z,en,"scary,trending,viral",0
Netflix Exclusive - Video #83,Netflix,Thriller,128,2026-02-23T22:07:00Z,en,"viral,cinematic,scary,short,bts,vlog",1
My Creative Vlog #7,Creator_42,Sci-Fi,129,2026-05-13T21:17:00Z,fr,"scary,fun,bts,short,vlog,viral,thrill,indie,cinematic,trending",0
My Creative Vlog #1,Creator_21,Thriller,140,2026-04-28T16:18:00Z,hi,"viral,thrill,fun,short,indie,bts",0
My Creative Vlog #2,Creator_68,Romance,90,2026-03-19T20:14:00Z,fr,"thrill,short,indie",0
My Creative Vlog #1,Creator_18,Action,127,2026-05-05T12:14:00Z,en,thrill,0
My Creative Vlog #9,Creator_35,Horror,104,2026-01-06T02:36:00Z,en,"thrill,bts,scary",1
My Creative Vlog #10,Creator_79,Drama,161,2026-05-08T16:00:00Z,en,,0
My Creative Vlog #6,Creator_73,Thriller,106,2026-02-19T05:06:00Z,es,"indie,thrill,vlog,short,viral,scary,fun,trending,cinematic,bts",1
MrBeast Exclusive - Video #55,MrBeast,Romance,62,2026-05-17T10:31:00Z,hi,"vlog,trending,viral,bts,thrill,short",1
My Creative Vlog #2,Creator_10,Romance,35,2026-02-26T23:13:00Z,hi,"viral,trending,thrill,vlog,short",1
My Creative Vlog #6,Creator_12,Action,123,2026-01-31T02:51:00Z,es,"bts,vlog,scary,trending,short,fun,viral,thrill,indie,cinematic",0
My Creative Vlog #2,Creator_43,Comedy,21,2026-05-30T07:59:00Z,es,,0
My Creative Vlog #9,Creator_58,Drama,7,2026-01-25T20:36:00Z,en,"thrill,scary,fun,indie,viral,cinematic,trending,short,vlog,bts",1
Netflix Exclusive - Video #94,Netflix,Romance,58,2026-06-08T04:02:00Z,en,"scary,cinematic,thrill,indie,vlog,bts,viral,fun,trending,short",1
My Creative Vlog #3,Creator_69,Sci-Fi,58,2026-01-22T05:13:00Z,en,"indie,viral",0
A24 Exclusive - Video #76,A24,Documentary,116,2026-02-10T19:34:00Z,hi,"indie,fun,short,vlog,bts,cinematic,viral",1
Marvel Entertainment Exclusive - Video #69,Marvel Entertainment,Comedy,23,2026-01-30T22:08:00Z,en,"vlog,viral,short",1
My Creative Vlog #1,Creator_18,Drama,138,2026-03-01T04:15:00Z,en,"bts,vlog,viral,short,thrill,cinematic,trending,indie",0
Marvel Entertainment Exclusive - Video #27,Marvel Entertainment,Drama,12,2026-04-20T15:54:00Z,hi,"scary,viral",1
A24 Exclusive - Video #91,A24,Comedy,28,2026-03-24T14:10:00Z,es,"trending,bts,vlog,indie,short",1
My Creative Vlog #1,Creator_93,Comedy,15,2026-02-12T23:51:00Z,en,scary,0
My Creative Vlog #6,Creator_69,Thriller,145,2026-06-11T23:38:00Z,en,"fun,cinematic,vlog,scary,short,trending,bts,viral,indie,thrill",0
My Creative Vlog #9,Creator_63,Comedy,9,2026-02-14T09:32:00Z,en,"indie,short,trending,thrill,scary",1
A24 Exclusive - Video #43,A24,Action,93,2026-03-30T20:21:00Z,en,"vlog,thrill,fun,scary,indie",1
MrBeast Exclusive - Video #75,MrBeast,Action,86,2026-04-05T21:03:00Z,ja,"fun,indie,trending,thrill",1
Warner Bros. Exclusive - Video #40,Warner Bros.,Sci-Fi,122,2026-06-07T17:29:00Z,ja,"trending,vlog,fun,viral,bts,cinematic,short,thrill,scary,indie",1
My Creative Vlog #1,Creator_68,Horror,161,2026-03-08T20:11:00Z,fr,"scary,vlog,bts,short,cinematic,viral,trending",1
My Creative Vlog #7,Creator_19,Horror,44,2026-05-14T18:41:00Z,es,"thrill,fun,trending,viral,scary,indie",1
My Creative Vlog #2,Creator_28,Horror,65,2026-01-22T14:55:00Z,en,"thrill,indie,fun,short,vlog,cinematic",0
My Creative Vlog #9,Creator_44,Drama,76,2026-02-19T23:01:00Z,en,"indie,thrill,bts,short,fun,cinematic,trending",1
My Creative Vlog #9,Creator_72,Drama,71,2026-03-26T23:08:00Z,fr,"trending,cinematic,bts,fun,vlog,short,indie,thrill,scary",0
My Creative Vlog #4,Creator_46,Horror,151,2026-03-22T22:07:00Z,ko,"scary,fun,viral,trending,indie,thrill,bts,vlog,short,cinematic",1
Marvel Entertainment Exclusive - Video #21,Marvel Entertainment,Action,108,2026-02-25T04:25:00Z,ja,"trending,indie,bts",1
My Creative Vlog #6,Creator_98,Sci-Fi,57,2026-04-29T16:54:00Z,ko,"vlog,bts,trending,short,viral,cinematic,indie,scary,fun,thrill",0
Marvel Entertainment Exclusive - Video #77,Marvel Entertainment,Thriller,76,2026-06-26T12:21:00Z,fr,"short,thrill,vlog,indie,bts,trending,scary,cinematic,fun,viral",1
Netflix Exclusive - Video #19,Netflix,Horror,155,2026-01-19T03:55:00Z,es,vlog,1
My Creative Vlog #1,Creator_44,Drama,105,2026-02-19T05:52:00Z,en,"bts,vlog,fun",0
T-Series Exclusive - Video #19,T-Series,Comedy,13,2026-01-10T22:47:00Z,es,"vlog,bts",1
My Creative Vlog #1,Creator_81,Documentary,61,2026-05-07T12:27:00Z,ko,"trending,vlog,viral,bts,cinematic,short,scary,indie,fun,thrill",0
My Creative Vlog #2,Creator_78,Thriller,94,2026-02-09T21:29:00Z,en,"scary,viral,fun,indie,vlog",1
T-Series Exclusive - Video #75,T-Series,Drama,112,2026-05-27T03:31:00Z,fr,"vlog,fun,scary,thrill,bts,cinematic",1
T-Series Exclusive - Video #95,T-Series,Drama,105,2026-01-12T06:14:00Z,ja,"viral,trending,bts,cinematic,fun,scary,vlog,indie,thrill",1
My Creative Vlog #5,Creator_9,Horror,147,2026-02-16T00:45:00Z,fr,"bts,fun,indie,short",1
My Creative Vlog #10,Creator_54,Sci-Fi,144,2026-06-18T09:53:00Z,fr,vlog,0
My Creative Vlog #10,Creator_50,Action,63,2026-03-26T18:06:00Z,es,,0
My Creative Vlog #4,Creator_23,Comedy,10,2026-02-27T09:49:00Z,en,"indie,bts,trending,scary,thrill,short,vlog,cinematic,viral,fun",0
My Creative Vlog #8,Creator_83,Drama,56,2026-03-21T17:46:00Z,hi,"bts,scary,cinematic,short,indie,thrill,fun,vlog",1
My Creative Vlog #6,Creator_1,Sci-Fi,129,2026-01-31T04:57:00Z,ko,"trending,vlog,fun,scary,thrill",1
A24 Exclusive - Video #44,A24,Comedy,30,2026-05-21T12:36:00Z,ko,"indie,viral,scary,trending,thrill",1
My Creative Vlog #3,Creator_88,Action,148,2026-05-16T10:36:00Z,ja,"viral,thrill,scary,indie,fun,short,bts,trending,vlog,cinematic",0
Warner Bros. Exclusive - Video #71,Warner Bros.,Action,45,2026-01-02T21:54:00Z,ko,"indie,bts,viral,trending,vlog,scary,short,cinematic,fun",1
Netflix Exclusive - Video #16,Netflix,Comedy,17,2026-05-16T01:39:00Z,es,thrill,1
My Creative Vlog #8,Creator_7,Sci-Fi,144,2026-02-15T20:33:00Z,hi,"short,indie,fun,trending,cinematic,bts,viral,thrill,scary",0
My Creative Vlog #8,Creator_8,Drama,104,2026-04-16T21:08:00Z,en,"trending,vlog,viral,cinematic,scary",1
My Creative Vlog #3,Creator_7,Comedy,29,2026-03-09T00:25:00Z,es,scary,0
Warner Bros. Exclusive - Video #50,Warner Bros.,Documentary,44,2026-02-21T11:58:00Z,ko,short,1
Warner Bros. Exclusive - Video #96,Warner Bros.,Comedy,7,2026-06-04T05:00:00Z,ko,scary,1
My Creative Vlog #6,Creator_86,Drama,120,2026-05-07T17:36:00Z,ja,"viral,scary,vlog,short,trending,thrill",1
Warner Bros. Exclusive - Video #84,Warner Bros.,Documentary,13,2026-02-06T12:18:00Z,en,indie,1
Netflix Exclusive - Video #60,Netflix,Romance,137,2026-01-28T04:57:00Z,fr,"short,vlog,fun,viral,trending,cinematic,indie,bts,thrill,scary",1
My Creative Vlog #4,Creator_14,Horror,133,2026-04-18T05:36:00Z,ja,"short,bts,scary,indie,vlog,viral,thrill,trending,fun,cinematic",0
My Creative Vlog #1,Creator_58,Romance,180,2026-05-31T17:46:00Z,ko,"viral,short,vlog,cinematic,trending,scary",1
My Creative Vlog #3,Creator_67,Thriller,91,2026-01-01T12:34:00Z,en,fun,0
Warner Bros. Exclusive - Video #21,Warner Bros.,Sci-Fi,131,2026-06-18T11:00:00Z,ja,"short,viral,thrill,scary,bts,vlog,trending,fun",0
T-Series Exclusive - Video #68,T-Series,Thriller,116,2026-06-01T17:49:00Z,es,"indie,vlog,thrill",1
My Creative Vlog #10,Creator_56,Horror,130,2026-03-16T20:08:00Z,es,"cinematic,vlog,viral,bts,trending,fun,thrill,short,scary",0
My Creative Vlog #4,Creator_62,Drama,7,2026-06-07T14:17:00Z,ko,"viral,bts,short,scary,thrill,cinematic,indie,vlog,trending,fun",0
Warner Bros. Exclusive - Video #50,Warner Bros.,Action,108,2026-01-10T20:34:00Z,ja,"vlog,trending,indie,cinematic,viral,short,fun,bts,thrill,scary",1
My Creative Vlog #7,Creator_50,Documentary,176,2026-04-27T18:02:00Z,en,"viral,fun,thrill,short,bts,vlog,indie,cinematic,scary,trending",1
My Creative Vlog #3,Creator_26,Documentary,157,2026-03-17T05:40:00Z,hi,"fun,vlog,thrill,indie,scary,viral,short,bts,trending,cinematic",0
My Creative Vlog #3,Creator_42,Documentary,124,2026-02-15T10:24:00Z,en,"fun,indie,scary,vlog,cinematic,viral,bts,short,thrill",0
A24 Exclusive - Video #72,A24,Horror,99,2026-05-24T10:01:00Z,ja,"short,thrill,vlog,viral,trending,indie,fun,scary,cinematic,bts",1
Marvel Entertainment Exclusive - Video #52,Marvel Entertainment,Action,79,2026-01-10T02:53:00Z,ja,"indie,thrill,viral",1
MrBeast Exclusive - Video #35,MrBeast,Comedy,11,2026-02-14T11:39:00Z,hi,"short,vlog,viral,bts,scary,cinematic",1
My Creative Vlog #2,Creator_90,Horror,23,2026-01-10T11:11:00Z,fr,"bts,vlog,viral,cinematic,thrill,indie",1
My Creative Vlog #8,Creator_17,Thriller,79,2026-04-03T04:15:00Z,ja,"fun,bts,cinematic,thrill,scary,short",0
My Creative Vlog #7,Creator_65,Romance,138,2026-04-24T08:19:00Z,en,"short,cinematic",0
My Creative Vlog #9,Creator_36,Documentary,151,2026-04-19T11:50:00Z,ja,"bts,thrill,fun,vlog,viral,short,trending,scary,cinematic,indie",0
My Creative Vlog #4,Creator_76,Comedy,12,2026-02-03T20:56:00Z,en,"cinematic,bts,viral,short,trending,fun,thrill,indie,vlog,scary",1
My Creative Vlog #2,Creator_88,Horror,78,2026-03-14T16:33:00Z,ko,"bts,short,fun,scary,cinematic,viral",0
My Creative Vlog #5,Creator_93,Sci-Fi,64,2026-01-02T04:23:00Z,en,"thrill,scary,viral,bts,short",1
My Creative Vlog #3,Creator_14,Action,53,2026-02-02T06:38:00Z,en,"trending,thrill,viral,bts,scary,indie,vlog,fun,cinematic,short",0
My Creative Vlog #6,Creator_60,Thriller,113,2026-02-12T15:25:00Z,en,"short,fun,vlog,bts,scary,cinematic,indie,viral,thrill,trending",0
My Creative Vlog #6,Creator_5,Drama,159,2026-01-24T16:52:00Z,fr,"vlog,scary,viral,bts,trending,thrill",1
My Creative Vlog #8,Creator_83,Drama,17,2026-04-28T21:13:00Z,hi,"scary,fun,trending,vlog,viral,cinematic,thrill",1
My Creative Vlog #7,Creator_95,Drama,26,2026-04-20T10:42:00Z,en,"thrill,scary,fun,viral,indie,short,bts,vlog,trending,cinematic",0
My Creative Vlog #8,Creator_60,Action,65,2026-04-11T09:15:00Z,en,"cinematic,thrill,vlog,short,scary,indie,trending,bts,viral",1
My Creative Vlog #3,Creator_1,Drama,113,2026-01-18T05:03:00Z,ja,"bts,short,vlog",1
My Creative Vlog #3,Creator_42,Action,61,2026-02-08T00:51:00Z,en,"cinematic,indie",1
Warner Bros. Exclusive - Video #32,Warner Bros.,Thriller,50,2026-03-09T17:31:00Z,fr,"vlog,bts,short,fun,cinematic,viral,indie,scary",1
My Creative Vlog #1,Creator_51,Thriller,70,2026-01-05T08:19:00Z,hi,"viral,cinematic,bts,scary,trending,fun",1
A24 Exclusive - Video #83,A24,Comedy,5,2026-02-08T20:36:00Z,en,"bts,cinematic,trending,short,fun,viral,scary,thrill,indie,vlog",1
T-Series Exclusive - Video #70,T-Series,Comedy,11,2026-06-25T18:31:00Z,en,"viral,fun,indie,trending,cinematic,bts,thrill,short,vlog",1
Netflix Exclusive - Video #87,Netflix,Comedy,8,2026-01-29T12:25:00Z,en,"fun,trending",1
My Creative Vlog #8,Creator_68,Action,70,2026-06-09T23:46:00Z,hi,,0
My Creative Vlog #9,Creator_27,Thriller,129,2026-02-15T14:41:00Z,es,"vlog,viral,fun,indie,short,bts,trending,scary,thrill,cinematic",1
My Creative Vlog #6,Creator_18,Thriller,118,2026-06-20T10:08:00Z,en,"thrill,indie,fun,trending,bts,viral,short,cinematic,scary",1
My Creative Vlog #10,Creator_28,Documentary,33,2026-06-27T18:31:00Z,en,"viral,scary,short,trending,bts,fun,cinematic,vlog,thrill,indie",1
My Creative Vlog #4,Creator_17,Thriller,78,2026-01-20T23:49:00Z,en,,0
Netflix Exclusive - Video #56,Netflix,Drama,123,2026-03-01T17:31:00Z,es,,1
My Creative Vlog #2,Creator_93,Sci-Fi,99,2026-06-01T00:26:00Z,hi,"fun,thrill",0
MrBeast Exclusive - Video #43,MrBeast,Drama,176,2026-06-11T20:00:00Z,hi,"thrill,trending,scary,vlog,indie,cinematic,fun,viral,short,bts",1
Netflix Exclusive - Video #57,Netflix,Romance,152,2026-06-23T11:23:00Z,es,"fun,scary,thrill,vlog,trending,viral",1
My Creative Vlog #1,Creator_15,Thriller,143,2026-01-31T16:07:00Z,en,"trending,indie,scary",0
My Creative Vlog #8,Creator_12,Drama,109,2026-05-13T01:34:00Z,en,"viral,cinematic,short,trending,bts,thrill,indie,fun",0
Netflix Exclusive - Video #35,Netflix,Thriller,97,2026-04-26T03:15:00Z,en,"scary,cinematic,viral,trending,fun,vlog,thrill",1
My Creative Vlog #4,Creator_15,Thriller,47,2026-05-25T13:11:00Z,ja,"vlog,cinematic,short,scary,bts,indie,fun,viral",1
T-Series Exclusive - Video #30,T-Series,Romance,66,2026-04-22T12:27:00Z,en,cinematic,1
My Creative Vlog #8,Creator_90,Thriller,49,2026-01-15T08:25:00Z,ko,"viral,thrill,cinematic,short,vlog,trending",1
Marvel Entertainment Exclusive - Video #72,Marvel Entertainment,Romance,32,2026-03-06T01:01:00Z,es,"scary,vlog,viral,indie,cinematic,thrill,fun,bts,trending",1
My Creative Vlog #3,Creator_41,Thriller,77,2026-06-06T19:32:00Z,en,"bts,thrill,short,scary,vlog,cinematic,indie,fun,trending,viral",0
My Creative Vlog #7,Creator_54,Horror,27,2026-04-16T12:06:00Z,en,"short,thrill,trending",0
Warner Bros. Exclusive - Video #51,Warner Bros.,Sci-Fi,68,2026-02-23T23:44:00Z,es,"bts,viral,short,indie,trending,cinematic,fun,thrill,vlog",0
T-Series Exclusive - Video #79,T-Series,Drama,28,2026-01-23T13:03:00Z,en,"trending,thrill,viral,indie,vlog,bts,short,scary,fun,cinematic",1
My Creative Vlog #10,Creator_65,Horror,170,2026-05-11T00:52:00Z,en,"indie,thrill,vlog,short,viral,cinematic,trending,bts",1
T-Series Exclusive - Video #74,T-Series,Documentary,113,2026-01-03T17:11:00Z,en,"trending,thrill,bts,scary,indie,fun,cinematic,vlog,short,viral",1
Marvel Entertainment Exclusive - Video #61,Marvel Entertainment,Comedy,29,2026-06-15T21:05:00Z,en,"short,thrill,fun,vlog,cinematic,scary,viral,indie",1
My Creative Vlog #8,Creator_86,Thriller,79,2026-01-12T18:22:00Z,hi,"viral,thrill,bts,indie,vlog,scary,trending,short,fun,cinematic",1
T-Series Exclusive - Video #46,T-Series,Action,87,2026-04-07T11:06:00Z,fr,"indie,fun,thrill,cinematic,trending,short,scary,vlog,viral",1
My Creative Vlog #5,Creator_93,Sci-Fi,48,2026-03-10T14:32:00Z,es,"viral,short",0
My Creative Vlog #7,Creator_81,Horror,139,2026-05-20T04:00:00Z,hi,"vlog,indie,scary,thrill",0
My Creative Vlog #8,Creator_51,Drama,135,2026-04-24T19:36:00Z,en,"trending,viral,vlog,fun,bts,short",0
My Creative Vlog #3,Creator_82,Action,136,2026-04-15T03:14:00Z,hi,"indie,trending,cinematic,viral,bts,vlog,fun",0
My Creative Vlog #1,Creator_90,Drama,93,2026-03-13T09:31:00Z,en,"viral,bts,indie,fun",1
My Creative Vlog #1,Creator_36,Sci-Fi,96,2026-01-17T15:48:00Z,fr,"viral,vlog,fun,cinematic,short,thrill,trending,indie,scary,bts",0
Netflix Exclusive - Video #66,Netflix,Horror,106,2026-05-13T03:50:00Z,hi,"bts,fun,indie,cinematic,scary",1
My Creative Vlog #10,Creator_69,Action,134,2026-05-29T12:44:00Z,fr,"vlog,indie,thrill,cinematic",0
A24 Exclusive - Video #16,A24,Comedy,8,2026-06-07T04:46:00Z,en,,1
My Creative Vlog #10,Creator_30,Sci-Fi,71,2026-04-18T10:15:00Z,ko,"fun,viral,thrill,bts,indie,short,trending,vlog,cinematic,scary",0
Marvel Entertainment Exclusive - Video #84,Marvel Entertainment,Horror,46,2026-01-13T09:58:00Z,ko,"thrill,vlog,indie,scary,short,cinematic",1
My Creative Vlog #8,Creator_47,Romance,88,2026-05-18T00:36:00Z,fr,"thrill,cinematic,scary,viral,bts,vlog,trending,indie,short,fun",0
My Creative Vlog #3,Creator_49,Drama,108,2026-03-28T22:18:00Z,en,indie,1
Netflix Exclusive - Video #11,Netflix,Sci-Fi,65,2026-02-17T03:11:00Z,en,"fun,short,indie,scary",1
My Creative Vlog #6,Creator_98,Comedy,17,2026-01-08T03:05:00Z,en,"viral,bts,cinematic,indie",0
My Creative Vlog #7,Creator_67,Thriller,45,2026-05-18T00:06:00Z,fr,"vlog,indie,short,cinematic,scary,thrill,viral,trending,fun",0
My Creative Vlog #1,Creator_57,Horror,115,2026-02-04T22:26:00Z,es,"indie,viral",1
Warner Bros. Exclusive - Video #77,Warner Bros.,Horror,59,2026-05-03T10:14:00Z,ko,"bts,indie,trending,scary,thrill",1
MrBeast Exclusive - Video #75,MrBeast,Drama,80,2026-02-02T03:42:00Z,hi,"cinematic,thrill,bts,indie,fun,trending,vlog,short",1
My Creative Vlog #8,Creator_37,Documentary,38,2026-02-20T02:07:00Z,en,"fun,short,thrill",1
My Creative Vlog #10,Creator_63,Comedy,19,2026-04-23T12:48:00Z,hi,"thrill,fun,short",0
My Creative Vlog #7,Creator_69,Drama,19,2026-05-02T11:45:00Z,en,"vlog,trending,viral,thrill,scary,short,bts,indie,fun,cinematic",0
My Creative Vlog #3,Creator_65,Horror,160,2026-02-28T10:54:00Z,hi,"trending,bts,viral,thrill",1
My Creative Vlog #7,Creator_9,Documentary,45,2026-03-13T08:16:00Z,ja,"thrill,indie,trending,vlog",0
My Creative Vlog #2,Creator_89,Romance,155,2026-06-08T06:28:00Z,en,,0
My Creative Vlog #6,Creator_93,Action,127,2026-06-02T03:09:00Z,fr,"vlog,thrill,indie,short,bts,cinematic,scary,fun",0
My Creative Vlog #10,Creator_98,Thriller,84,2026-03-22T15:37:00Z,en,"viral,thrill,short,cinematic,bts,fun,scary",0
My Creative Vlog #9,Creator_77,Sci-Fi,135,2026-03-06T05:17:00Z,en,"vlog,scary,short",0
My Creative Vlog #3,Creator_14,Comedy,25,2026-06-18T17:31:00Z,en,"fun,scary,bts,thrill,indie,trending",1
Warner Bros. Exclusive - Video #25,Warner Bros.,Thriller,149,2026-01-30T00:11:00Z,hi,"trending,bts",1
My Creative Vlog #2,Creator_49,Thriller,48,2026-05-11T20:38:00Z,fr,"indie,viral,trending,thrill,short,fun,vlog,scary,bts,cinematic",0
My Creative Vlog #4,Creator_84,Comedy,23,2026-05-11T01:50:00Z,fr,"indie,vlog,fun,viral",0
My Creative Vlog #2,Creator_41,Thriller,45,2026-02-20T23:49:00Z,en,"indie,fun,trending,vlog,bts,cinematic,scary",1
A24 Exclusive - Video #15,A24,Sci-Fi,100,2026-06-21T12:27:00Z,es,viral,1
Netflix Exclusive - Video #38,Netflix,Horror,1,2026-04-25T17:20:00Z,en,"bts,thrill,short,trending,vlog,cinematic",1
My Creative Vlog #9,Creator_38,Drama,97,2026-05-17T23:36:00Z,ko,"indie,short",1
My Creative Vlog #9,Creator_72,Comedy,20,2026-05-16T21:42:00Z,fr,"bts,viral,cinematic,trending,fun,thrill,scary,indie,vlog,short",1
My Creative Vlog #10,Creator_3,Action,61,2026-01-06T02:08:00Z,ko,"cinematic,short,fun,scary,trending,vlog,bts,thrill,indie,viral",0
My Creative Vlog #8,Creator_16,Romance,117,2026-03-16T22:05:00Z,en,"thrill,indie,fun,vlog,trending,cinematic,viral",0
My Creative Vlog #7,Creator_18,Horror,46,2026-02-11T04:38:00Z,fr,"vlog,viral,short,trending,cinematic",0
Warner Bros. Exclusive - Video #23,Warner Bros.,Documentary,175,2026-03-17T11:31:00Z,en,"indie,vlog,fun,trending,thrill",0
My Creative Vlog #1,Creator_3,Comedy,25,2026-04-13T07:59:00Z,ja,"thrill,trending,short,viral,indie,cinematic",0
My Creative Vlog #3,Creator_65,Documentary,72,2026-01-02T01:05:00Z,fr,"vlog,fun,bts,cinematic,short,scary,viral,trending",0
My Creative Vlog #6,Creator_70,Thriller,106,2026-01-17T01:50:00Z,ja,"trending,viral,vlog,thrill,fun,bts,short,scary",1
Netflix Exclusive - Video #15,Netflix,Documentary,59,2026-04-23T01:52:00Z,en,"trending,bts,short",1
Netflix Exclusive - Video #10,Netflix,Romance,66,2026-06-29T20:05:00Z,es,"cinematic,thrill,scary,indie,bts,viral,short,vlog",1
My Creative Vlog #6,Creator_53,Drama,153,2026-03-07T08:30:00Z,en,"viral,vlog,fun,scary,bts,short",1
My Creative Vlog #2,Creator_93,Thriller,78,2026-03-27T01:09:00Z,ja,"vlog,indie,scary,cinematic,viral,trending,short,bts,thrill,fun",0
My Creative Vlog #6,Creator_31,Drama,108,2026-05-16T01:25:00Z,es,"indie,trending,bts,scary,viral,thrill,cinematic,fun",1
My Creative Vlog #6,Creator_23,Action,93,2026-06-11T09:25:00Z,en,"trending,cinematic,vlog,bts,scary,short,fun,thrill",0
My Creative Vlog #2,Creator_46,Documentary,102,2026-02-10T06:36:00Z,en,"trending,bts,cinematic,indie,fun,vlog,thrill,viral,short,scary",0
My Creative Vlog #2,Creator_13,Comedy,19,2026-05-10T12:06:00Z,en,"cinematic,thrill",0
My Creative Vlog #3,Creator_88,Drama,163,2026-01-07T12:45:00Z,ja,"cinematic,thrill,viral",1
MrBeast Exclusive - Video #82,MrBeast,Documentary,16,2026-01-03T05:55:00Z,ko,"trending,viral,cinematic,bts,fun,vlog,thrill,scary,short,indie",1
MrBeast Exclusive - Video #15,MrBeast,Romance,26,2026-04-24T22:12:00Z,en,"bts,vlog,trending,fun,cinematic,thrill,indie",1
My Creative Vlog #1,Creator_9,Thriller,95,2026-03-15T21:39:00Z,hi,"trending,scary,viral,bts",1
Warner Bros. Exclusive - Video #64,Warner Bros.,Thriller,109,2026-06-06T22:48:00Z,es,viral,1
My Creative Vlog #6,Creator_29,Drama,140,2026-04-02T11:48:00Z,hi,"bts,cinematic,fun,trending,short",0
My Creative Vlog #10,Creator_63,Thriller,127,2026-01-05T12:36:00Z,ko,"trending,viral,indie,cinematic,scary,short,fun,bts",1
My Creative Vlog #4,Creator_28,Horror,79,2026-05-29T22:23:00Z,hi,,0
MrBeast Exclusive - Video #11,MrBeast,Action,65,2026-06-12T11:53:00Z,en,short,1
T-Series Exclusive - Video #33,T-Series,Horror,28,2026-04-28T17:16:00Z,en,"trending,fun,vlog,viral,indie,short,thrill,bts,scary",1
My Creative Vlog #1,Creator_87,Documentary,63,2026-01-02T20:48:00Z,ko,"thrill,scary,trending,viral,short,cinematic,vlog,indie",1
My Creative Vlog #5,Creator_1,Documentary,117,2026-03-27T18:35:00Z,fr,"bts,fun,viral,short,thrill",1
T-Series Exclusive - Video #15,T-Series,Action,75,2026-04-18T21:51:00Z,en,"trending,fun,short,vlog,indie,thrill,viral,bts,scary,cinematic",1
My Creative Vlog #2,Creator_15,Documentary,42,2026-02-27T22:48:00Z,en,"scary,indie",1
My Creative Vlog #3,Creator_78,Comedy,16,2026-05-15T03:33:00Z,fr,"trending,cinematic,viral,scary,bts,vlog,indie,thrill,short,fun",0
My Creative Vlog #10,Creator_41,Romance,177,2026-05-01T05:45:00Z,en,"vlog,bts,trending,cinematic,short,fun",1
My Creative Vlog #10,Creator_90,Action,53,2026-05-21T12:38:00Z,en,"bts,short,fun,indie,thrill,vlog,cinematic,viral",1
My Creative Vlog #3,Creator_18,Romance,42,2026-01-01T01:11:00Z,hi,"thrill,vlog,fun,cinematic,viral,indie,bts,trending,scary",0
My Creative Vlog #4,Creator_84,Drama,135,2026-01-29T02:26:00Z,ja,"bts,scary,trending,cinematic,viral,short,indie,thrill,fun",0
My Creative Vlog #4,Creator_20,Drama,34,2026-04-23T15:22:00Z,en,"viral,scary,cinematic,short,bts,trending,indie,fun,thrill,vlog",0
Warner Bros. Exclusive - Video #10,Warner Bros.,Thriller,89,2026-06-02T07:59:00Z,fr,"short,cinematic,indie,thrill,trending,bts,viral",1
My Creative Vlog #2,Creator_88,Romance,77,2026-04-07T19:02:00Z,en,"vlog,scary,viral,indie,trending,fun,short,thrill,bts",0
Marvel Entertainment Exclusive - Video #20,Marvel Entertainment,Action,60,2026-04-18T15:00:00Z,en,"indie,vlog,cinematic,bts,scary",1
My Creative Vlog #4,Creator_50,Sci-Fi,64,2026-01-22T18:32:00Z,ko,"cinematic,trending,thrill,short,fun",1
Netflix Exclusive - Video #66,Netflix,Sci-Fi,95,2026-02-20T21:19:00Z,hi,"scary,indie,cinematic,trending,fun,thrill,bts,vlog,viral,short",1
Netflix Exclusive - Video #21,Netflix,Horror,38,2026-03-07T06:50:00Z,ko,"fun,cinematic,vlog,bts,short,viral,trending,indie,scary,thrill",1
My Creative Vlog #10,Creator_13,Sci-Fi,63,2026-06-13T07:46:00Z,es,"viral,indie,thrill,bts,vlog,short,fun,trending,scary,cinematic",0
Marvel Entertainment Exclusive - Video #40,Marvel Entertainment,Action,76,2026-03-08T06:52:00Z,en,"scary,viral,vlog,cinematic,fun,thrill,bts,short,trending,indie",1
My Creative Vlog #6,Creator_64,Romance,103,2026-05-31T22:57:00Z,es,"cinematic,scary,bts,viral,vlog,fun,short,indie,thrill,trending",1
My Creative Vlog #7,Creator_9,Action,80,2026-02-02T02:11:00Z,ja,"cinematic,trending,vlog,thrill",0
My Creative Vlog #9,Creator_40,Comedy,15,2026-02-17T12:38:00Z,en,"cinematic,indie,vlog,fun,scary",0
My Creative Vlog #4,Creator_18,Documentary,151,2026-01-31T08:11:00Z,ko,thrill,0
Warner Bros. Exclusive - Video #63,Warner Bros.,Comedy,14,2026-03-23T09:13:00Z,en,"bts,indie,scary,cinematic,short,viral,trending",1
My Creative Vlog #3,Creator_46,Drama,31,2026-01-21T11:46:00Z,fr,vlog,0
My Creative Vlog #5,Creator_85,Drama,111,2026-05-10T14:16:00Z,es,"short,trending,viral,scary,bts,cinematic,vlog,fun,thrill,indie",0
My Creative Vlog #7,Creator_74,Sci-Fi,132,2026-03-24T13:12:00Z,hi,"trending,viral,thrill,bts,cinematic,indie,fun",1
My Creative Vlog #1,Creator_85,Thriller,48,2026-02-08T15:54:00Z,en,"fun,viral,thrill,vlog,bts,scary,indie,trending,short,cinematic",1
My Creative Vlog #4,Creator_16,Sci-Fi,112,2026-06-10T22:05:00Z,fr,"trending,scary",0
A24 Exclusive - Video #29,A24,Sci-Fi,67,2026-01-07T19:41:00Z,en,"short,scary,cinematic,viral,bts,fun,thrill,vlog,trending",0
My Creative Vlog #10,Creator_30,Action,111,2026-06-04T19:11:00Z,en,"cinematic,short,scary,indie",1
My Creative Vlog #9,Creator_12,Documentary,9,2026-05-01T12:05:00Z,en,"short,trending,fun,scary,thrill,indie,vlog,bts",0
My Creative Vlog #4,Creator_71,Drama,23,2026-05-07T21:50:00Z,ko,"thrill,vlog,bts,indie,scary,cinematic,viral,short,fun,trending",0
My Creative Vlog #3,Creator_28,Drama,42,2026-05-11T00:40:00Z,en,"bts,thrill,vlog,viral,fun,short,indie,cinematic,trending,scary",0
Warner Bros. Exclusive - Video #89,Warner Bros.,Documentary,55,2026-04-06T20:03:00Z,ko,"short,scary,viral",1
T-Series Exclusive - Video #97,T-Series,Romance,71,2026-01-27T07:00:00Z,fr,"cinematic,scary,thrill,indie,trending,short,fun,bts,vlog,viral",0
My Creative Vlog #9,Creator_8,Horror,170,2026-04-13T07:36:00Z,fr,"cinematic,indie,viral,fun,bts,vlog,scary,trending,short,thrill",0
A24 Exclusive - Video #94,A24,Comedy,16,2026-01-23T13:46:00Z,es,viral,1
T-Series Exclusive - Video #44,T-Series,Thriller,117,2026-06-21T02:36:00Z,ko,"scary,cinematic,short,thrill,bts,fun,viral,trending,vlog",1
My Creative Vlog #5,Creator_20,Comedy,11,2026-05-27T07:48:00Z,ko,"indie,short,vlog,scary,trending,thrill,bts,cinematic,fun",0
My Creative Vlog #10,Creator_11,Drama,34,2026-04-23T20:24:00Z,en,"cinematic,vlog,short,bts,thrill,scary,fun",0
A24 Exclusive - Video #97,A24,Horror,52,2026-01-30T19:05:00Z,ko,"thrill,scary,trending,bts,cinematic",1
Warner Bros. Exclusive - Video #25,Warner Bros.,Drama,12,2026-02-10T03:37:00Z,en,"trending,cinematic,short,indie,scary",1
My Creative Vlog #8,Creator_37,Thriller,136,2026-01-13T00:08:00Z,ko,"short,indie,thrill,fun,bts,scary,cinematic,viral",0
My Creative Vlog #2,Creator_40,Sci-Fi,149,2026-02-21T12:56:00Z,ja,"trending,thrill,cinematic,bts,indie,scary",0
Warner Bros. Exclusive - Video #14,Warner Bros.,Sci-Fi,79,2026-05-25T13:39:00Z,en,"short,viral,vlog,cinematic,thrill,fun,bts",1
Netflix Exclusive - Video #98,Netflix,Documentary,152,2026-04-30T23:00:00Z,en,"cinematic,viral,fun,thrill,vlog",1
My Creative Vlog #2,Creator_31,Documentary,158,2026-03-16T16:39:00Z,ja,"indie,cinematic,thrill,scary,vlog,bts,viral,short,fun",0
A24 Exclusive - Video #42,A24,Comedy,30,2026-03-20T19:07:00Z,ko,"bts,scary,vlog,indie,cinematic,fun,thrill,short,viral",1
T-Series Exclusive - Video #43,T-Series,Thriller,112,2026-06-23T21:44:00Z,en,"scary,trending",1
A24 Exclusive - Video #71,A24,Action,118,2026-06-21T17:41:00Z,es,scary,1
T-Series Exclusive - Video #15,T-Series,Romance,84,2026-03-19T16:22:00Z,hi,"indie,cinematic,vlog,scary",1
My Creative Vlog #4,Creator_5,Thriller,50,2026-03-19T08:36:00Z,ko,"indie,viral,fun,cinematic",1
My Creative Vlog #6,Creator_19,Comedy,9,2026-01-30T06:46:00Z,fr,"indie,cinematic,bts,viral,fun",1
My Creative Vlog #9,Creator_1,Sci-Fi,148,2026-01-21T18:39:00Z,hi,thrill,1
A24 Exclusive - Video #51,A24,Sci-Fi,94,2026-02-26T02:04:00Z,hi,"vlog,cinematic,trending,viral,fun,indie,thrill,scary",0
Warner Bros. Exclusive - Video #34,Warner Bros.,Horror,118,2026-03-16T05:16:00Z,ko,"viral,trending,thrill",1
My Creative Vlog #7,Creator_65,Thriller,49,2026-05-22T20:20:00Z,en,"thrill,indie,trending,viral,cinematic,short,scary,vlog,fun",0
My Creative Vlog #4,Creator_39,Documentary,15,2026-02-09T07:34:00Z,ja,,0
My Creative Vlog #8,Creator_24,Documentary,41,2026-02-20T06:08:00Z,en,"scary,trending,fun,vlog,viral,short,bts,thrill,indie",0
T-Series Exclusive - Video #66,T-Series,Comedy,28,2026-06-27T03:42:00Z,ko,"short,cinematic,trending,scary,indie,viral,vlog,fun,thrill,bts",0
A24 Exclusive - Video #57,A24,Action,52,2026-01-21T05:58:00Z,hi,"bts,vlog,thrill,indie,scary,viral,short,trending,fun,cinematic",0
Netflix Exclusive - Video #84,Netflix,Thriller,56,2026-04-27T22:10:00Z,en,"fun,thrill,trending,bts,short,scary,vlog,viral,indie,cinematic",1
My Creative Vlog #6,Creator_64,Horror,106,2026-01-28T19:50:00Z,en,"trending,indie,cinematic,short",1
My Creative Vlog #8,Creator_20,Drama,87,2026-05-10T02:11:00Z,en,"bts,trending,cinematic,scary,indie",1
Marvel Entertainment Exclusive - Video #28,Marvel Entertainment,Action,107,2026-03-05T20:12:00Z,fr,"viral,fun,bts,short,trending,cinematic,thrill,scary,indie",1
My Creative Vlog #2,Creator_7,Romance,13,2026-05-05T09:44:00Z,en,"scary,fun,cinematic,trending,thrill,short,vlog,bts,viral,indie",0
My Creative Vlog #8,Creator_15,Comedy,10,2026-02-14T04:57:00Z,fr,"thrill,scary,vlog,bts,short,viral",0
Warner Bros. Exclusive - Video #24,Warner Bros.,Sci-Fi,67,2026-04-07T21:20:00Z,es,"indie,scary,vlog,cinematic,bts,trending,viral,thrill,short",1
My Creative Vlog #5,Creator_3,Romance,131,2026-06-03T18:59:00Z,ja,,0
My Creative Vlog #2,Creator_45,Documentary,49,2026-06-24T14:31:00Z,es,"fun,indie,vlog,cinematic,short,viral,thrill,bts,scary",0
My Creative Vlog #8,Creator_64,Documentary,44,2026-02-10T11:36:00Z,en,,0
Netflix Exclusive - Video #28,Netflix,Drama,8,2026-06-17T11:36:00Z,en,"bts,thrill",1
My Creative Vlog #7,Creator_99,Action,50,2026-02-08T18:20:00Z,ja,"bts,indie,scary,short,viral,vlog,cinematic,fun,thrill,trending",1
My Creative Vlog #1,Creator_24,Sci-Fi,93,2026-01-20T10:42:00Z,es,"vlog,trending,cinematic,bts,viral,short,indie,scary,fun",0
My Creative Vlog #3,Creator_29,Comedy,25,2026-01-22T05:54:00Z,en,fun,0
A24 Exclusive - Video #24,A24,Documentary,138,2026-02-09T13:34:00Z,ko,"short,indie,thrill,trending,vlog,bts,cinematic,fun",1
MrBeast Exclusive - Video #49,MrBeast,Drama,173,2026-01-01T01:50:00Z,ko,"bts,vlog",1
My Creative Vlog #4,Creator_62,Documentary,134,2026-03-25T23:24:00Z,ko,"indie,thrill,viral,vlog",0
Warner Bros. Exclusive - Video #24,Warner Bros.,Drama,112,2026-02-07T05:04:00Z,hi,"trending,thrill",1
MrBeast Exclusive - Video #78,MrBeast,Action,146,2026-01-29T09:46:00Z,fr,"bts,viral,vlog,scary,thrill,indie,short,cinematic",1
My Creative Vlog #9,Creator_74,Comedy,25,2026-02-11T16:44:00Z,hi,vlog,0
My Creative Vlog #3,Creator_96,Thriller,52,2026-01-02T11:59:00Z,hi,"fun,vlog,cinematic,viral,thrill,scary,indie,trending,bts,short",1
Warner Bros. Exclusive - Video #77,Warner Bros.,Action,115,2026-01-01T11:35:00Z,en,"bts,fun,trending,short,scary,cinematic",1
My Creative Vlog #7,Creator_97,Action,74,2026-02-15T17:56:00Z,hi,"bts,indie,scary,viral,short,cinematic,trending,fun",1
My Creative Vlog #7,Creator_70,Drama,102,2026-04-27T03:15:00Z,ko,"thrill,viral,trending,short,vlog,cinematic,bts,indie",0
My Creative Vlog #4,Creator_94,Documentary,48,2026-04-29T23:38:00Z,en,"short,cinematic,trending,scary,indie,vlog,thrill,bts",0
My Creative Vlog #10,Creator_48,Drama,2,2026-06-12T17:33:00Z,en,"thrill,scary,viral,bts,short,vlog,indie,cinematic,trending,fun",0
My Creative Vlog #4,Creator_69,Horror,90,2026-06-19T15:11:00Z,en,"fun,indie,vlog,bts,cinematic,scary,thrill,trending,viral,short",0
Marvel Entertainment Exclusive - Video #85,Marvel Entertainment,Drama,88,2026-03-25T07:38:00Z,es,"indie,trending,short,cinematic,fun,viral,vlog,thrill,bts,scary",1
My Creative Vlog #2,Creator_39,Romance,147,2026-06-08T12:31:00Z,en,"trending,vlog,short,fun,cinematic,scary,indie,thrill",0
My Creative Vlog #5,Creator_52,Comedy,21,2026-02-19T19:51:00Z,es,indie,0
My Creative Vlog #6,Creator_81,Action,96,2026-05-29T17:51:00Z,en,"thrill,vlog,trending,fun,indie,cinematic",1
My Creative Vlog #6,Creator_2,Drama,31,2026-01-09T05:25:00Z,en,"trending,indie,vlog,fun,thrill,cinematic,bts",0
My Creative Vlog #4,Creator_14,Thriller,116,2026-05-19T18:35:00Z,hi,"trending,cinematic,short,fun,vlog,thrill,viral,indie,scary,bts",1
MrBeast Exclusive - Video #63,MrBeast,Action,46,2026-02-08T14:50:00Z,ja,,1
My Creative Vlog #2,Creator_52,Documentary,166,2026-02-22T00:58:00Z,ja,"thrill,viral,bts,indie,short,vlog",1
T-Series Exclusive - Video #82,T-Series,Thriller,109,2026-05-03T23:58:00Z,en,"viral,vlog,short,bts,scary,trending,thrill,cinematic,fun,indie",1
MrBeast Exclusive - Video #47,MrBeast,Horror,65,2026-02-03T19:38:00Z,en,"short,thrill,cinematic,scary,vlog,indie",1
Netflix Exclusive - Video #58,Netflix,Drama,33,2026-01-30T10:58:00Z,ja,"bts,indie,short,viral,fun,scary,vlog,trending,cinematic",1
My Creative Vlog #8,Creator_34,Horror,123,2026-04-10T09:34:00Z,es,"cinematic,bts,scary,thrill,short,fun,viral,trending,indie,vlog",0
Warner Bros. Exclusive - Video #46,Warner Bros.,Documentary,90,2026-02-25T03:10:00Z,en,,1
My Creative Vlog #2,Creator_12,Romance,61,2026-06-13T04:40:00Z,fr,"fun,indie,thrill,short,cinematic,vlog,viral",0
My Creative Vlog #9,Creator_42,Documentary,44,2026-02-16T18:42:00Z,es,"cinematic,fun",0
My Creative Vlog #6,Creator_65,Romance,95,2026-06-07T02:28:00Z,en,,0
My Creative Vlog #6,Creator_7,Horror,154,2026-01-24T08:28:00Z,fr,"thrill,short,scary,indie",1
My Creative Vlog #8,Creator_39,Horror,29,2026-04-29T03:22:00Z,es,"bts,short,scary,fun,indie,thrill,viral,trending,vlog,cinematic",0
Netflix Exclusive - Video #77,Netflix,Action,98,2026-01-22T02:44:00Z,hi,"vlog,fun,indie",1
My Creative Vlog #9,Creator_23,Comedy,16,2026-02-14T15:34:00Z,fr,"trending,thrill,indie",0
Netflix Exclusive - Video #66,Netflix,Horror,105,2026-03-25T21:13:00Z,ja,"scary,short,trending,vlog,thrill,cinematic,indie,viral,fun,bts",1
My Creative Vlog #8,Creator_12,Romance,97,2026-02-11T18:51:00Z,ko,"viral,thrill,scary,bts,short,indie,fun,vlog,cinematic",0
My Creative Vlog #1,Creator_4,Comedy,6,2026-05-17T19:35:00Z,ja,"scary,trending,bts,indie,cinematic,fun,viral",1
MrBeast Exclusive - Video #31,MrBeast,Horror,100,2026-03-12T23:32:00Z,es,"bts,short,cinematic,scary,viral,thrill,fun,vlog,indie",1
My Creative Vlog #9,Creator_17,Comedy,23,2026-01-14T05:09:00Z,en,"bts,short,viral,indie,vlog,fun,cinematic",1
My Creative Vlog #8,Creator_11,Thriller,87,2026-05-29T16:19:00Z,es,"viral,thrill,scary,short,indie",1
My Creative Vlog #2,Creator_67,Comedy,10,2026-02-25T20:01:00Z,hi,"vlog,cinematic,indie,short,thrill,trending,bts,fun",1
MrBeast Exclusive - Video #83,MrBeast,Thriller,150,2026-01-06T23:50:00Z,en,short,1
Marvel Entertainment Exclusive - Video #64,Marvel Entertainment,Sci-Fi,119,2026-02-23T07:52:00Z,ja,cinematic,1
A24 Exclusive - Video #69,A24,Thriller,143,2026-06-21T10:12:00Z,en,"indie,trending,viral,vlog,thrill,short,bts,scary,fun,cinematic",1
Netflix Exclusive - Video #41,Netflix,Sci-Fi,50,2026-05-27T01:44:00Z,ja,"viral,vlog,bts,trending,fun,cinematic,indie,scary",1
Netflix Exclusive - Video #53,Netflix,Romance,53,2026-04-08T12:08:00Z,fr,scary,1
My Creative Vlog #4,Creator_73,Action,90,2026-03-03T19:03:00Z,en,"cinematic,vlog,bts,indie,scary,trending,fun,short,viral,thrill",1
T-Series Exclusive - Video #58,T-Series,Action,119,2026-05-05T18:11:00Z,ja,"viral,bts,indie,fun,vlog",1
Warner Bros. Exclusive - Video #75,Warner Bros.,Action,105,2026-05-05T05:29:00Z,en,"vlog,indie",1
Warner Bros. Exclusive - Video #76,Warner Bros.,Comedy,17,2026-03-07T08:04:00Z,ko,trending,1
My Creative Vlog #4,Creator_42,Documentary,138,2026-06-12T09:26:00Z,es,,0
My Creative Vlog #5,Creator_2,Drama,125,2026-04-18T06:27:00Z,en,"viral,thrill,vlog,cinematic,fun,scary,trending,indie",1
Warner Bros. Exclusive - Video #12,Warner Bros.,Sci-Fi,118,2026-01-12T13:31:00Z,ko,"bts,trending,fun,viral",1
Marvel Entertainment Exclusive - Video #75,Marvel Entertainment,Romance,70,2026-03-23T11:07:00Z,hi,"cinematic,vlog,short,viral,scary,trending,bts,indie,thrill,fun",1
My Creative Vlog #2,Creator_72,Comedy,29,2026-04-09T08:49:00Z,en,"thrill,scary,viral",0
My Creative Vlog #6,Creator_84,Action,138,2026-03-01T06:25:00Z,es,"short,bts,trending,indie,fun,vlog,viral,cinematic,thrill,scary",0
My Creative Vlog #9,Creator_25,Sci-Fi,47,2026-02-17T17:08:00Z,ko,"cinematic,thrill",0
A24 Exclusive - Video #55,A24,Romance,119,2026-02-04T00:17:00Z,es,trending,1
Marvel Entertainment Exclusive - Video #37,Marvel Entertainment,Drama,70,2026-04-06T07:53:00Z,en,,1
A24 Exclusive - Video #28,A24,Drama,71,2026-05-20T14:01:00Z,fr,"indie,thrill",1
Warner Bros. Exclusive - Video #57,Warner Bros.,Comedy,20,2026-03-18T04:11:00Z,es,,1
My Creative Vlog #9,Creator_14,Thriller,49,2026-02-19T09:24:00Z,ko,indie,0
T-Series Exclusive - Video #67,T-Series,Drama,15,2026-02-08T01:02:00Z,ja,"scary,indie,vlog,cinematic,viral,trending,fun,thrill,short,bts",1
My Creative Vlog #1,Creator_4,Comedy,20,2026-03-04T04:21:00Z,en,,0
My Creative Vlog #1,Creator_25,Romance,44,2026-02-11T02:06:00Z,hi,"indie,trending,short,vlog,cinematic,scary,thrill,bts",0
My Creative Vlog #7,Creator_36,Comedy,20,2026-01-29T18:10:00Z,en,"trending,short,thrill,fun,viral,scary,bts",0
My Creative Vlog #3,Creator_17,Documentary,37,2026-01-24T20:25:00Z,en,"cinematic,fun",0
My Creative Vlog #1,Creator_19,Horror,79,2026-04-25T15:56:00Z,en,"bts,trending,scary,cinematic,viral,short",1
Warner Bros. Exclusive - Video #70,Warner Bros.,Sci-Fi,55,2026-06-16T14:38:00Z,es,"vlog,trending,fun,short,indie,cinematic,thrill,bts,viral,scary",1
My Creative Vlog #2,Creator_75,Drama,111,2026-05-19T12:48:00Z,es,"bts,vlog,indie,fun,scary,thrill,cinematic,short,viral,trending",0
Netflix Exclusive - Video #74,Netflix,Horror,80,2026-04-27T08:01:00Z,hi,"vlog,viral,bts,thrill,trending,scary,fun",1
MrBeast Exclusive - Video #15,MrBeast,Thriller,96,2026-05-27T23:46:00Z,hi,"bts,fun,scary,indie,vlog,viral",1
My Creative Vlog #1,Creator_58,Drama,31,2026-02-27T18:33:00Z,ko,"thrill,indie,fun,viral,cinematic",1
My Creative Vlog #8,Creator_26,Drama,4,2026-04-02T10:00:00Z,hi,"scary,trending,vlog,short,indie,thrill,bts,cinematic,viral,fun",0
My Creative Vlog #9,Creator_1,Comedy,8,2026-03-06T03:25:00Z,en,,1
Marvel Entertainment Exclusive - Video #90,Marvel Entertainment,Drama,61,2026-02-05T21:31:00Z,hi,"bts,vlog,short,cinematic,indie,thrill,trending",1
My Creative Vlog #9,Creator_39,Comedy,22,2026-04-19T15:16:00Z,ko,"trending,bts,vlog",1
My Creative Vlog #7,Creator_32,Comedy,8,2026-03-04T14:05:00Z,en,"viral,cinematic,bts,vlog,thrill,indie,fun,scary",0
My Creative Vlog #3,Creator_40,Thriller,69,2026-06-12T08:51:00Z,en,cinematic,0
T-Series Exclusive - Video #13,T-Series,Romance,83,2026-04-07T18:38:00Z,es,"bts,thrill,indie,scary",1
Marvel Entertainment Exclusive - Video #27,Marvel Entertainment,Horror,165,2026-01-05T04:45:00Z,en,"vlog,fun,bts,cinematic,viral,thrill,scary,short,indie,trending",1
My Creative Vlog #8,Creator_9,Horror,177,2026-03-25T04:29:00Z,hi,"cinematic,scary,indie,fun,viral,bts,short,thrill,trending,vlog",0
Marvel Entertainment Exclusive - Video #27,Marvel Entertainment,Documentary,28,2026-05-21T03:43:00Z,ko,fun,1
Netflix Exclusive - Video #17,Netflix,Romance,155,2026-02-14T07:03:00Z,es,"indie,trending,vlog,short,viral,thrill",1
Netflix Exclusive - Video #32,Netflix,Action,61,2026-05-26T23:59:00Z,ko,cinematic,1
A24 Exclusive - Video #43,A24,Horror,98,2026-01-12T09:41:00Z,en,"short,indie",1
Marvel Entertainment Exclusive - Video #21,Marvel Entertainment,Documentary,61,2026-01-02T11:31:00Z,hi,"thrill,short,fun,vlog,viral,indie,scary,trending,cinematic,bts",1
Netflix Exclusive - Video #96,Netflix,Drama,118,2026-06-21T05:25:00Z,fr,,1
My Creative Vlog #6,Creator_50,Sci-Fi,64,2026-02-03T08:04:00Z,fr,"vlog,short,thrill,indie,bts,fun",0
My Creative Vlog #1,Creator_75,Action,91,2026-01-04T01:26:00Z,en,"vlog,thrill,short,fun,viral,cinematic,bts,scary,indie,trending",0
My Creative Vlog #7,Creator_95,Drama,29,2026-02-08T02:21:00Z,ko,"bts,cinematic,fun,short",0
T-Series Exclusive - Video #94,T-Series,Horror,73,2026-06-14T02:49:00Z,en,bts,1
My Creative Vlog #3,Creator_68,Romance,64,2026-01-01T21:27:00Z,hi,"scary,cinematic,thrill,short",1
Netflix Exclusive - Video #77,Netflix,Horror,151,2026-04-18T17:01:00Z,ko,"thrill,trending,cinematic,indie,vlog,short",1
A24 Exclusive - Video #33,A24,Action,48,2026-01-31T22:25:00Z,en,"bts,vlog,indie,trending",1
A24 Exclusive - Video #92,A24,Sci-Fi,51,2026-01-15T06:10:00Z,en,"scary,viral,short,thrill,indie,cinematic,trending,bts,fun,vlog",1
My Creative Vlog #2,Creator_64,Romance,167,2026-05-23T13:02:00Z,en,"indie,fun,cinematic,short,bts,thrill,trending,vlog,viral,scary",0
My Creative Vlog #9,Creator_60,Documentary,94,2026-01-03T20:07:00Z,en,"short,cinematic,scary",1
T-Series Exclusive - Video #31,T-Series,Romance,134,2026-01-01T15:08:00Z,fr,"trending,scary,short,bts,vlog,indie,cinematic,thrill,fun",1
My Creative Vlog #4,Creator_17,Sci-Fi,77,2026-05-04T15:49:00Z,en,"scary,short,cinematic,indie,viral,trending,bts,vlog",0
My Creative Vlog #5,Creator_24,Thriller,131,2026-05-21T11:50:00Z,ja,"vlog,trending,bts,viral,cinematic,fun,thrill",0
T-Series Exclusive - Video #33,T-Series,Drama,32,2026-04-11T18:02:00Z,ko,"indie,vlog,cinematic,bts,scary,fun,short,thrill,viral",1
My Creative Vlog #2,Creator_89,Action,118,2026-04-04T22:47:00Z,en,cinematic,1
Netflix Exclusive - Video #10,Netflix,Romance,3,2026-02-25T06:23:00Z,en,"vlog,thrill,fun,short,viral,trending,cinematic,indie,bts,scary",1
Netflix Exclusive - Video #11,Netflix,Horror,28,2026-04-19T19:51:00Z,en,,1
MrBeast Exclusive - Video #19,MrBeast,Sci-Fi,105,2026-04-04T22:35:00Z,ko,"thrill,indie,scary,viral,cinematic,bts,fun,trending,vlog,short",1
My Creative Vlog #5,Creator_98,Romance,108,2026-03-08T04:31:00Z,ko,cinematic,0
Netflix Exclusive - Video #27,Netflix,Comedy,19,2026-05-07T10:51:00Z,en,"scary,cinematic",1
MrBeast Exclusive - Video #43,MrBeast,Drama,97,2026-06-13T01:48:00Z,fr,"scary,indie",1
A24 Exclusive - Video #57,A24,Horror,109,2026-04-29T14:09:00Z,en,"viral,short,bts,trending,scary",1
My Creative Vlog #8,Creator_97,Action,106,2026-06-20T23:03:00Z,hi,short,0
My Creative Vlog #2,Creator_38,Horror,129,2026-03-25T22:29:00Z,en,"trending,fun,vlog,short,indie,scary",1
T-Series Exclusive - Video #33,T-Series,Horror,12,2026-04-25T13:27:00Z,es,"trending,short",1
T-Series Exclusive - Video #18,T-Series,Action,88,2026-02-23T23:35:00Z,ko,"indie,fun,cinematic,thrill,viral,short,scary",1
My Creative Vlog #1,Creator_53,Horror,133,2026-05-14T12:37:00Z,hi,"trending,cinematic",1
MrBeast Exclusive - Video #13,MrBeast,Drama,122,2026-02-21T18:26:00Z,en,"bts,short,indie,fun,trending",1
My Creative Vlog #8,Creator_53,Thriller,139,2026-05-02T16:38:00Z,fr,"cinematic,bts,thrill,viral,scary,trending,short",0
Warner Bros. Exclusive - Video #71,Warner Bros.,Action,96,2026-02-03T14:46:00Z,hi,"trending,fun",0
My Creative Vlog #2,Creator_14,Romance,95,2026-06-16T15:27:00Z,en,"viral,indie,fun,trending,short,bts,cinematic",0
My Creative Vlog #9,Creator_74,Action,49,2026-04-06T05:06:00Z,ko,"trending,scary,fun,viral,bts,indie,vlog,short,cinematic",0
Netflix Exclusive - Video #17,Netflix,Sci-Fi,114,2026-01-07T02:28:00Z,fr,"trending,scary,viral,vlog,short,indie,bts,cinematic,thrill,fun",1
T-Series Exclusive - Video #33,T-Series,Horror,72,2026-04-07T18:14:00Z,en,"short,fun,thrill,indie,scary,cinematic,viral,vlog,trending,bts",0
Warner Bros. Exclusive - Video #54,Warner Bros.,Documentary,28,2026-06-28T19:14:00Z,hi,"short,fun",1
My Creative Vlog #7,Creator_16,Action,89,2026-06-16T01:19:00Z,ko,,0
My Creative Vlog #6,Creator_51,Drama,117,2026-02-12T17:41:00Z,es,"scary,short,thrill,vlog,cinematic",1
My Creative Vlog #9,Creator_1,Sci-Fi,83,2026-01-01T13:47:00Z,fr,"indie,trending,fun,vlog,thrill",1
Netflix Exclusive - Video #57,Netflix,Horror,61,2026-06-08T01:17:00Z,es,"bts,trending,scary,viral,indie,fun,cinematic,vlog",1
MrBeast Exclusive - Video #93,MrBeast,Documentary,89,2026-01-16T03:39:00Z,hi,"thrill,cinematic,trending,viral,scary",1
My Creative Vlog #4,Creator_37,Action,141,2026-03-04T06:56:00Z,en,"scary,indie,fun,thrill",0
My Creative Vlog #10,Creator_45,Action,60,2026-02-02T08:48:00Z,es,fun,1
My Creative Vlog #10,Creator_79,Drama,15,2026-01-31T04:15:00Z,fr,"scary,viral,short,bts,fun,thrill",0
My Creative Vlog #3,Creator_50,Horror,165,2026-01-24T18:13:00Z,fr,"bts,viral,fun,vlog,scary",1
MrBeast Exclusive - Video #39,MrBeast,Sci-Fi,61,2026-04-19T08:30:00Z,ja,"vlog,indie",1
My Creative Vlog #1,Creator_90,Sci-Fi,60,2026-04-25T07:01:00Z,en,"bts,fun,thrill,vlog,viral,indie,trending,scary,short",0
My Creative Vlog #6,Creator_43,Thriller,85,2026-01-25T08:13:00Z,en,bts,1
My Creative Vlog #9,Creator_7,Romance,125,2026-06-01T14:40:00Z,en,"short,fun,cinematic,bts",0
A24 Exclusive - Video #51,A24,Comedy,23,2026-02-16T23:59:00Z,en,"vlog,short,bts,trending",1
My Creative Vlog #4,Creator_26,Action,141,2026-02-13T18:37:00Z,ko,"viral,cinematic,trending,bts,fun",1
T-Series Exclusive - Video #45,T-Series,Thriller,111,2026-03-27T20:32:00Z,ja,"vlog,bts,scary,indie,cinematic,thrill,viral,short,fun,trending",1
My Creative Vlog #10,Creator_17,Drama,93,2026-03-20T06:55:00Z,ja,"cinematic,viral,indie,vlog,thrill,short,bts,trending,scary,fun",1
My Creative Vlog #7,Creator_85,Drama,77,2026-04-25T05:35:00Z,ko,"bts,thrill,fun",0
My Creative Vlog #4,Creator_21,Horror,23,2026-03-15T18:36:00Z,en,"trending,bts,indie,scary,viral,short,vlog,thrill,cinematic",1
My Creative Vlog #1,Creator_44,Documentary,111,2026-02-19T05:04:00Z,fr,"trending,bts,scary,thrill",0
My Creative Vlog #9,Creator_26,Drama,35,2026-02-11T09:53:00Z,fr,viral,0
My Creative Vlog #1,Creator_89,Sci-Fi,47,2026-05-16T04:29:00Z,fr,"trending,cinematic,indie,fun,scary,bts,vlog,thrill,viral,short",1
Marvel Entertainment Exclusive - Video #55,Marvel Entertainment,Thriller,46,2026-05-27T10:14:00Z,fr,"scary,thrill",1
My Creative Vlog #4,Creator_19,Comedy,11,2026-02-20T13:07:00Z,en,"bts,thrill,vlog,cinematic,trending,scary,fun,indie,short,viral",0
My Creative Vlog #4,Creator_15,Romance,46,2026-04-29T15:42:00Z,ko,"cinematic,short,indie,vlog,trending,scary,viral,thrill",0
My Creative Vlog #7,Creator_36,Comedy,20,2026-03-25T10:06:00Z,fr,,0
MrBeast Exclusive - Video #99,MrBeast,Drama,11,2026-02-13T09:35:00Z,hi,"thrill,bts,vlog,trending,scary,viral,short",1
Warner Bros. Exclusive - Video #74,Warner Bros.,Sci-Fi,118,2026-03-07T14:36:00Z,en,"cinematic,thrill",1
Warner Bros. Exclusive - Video #63,Warner Bros.,Thriller,80,2026-06-26T14:11:00Z,hi,"indie,thrill,viral,cinematic,trending,bts,fun,vlog",1
My Creative Vlog #5,Creator_62,Drama,24,2026-04-11T23:17:00Z,hi,"bts,trending,vlog,thrill,viral",0
My Creative Vlog #5,Creator_7,Romance,166,2026-06-12T13:47:00Z,en,"scary,short,thrill,fun",0
My Creative Vlog #6,Creator_84,Sci-Fi,77,2026-04-17T14:08:00Z,ko,"scary,indie,viral,fun,cinematic,vlog,trending,thrill,short,bts",0
My Creative Vlog #1,Creator_15,Horror,86,2026-01-11T22:29:00Z,ko,,1
My Creative Vlog #1,Creator_55,Documentary,10,2026-02-28T22:15:00Z,fr,"indie,vlog,scary,viral",0
My Creative Vlog #1,Creator_28,Sci-Fi,105,2026-06-29T03:35:00Z,en,"fun,indie",0
My Creative Vlog #5,Creator_83,Comedy,24,2026-01-05T16:28:00Z,ko,"scary,vlog,cinematic,short,thrill",0
My Creative Vlog #3,Creator_39,Romance,103,2026-01-07T23:54:00Z,ja,"cinematic,trending,thrill,short,viral,bts,vlog,fun,indie,scary",0
T-Series Exclusive - Video #97,T-Series,Romance,8,2026-04-15T12:13:00Z,en,,1
A24 Exclusive - Video #11,A24,Romance,50,2026-05-29T18:11:00Z,en,"bts,vlog,fun,scary,trending,thrill,viral,indie,short,cinematic",1
A24 Exclusive - Video #10,A24,Sci-Fi,150,2026-03-20T19:16:00Z,en,"bts,thrill,fun,trending,viral,vlog",1
Netflix Exclusive - Video #96,Netflix,Action,86,2026-03-19T21:40:00Z,en,thrill,1
My Creative Vlog #1,Creator_58,Sci-Fi,121,2026-02-15T02:39:00Z,ja,"short,scary,trending,fun,indie,thrill,viral,vlog",1
My Creative Vlog #3,Creator_7,Comedy,19,2026-05-18T03:26:00Z,fr,"trending,indie,vlog,cinematic,fun,viral,bts,thrill",1
My Creative Vlog #1,Creator_98,Comedy,17,2026-06-16T08:56:00Z,en,"vlog,viral,cinematic,trending,bts,scary,indie,thrill,short,fun",0
My Creative Vlog #4,Creator_7,Thriller,110,2026-06-11T17:02:00Z,en,"fun,indie,bts,thrill,viral,vlog,scary",1
My Creative Vlog #9,Creator_39,Documentary,8,2026-06-19T00:29:00Z,en,"vlog,cinematic,fun,bts,indie,scary,short,trending",0
My Creative Vlog #2,Creator_76,Sci-Fi,59,2026-02-13T15:25:00Z,ko,"trending,vlog",0
My Creative Vlog #4,Creator_54,Horror,72,2026-03-10T06:20:00Z,ko,"fun,thrill,cinematic,vlog,short,scary,trending,indie,bts,viral",0
My Creative Vlog #3,Creator_85,Horror,42,2026-06-18T11:13:00Z,ko,"trending,viral,fun,vlog,scary,short,indie,bts,thrill",0
My Creative Vlog #1,Creator_91,Action,123,2026-04-07T20:48:00Z,fr,,0
My Creative Vlog #5,Creator_89,Thriller,90,2026-04-01T07:44:00Z,ko,"vlog,viral,short,indie",1
My Creative Vlog #10,Creator_92,Romance,128,2026-03-05T16:23:00Z,es,"indie,bts,fun,viral,vlog,cinematic,scary,trending,thrill,short",0
My Creative Vlog #7,Creator_68,Horror,150,2026-01-19T04:23:00Z,es,"short,fun,vlog,cinematic,trending,bts,viral,thrill,scary",0
My Creative Vlog #2,Creator_51,Romance,146,2026-05-30T13:11:00Z,hi,"indie,fun,scary,viral,vlog",1
My Creative Vlog #9,Creator_52,Romance,127,2026-04-26T19:11:00Z,ja,"indie,trending,thrill,vlog,viral,fun,cinematic,bts,scary,short",0
My Creative Vlog #10,Creator_25,Comedy,9,2026-02-02T12:00:00Z,en,,0
A24 Exclusive - Video #99,A24,Romance,103,2026-02-07T19:46:00Z,en,"thrill,scary,trending,indie,fun,bts,short,vlog,viral,cinematic",1
My Creative Vlog #8,Creator_70,Drama,9,2026-06-01T19:34:00Z,ko,"cinematic,indie,thrill,viral,bts,vlog,fun,trending,short,scary",0
My Creative Vlog #7,Creator_63,Sci-Fi,122,2026-01-27T19:16:00Z,ko,"bts,vlog",0
My Creative Vlog #8,Creator_11,Documentary,63,2026-06-10T00:28:00Z,ko,"viral,vlog,indie,thrill,fun,scary",1
My Creative Vlog #5,Creator_1,Action,146,2026-03-20T15:16:00Z,en,"fun,cinematic,scary,trending,vlog,viral,short,bts,thrill,indie",0
T-Series Exclusive - Video #54,T-Series,Thriller,73,2026-04-18T02:48:00Z,en,,1
My Creative Vlog #10,Creator_75,Comedy,23,2026-02-20T16:30:00Z,hi,"short,trending,scary",0
MrBeast Exclusive - Video #45,MrBeast,Romance,74,2026-05-21T19:00:00Z,es,"indie,trending,short,cinematic,thrill,scary,viral",1
Netflix Exclusive - Video #98,Netflix,Romance,106,2026-03-24T02:49:00Z,en,"short,trending,cinematic,vlog,scary,viral,thrill,fun,bts,indie",1
My Creative Vlog #10,Creator_5,Comedy,22,2026-04-01T16:00:00Z,ja,"vlog,viral,bts,fun,scary",0
My Creative Vlog #6,Creator_86,Action,122,2026-06-20T03:58:00Z,ko,,1
MrBeast Exclusive - Video #11,MrBeast,Action,147,2026-01-04T22:19:00Z,ja,"viral,vlog,thrill,trending",1
My Creative Vlog #3,Creator_51,Thriller,75,2026-05-12T11:58:00Z,ko,"thrill,trending,short,bts,indie,vlog,viral,scary,fun,cinematic",0
My Creative Vlog #5,Creator_49,Sci-Fi,135,2026-06-03T06:55:00Z,hi,"scary,cinematic,indie,viral,short,trending,vlog,fun,bts,thrill",0
My Creative Vlog #8,Creator_72,Thriller,121,2026-02-13T01:43:00Z,en,"bts,viral,thrill,indie,vlog,trending,short,scary,fun",1
Marvel Entertainment Exclusive - Video #45,Marvel Entertainment,Documentary,144,2026-01-13T10:10:00Z,ko,"fun,viral,vlog",1
T-Series Exclusive - Video #97,T-Series,Drama,38,2026-01-05T10:14:00Z,fr,"trending,short,vlog,fun,indie,cinematic,thrill,viral,bts,scary",0
My Creative Vlog #6,Creator_74,Action,118,2026-03-11T13:56:00Z,fr,"indie,bts,fun,vlog,scary,viral,thrill,cinematic,short,trending",0
My Creative Vlog #1,Creator_39,Drama,96,2026-05-05T17:58:00Z,fr,,0
My Creative Vlog #1,Creator_43,Sci-Fi,75,2026-01-11T12:25:00Z,hi,"trending,cinematic,bts,viral,vlog,thrill",0
Marvel Entertainment Exclusive - Video #85,Marvel Entertainment,Comedy,5,2026-02-25T18:02:00Z,en,"trending,scary",1
Marvel Entertainment Exclusive - Video #43,Marvel Entertainment,Documentary,41,2026-06-26T06:49:00Z,fr,"cinematic,short,bts,viral,trending,thrill,indie,scary,vlog,fun",1
T-Series Exclusive - Video #54,T-Series,Romance,76,2026-06-19T10:16:00Z,es,"bts,fun,trending,vlog,indie,thrill,cinematic,scary,viral,short",1
My Creative Vlog #9,Creator_81,Comedy,27,2026-05-21T19:24:00Z,ja,"cinematic,vlog,scary,fun,indie,bts,short,viral,trending,thrill",0
T-Series Exclusive - Video #88,T-Series,Romance,14,2026-03-22T22:26:00Z,ko,,0
T-Series Exclusive - Video #27,T-Series,Horror,139,2026-04-19T00:28:00Z,en,"short,fun,indie,scary",1
My Creative Vlog #1,Creator_26,Comedy,19,2026-02-28T21:46:00Z,en,"short,viral,cinematic,scary,trending,fun",1
My Creative Vlog #5,Creator_23,Horror,20,2026-02-23T07:37:00Z,ja,"short,thrill,trending,cinematic",0
My Creative Vlog #2,Creator_28,Documentary,178,2026-04-30T18:03:00Z,ja,"short,viral,vlog,indie,cinematic,thrill,scary,bts,fun,trending",0
My Creative Vlog #9,Creator_16,Action,69,2026-03-24T22:38:00Z,fr,"vlog,short,indie,thrill",1
My Creative Vlog #3,Creator_99,Action,140,2026-06-27T15:54:00Z,fr,"viral,vlog,thrill,bts,trending,cinematic,indie,short,fun,scary",0
Warner Bros. Exclusive - Video #98,Warner Bros.,Romance,55,2026-06-24T04:13:00Z,ko,"thrill,trending,fun,indie",1
Warner Bros. Exclusive - Video #60,Warner Bros.,Romance,97,2026-06-08T18:41:00Z,en,"fun,short,vlog,viral",1
Marvel Entertainment Exclusive - Video #53,Marvel Entertainment,Drama,12,2026-02-04T07:43:00Z,en,,1
My Creative Vlog #7,Creator_9,Action,74,2026-02-14T16:17:00Z,es,"scary,thrill",0
My Creative Vlog #10,Creator_20,Thriller,147,2026-06-22T15:21:00Z,ja,cinematic,1
T-Series Exclusive - Video #17,T-Series,Romance,83,2026-04-22T18:44:00Z,en,"vlog,scary,viral",1
A24 Exclusive - Video #29,A24,Drama,111,2026-06-10T23:49:00Z,en,"short,bts",1
My Creative Vlog #9,Creator_54,Thriller,95,2026-04-13T09:46:00Z,fr,,1
MrBeast Exclusive - Video #16,MrBeast,Action,93,2026-01-09T10:39:00Z,ja,"bts,vlog",1
A24 Exclusive - Video #14,A24,Romance,77,2026-01-14T04:57:00Z,fr,"trending,indie,short,vlog",1
My Creative Vlog #3,Creator_54,Documentary,146,2026-01-01T13:53:00Z,en,,0
My Creative Vlog #6,Creator_66,Sci-Fi,146,2026-03-09T13:46:00Z,en,"bts,short,thrill,fun",0
Marvel Entertainment Exclusive - Video #37,Marvel Entertainment,Romance,148,2026-05-19T22:17:00Z,en,"bts,vlog,indie,trending",1
MrBeast Exclusive - Video #11,MrBeast,Horror,153,2026-06-29T21:13:00Z,en,"indie,thrill,scary,viral,bts,cinematic",1
Marvel Entertainment Exclusive - Video #84,Marvel Entertainment,Comedy,26,2026-01-27T10:39:00Z,es,"cinematic,scary,thrill,trending,indie,bts,viral,fun",1
My Creative Vlog #3,Creator_21,Action,149,2026-06-01T16:45:00Z,es,"thrill,fun,vlog,short,scary,cinematic,bts",0
My Creative Vlog #3,Creator_19,Action,102,2026-05-15T20:34:00Z,fr,,1
My Creative Vlog #7,Creator_9,Thriller,94,2026-06-28T02:46:00Z,hi,"thrill,cinematic,indie,fun,scary,bts,short,viral,trending,vlog",1
My Creative Vlog #7,Creator_73,Action,131,2026-05-19T07:00:00Z,fr,"scary,indie",0
Netflix Exclusive - Video #59,Netflix,Sci-Fi,61,2026-01-02T03:26:00Z,ja,"cinematic,short,indie,fun,vlog",1
My Creative Vlog #6,Creator_42,Documentary,127,2026-04-01T03:11:00Z,es,"indie,thrill,trending,short,bts,scary,vlog",0
My Creative Vlog #3,Creator_68,Horror,175,2026-01-15T11:04:00Z,ko,"cinematic,thrill,bts,trending,viral,short",0
My Creative Vlog #5,Creator_61,Thriller,63,2026-02-21T06:33:00Z,ko,"indie,trending,scary,bts,fun,short,vlog,cinematic",0
My Creative Vlog #5,Creator_39,Drama,55,2026-05-12T20:26:00Z,en,"trending,cinematic",1
My Creative Vlog #1,Creator_29,Horror,18,2026-02-24T08:42:00Z,en,"indie,viral,short,thrill,scary,bts,cinematic,trending,vlog",0
Warner Bros. Exclusive - Video #56,Warner Bros.,Sci-Fi,123,2026-03-11T16:00:00Z,es,"trending,short,scary,fun,vlog",1
My Creative Vlog #10,Creator_2,Documentary,128,2026-06-13T20:14:00Z,es,"trending,cinematic,bts,viral,vlog,scary,short,thrill,indie,fun",1
My Creative Vlog #3,Creator_98,Documentary,134,2026-03-13T19:53:00Z,en,"scary,thrill,fun,trending,viral,indie,bts",1
My Creative Vlog #6,Creator_59,Documentary,30,2026-06-18T09:04:00Z,ko,"thrill,vlog,fun,viral,trending,bts,indie,short,scary,cinematic",1
Marvel Entertainment Exclusive - Video #63,Marvel Entertainment,Drama,63,2026-06-15T07:10:00Z,ko,,1
My Creative Vlog #10,Creator_92,Horror,43,2026-04-28T13:53:00Z,fr,"vlog,scary,viral,indie",0
My Creative Vlog #2,Creator_28,Documentary,24,2026-05-16T02:29:00Z,en,"fun,indie,cinematic,vlog",0
My Creative Vlog #1,Creator_76,Sci-Fi,64,2026-03-02T04:29:00Z,en,"short,viral,bts",0
My Creative Vlog #1,Creator_8,Sci-Fi,85,2026-03-11T22:34:00Z,fr,,0
My Creative Vlog #10,Creator_58,Documentary,67,2026-01-19T20:50:00Z,fr,"short,cinematic,vlog,viral,thrill,bts",1
My Creative Vlog #4,Creator_58,Romance,132,2026-01-17T11:37:00Z,en,"short,trending,thrill,fun,bts",0
My Creative Vlog #9,Creator_27,Horror,141,2026-05-12T14:26:00Z,hi,"trending,fun,bts,cinematic,scary,indie,short,thrill",0
Netflix Exclusive - Video #90,Netflix,Thriller,125,2026-03-27T23:05:00Z,en,"bts,vlog",1
My Creative Vlog #2,Creator_98,Drama,7,2026-06-16T15:00:00Z,ko,"bts,trending,viral,vlog,scary,thrill",0
Marvel Entertainment Exclusive - Video #28,Marvel Entertainment,Sci-Fi,115,2026-06-05T07:14:00Z,es,"vlog,indie,thrill,short,scary,trending,viral,fun,cinematic,bts",1
My Creative Vlog #9,Creator_53,Action,69,2026-03-28T11:44:00Z,fr,,0
My Creative Vlog #3,Creator_99,Action,57,2026-03-24T10:21:00Z,en,"cinematic,short,trending,fun,viral,vlog,scary,indie,thrill,bts",0
MrBeast Exclusive - Video #75,MrBeast,Action,58,2026-01-20T09:04:00Z,es,"trending,viral,fun,vlog,cinematic,short,bts",1
My Creative Vlog #7,Creator_42,Comedy,28,2026-01-10T18:40:00Z,fr,"bts,short,trending,indie,viral,cinematic,fun",1
My Creative Vlog #5,Creator_66,Horror,106,2026-05-02T18:51:00Z,es,,1
My Creative Vlog #1,Creator_39,Comedy,18,2026-02-25T04:39:00Z,ja,"scary,short,bts,indie,trending,fun,vlog",0
A24 Exclusive - Video #95,A24,Drama,170,2026-04-23T07:06:00Z,ko,"scary,trending,fun,thrill,vlog,short,indie,bts",1
My Creative Vlog #4,Creator_30,Drama,77,2026-01-24T12:54:00Z,ja,vlog,0
My Creative Vlog #7,Creator_75,Sci-Fi,48,2026-04-30T06:19:00Z,es,"indie,short,thrill,scary,viral,trending,fun,bts,cinematic,vlog",0
My Creative Vlog #2,Creator_79,Sci-Fi,53,2026-04-24T00:21:00Z,en,"fun,viral",0
My Creative Vlog #5,Creator_10,Comedy,12,2026-03-18T08:42:00Z,fr,"trending,thrill,scary,cinematic,short,indie",0
A24 Exclusive - Video #26,A24,Sci-Fi,81,2026-06-20T20:15:00Z,hi,"trending,fun,indie,short,cinematic,vlog,bts,thrill,viral,scary",1
A24 Exclusive - Video #58,A24,Sci-Fi,97,2026-04-22T02:00:00Z,en,"indie,scary,thrill,viral,trending",0
My Creative Vlog #10,Creator_35,Thriller,54,2026-02-23T23:28:00Z,ko,"scary,indie,short,fun,thrill,trending,cinematic,viral",1
A24 Exclusive - Video #48,A24,Horror,104,2026-01-31T08:18:00Z,en,"fun,scary,vlog,indie,bts,trending,short,viral,cinematic",1
T-Series Exclusive - Video #16,T-Series,Comedy,22,2026-04-09T07:31:00Z,en,"scary,viral,cinematic,short,indie,bts",1
My Creative Vlog #3,Creator_98,Drama,125,2026-06-25T14:24:00Z,es,"viral,thrill,trending,short,bts,vlog,fun,indie,scary,cinematic",0
My Creative Vlog #5,Creator_35,Horror,141,2026-04-13T15:09:00Z,en,"vlog,scary,trending,fun,bts,viral,thrill,short",0
My Creative Vlog #2,Creator_95,Documentary,176,2026-05-04T09:37:00Z,hi,"cinematic,viral",0
My Creative Vlog #9,Creator_68,Romance,151,2026-03-23T06:04:00Z,en,"trending,thrill,bts,vlog,fun,cinematic,viral,scary,indie,short",0
Marvel Entertainment Exclusive - Video #57,Marvel Entertainment,Thriller,52,2026-01-26T23:44:00Z,fr,"viral,thrill,scary",1
My Creative Vlog #4,Creator_33,Sci-Fi,106,2026-05-17T13:10:00Z,en,"trending,short,viral,thrill,scary,bts,indie,fun,vlog,cinematic",0
My Creative Vlog #7,Creator_7,Thriller,63,2026-04-20T18:42:00Z,hi,"viral,cinematic,thrill",0
Netflix Exclusive - Video #16,Netflix,Drama,50,2026-01-14T05:32:00Z,ko,"cinematic,trending,bts,indie,viral",1
Warner Bros. Exclusive - Video #13,Warner Bros.,Sci-Fi,97,2026-05-03T01:06:00Z,ja,thrill,1
Netflix Exclusive - Video #61,Netflix,Sci-Fi,76,2026-02-22T23:33:00Z,en,"fun,bts",0
My Creative Vlog #3,Creator_24,Thriller,92,2026-04-07T04:41:00Z,en,bts,0
My Creative Vlog #4,Creator_27,Comedy,11,2026-02-28T20:11:00Z,ja,"vlog,indie",1
My Creative Vlog #7,Creator_43,Horror,86,2026-02-02T06:19:00Z,en,"indie,thrill,vlog,short,scary,cinematic,trending,bts",0
My Creative Vlog #3,Creator_35,Thriller,138,2026-05-30T11:15:00Z,ko,"short,bts,scary,fun,cinematic,thrill,indie,trending,viral,vlog",0
A24 Exclusive - Video #32,A24,Sci-Fi,96,2026-04-05T10:36:00Z,en,"short,indie,fun,bts",1
My Creative Vlog #2,Creator_39,Horror,122,2026-04-05T07:15:00Z,ko,"cinematic,fun,thrill,scary,vlog,indie,short,bts,viral",1
My Creative Vlog #7,Creator_90,Drama,163,2026-05-28T17:56:00Z,ja,"scary,fun,thrill,viral,cinematic,bts,short,vlog,trending,indie",0
T-Series Exclusive - Video #92,T-Series,Sci-Fi,70,2026-06-10T17:59:00Z,hi,"thrill,scary,bts,vlog,short",1
Marvel Entertainment Exclusive - Video #13,Marvel Entertainment,Sci-Fi,145,2026-01-26T12:46:00Z,en,"bts,short,scary,thrill",1
My Creative Vlog #2,Creator_85,Sci-Fi,57,2026-04-01T07:43:00Z,en,indie,0
T-Series Exclusive - Video #21,T-Series,Thriller,76,2026-01-06T15:51:00Z,hi,"fun,indie,trending,scary,cinematic,viral,short",1
My Creative Vlog #9,Creator_62,Thriller,116,2026-02-05T12:46:00Z,es,"scary,viral,fun,trending,short,bts,vlog,cinematic,thrill",1
A24 Exclusive - Video #45,A24,Drama,149,2026-06-12T05:24:00Z,es,"indie,scary,vlog,thrill,trending",1
My Creative Vlog #5,Creator_76,Thriller,72,2026-04-12T18:16:00Z,en,"viral,fun,indie,cinematic,scary,vlog,short,trending,bts,thrill",1
Warner Bros. Exclusive - Video #86,Warner Bros.,Comedy,6,2026-01-27T12:06:00Z,en,"bts,trending,viral,scary,cinematic",0
My Creative Vlog #2,Creator_5,Action,73,2026-03-01T08:17:00Z,hi,"indie,short,scary,cinematic,fun,thrill,trending",0
My Creative Vlog #5,Creator_89,Comedy,28,2026-01-16T02:55:00Z,ko,"bts,scary,trending,short,fun,thrill,indie",0
My Creative Vlog #2,Creator_85,Thriller,51,2026-03-21T20:57:00Z,en,,0
My Creative Vlog #2,Creator_54,Sci-Fi,114,2026-01-09T23:04:00Z,en,"thrill,fun,viral",1
Warner Bros. Exclusive - Video #17,Warner Bros.,Action,85,2026-02-20T02:27:00Z,en,"short,viral,bts,indie,thrill,trending,vlog,fun,scary,cinematic",0
Warner Bros. Exclusive - Video #22,Warner Bros.,Horror,5,2026-02-04T09:57:00Z,fr,"trending,fun,viral,vlog,bts,cinematic,short,indie,scary,thrill",1
My Creative Vlog #6,Creator_66,Romance,98,2026-03-17T13:12:00Z,en,"vlog,viral,trending",1
My Creative Vlog #7,Creator_15,Comedy,30,2026-05-28T09:10:00Z,hi,"fun,viral,cinematic,bts,trending,short,vlog,thrill,scary,indie",0
My Creative Vlog #3,Creator_85,Sci-Fi,53,2026-04-15T17:16:00Z,ja,"fun,cinematic,bts,indie,vlog",0
Warner Bros. Exclusive - Video #91,Warner Bros.,Documentary,73,2026-05-05T23:51:00Z,en,"short,vlog,thrill,bts,indie,fun,scary,viral,cinematic,trending",1
My Creative Vlog #7,Creator_85,Action,91,2026-04-04T16:18:00Z,en,"short,viral",0
A24 Exclusive - Video #56,A24,Sci-Fi,91,2026-01-07T08:24:00Z,en,"trending,bts,viral,fun,cinematic,indie,vlog",1
My Creative Vlog #3,Creator_54,Horror,11,2026-06-29T16:28:00Z,en,,1
My Creative Vlog #5,Creator_87,Comedy,20,2026-02-04T17:09:00Z,en,"indie,fun,scary,thrill,cinematic,trending,bts",0
Warner Bros. Exclusive - Video #28,Warner Bros.,Drama,47,2026-02-14T17:09:00Z,es,,1
My Creative Vlog #4,Creator_68,Documentary,156,2026-06-01T19:19:00Z,en,,0
My Creative Vlog #4,Creator_15,Documentary,27,2026-06-30T03:59:00Z,hi,"trending,cinematic,scary,fun,short",0
My Creative Vlog #7,Creator_1,Horror,31,2026-06-13T22:59:00Z,ja,"vlog,trending,short,thrill,viral,bts,cinematic",1
My Creative Vlog #4,Creator_43,Horror,20,2026-06-06T10:55:00Z,en,"vlog,viral,thrill,fun,scary,short,cinematic,bts,indie,trending",1
My Creative Vlog #9,Creator_87,Action,47,2026-04-09T07:48:00Z,ja,"vlog,trending,scary,short,thrill,cinematic,bts",0
My Creative Vlog #8,Creator_80,Horror,62,2026-04-14T19:36:00Z,en,"cinematic,vlog,bts,fun,scary",1
Netflix Exclusive - Video #79,Netflix,Horror,48,2026-05-28T23:00:00Z,ko,"indie,trending,thrill,fun,viral,short,scary,vlog,cinematic",1
MrBeast Exclusive - Video #57,MrBeast,Romance,12,2026-01-22T12:20:00Z,en,"indie,viral,scary,short,cinematic,thrill,trending",1
My Creative Vlog #5,Creator_66,Action,106,2026-04-13T19:39:00Z,en,"bts,indie,thrill,fun,vlog,scary,short,trending,viral,cinematic",1
Warner Bros. Exclusive - Video #42,Warner Bros.,Drama,55,2026-03-19T16:00:00Z,en,"viral,short,fun,vlog",0
T-Series Exclusive - Video #86,T-Series,Comedy,15,2026-05-17T10:20:00Z,fr,"bts,trending,indie,viral",1
My Creative Vlog #5,Creator_21,Drama,95,2026-04-26T01:15:00Z,hi,"fun,cinematic,thrill",1
My Creative Vlog #9,Creator_18,Sci-Fi,73,2026-01-12T08:01:00Z,en,"indie,bts,fun,cinematic,thrill,vlog,trending,viral,scary",0
Warner Bros. Exclusive - Video #26,Warner Bros.,Thriller,83,2026-01-23T13:29:00Z,en,cinematic,1
My Creative Vlog #10,Creator_49,Action,105,2026-01-02T12:14:00Z,en,"trending,scary,viral,indie,short",1
MrBeast Exclusive - Video #10,MrBeast,Drama,39,2026-01-12T13:06:00Z,en,bts,1
My Creative Vlog #8,Creator_29,Romance,22,2026-06-04T01:00:00Z,en,"trending,fun,cinematic,scary,bts,indie,viral,short,thrill,vlog",0
My Creative Vlog #9,Creator_9,Documentary,91,2026-06-03T09:00:00Z,fr,"bts,fun,scary,trending,vlog,cinematic,viral,indie,thrill",0
My Creative Vlog #9,Creator_60,Comedy,14,2026-03-26T12:18:00Z,fr,"thrill,scary,short,trending,cinematic,indie,fun,viral,bts,vlog",1
My Creative Vlog #6,Creator_55,Thriller,89,2026-02-15T21:30:00Z,ko,fun,1
My Creative Vlog #9,Creator_62,Thriller,97,2026-06-19T02:51:00Z,en,"fun,scary",1
My Creative Vlog #7,Creator_4,Romance,162,2026-04-20T06:21:00Z,hi,"fun,scary",0
My Creative Vlog #2,Creator_20,Drama,97,2026-06-12T16:46:00Z,es,"vlog,cinematic,indie,viral,scary,trending,thrill,short,bts,fun",1
My Creative Vlog #4,Creator_99,Drama,63,2026-06-29T22:04:00Z,hi,"thrill,indie",0
My Creative Vlog #7,Creator_49,Action,61,2026-05-03T17:45:00Z,es,short,1
My Creative Vlog #6,Creator_53,Comedy,15,2026-02-23T16:08:00Z,en,viral,1
T-Series Exclusive - Video #55,T-Series,Drama,180,2026-04-20T12:18:00Z,en,"short,scary,cinematic,trending,viral,vlog",1
My Creative Vlog #4,Creator_29,Romance,94,2026-06-22T12:20:00Z,ko,"short,indie,thrill,bts,scary,vlog,fun,cinematic,viral",0
My Creative Vlog #6,Creator_37,Comedy,5,2026-03-20T13:40:00Z,en,"trending,indie,fun,thrill,scary",0
Netflix Exclusive - Video #28,Netflix,Thriller,98,2026-02-02T14:56:00Z,ko,"short,fun,scary,cinematic,vlog,trending,bts,indie,thrill,viral",1
Warner Bros. Exclusive - Video #83,Warner Bros.,Comedy,14,2026-04-22T21:23:00Z,en,"fun,scary",1
My Creative Vlog #1,Creator_89,Horror,89,2026-05-07T23:36:00Z,fr,"cinematic,viral",1
My Creative Vlog #1,Creator_59,Action,74,2026-06-16T19:33:00Z,en,thrill,0
My Creative Vlog #4,Creator_19,Action,101,2026-06-15T23:56:00Z,en,"trending,thrill,cinematic,bts,short,scary,vlog,viral,fun,indie",0
Warner Bros. Exclusive - Video #76,Warner Bros.,Sci-Fi,70,2026-01-02T03:04:00Z,en,"fun,trending,vlog,cinematic,indie,thrill,bts,scary,viral,short",1
My Creative Vlog #4,Creator_70,Action,141,2026-02-24T13:54:00Z,fr,"bts,indie,trending,vlog,thrill,viral,scary,cinematic,short,fun",0
My Creative Vlog #10,Creator_33,Horror,112,2026-06-03T04:01:00Z,ja,"thrill,trending,viral,indie,short,cinematic",0
My Creative Vlog #4,Creator_73,Documentary,13,2026-06-17T00:04:00Z,en,"thrill,indie,viral,scary,fun",1
My Creative Vlog #1,Creator_91,Thriller,72,2026-05-15T23:32:00Z,en,"thrill,viral,trending,fun",0
T-Series Exclusive - Video #75,T-Series,Documentary,20,2026-06-25T06:53:00Z,ja,"vlog,viral,thrill",1
MrBeast Exclusive - Video #55,MrBeast,Thriller,70,2026-01-11T19:40:00Z,en,indie,1
Netflix Exclusive - Video #72,Netflix,Romance,141,2026-03-09T01:05:00Z,en,"short,viral",1
My Creative Vlog #4,Creator_83,Romance,180,2026-01-27T13:05:00Z,en,"vlog,indie,bts,short,thrill",0
My Creative Vlog #6,Creator_57,Action,129,2026-02-20T05:26:00Z,en,"trending,cinematic,bts,fun,thrill,viral,indie",0
My Creative Vlog #6,Creator_76,Sci-Fi,86,2026-04-23T22:09:00Z,ja,"cinematic,scary,vlog",0
My Creative Vlog #5,Creator_21,Drama,100,2026-04-13T21:09:00Z,en,"short,cinematic,trending,bts,vlog,fun,thrill",1
My Creative Vlog #1,Creator_27,Action,45,2026-02-08T16:21:00Z,hi,"short,fun",0
My Creative Vlog #4,Creator_83,Horror,82,2026-01-18T20:23:00Z,en,"cinematic,fun",1
Netflix Exclusive - Video #40,Netflix,Thriller,147,2026-05-20T14:52:00Z,hi,,1
My Creative Vlog #1,Creator_93,Romance,58,2026-05-23T22:54:00Z,en,"short,bts,vlog,cinematic,trending,indie,fun",0
My Creative Vlog #9,Creator_84,Sci-Fi,70,2026-01-01T19:03:00Z,en,"viral,fun,bts,trending,short,vlog,cinematic",0
My Creative Vlog #1,Creator_87,Documentary,169,2026-05-04T22:42:00Z,fr,"viral,indie,bts,cinematic,thrill,vlog,scary",0
My Creative Vlog #7,Creator_45,Sci-Fi,143,2026-04-27T13:18:00Z,en,"bts,indie,scary,viral,fun,cinematic,trending,short,vlog",0
My Creative Vlog #8,Creator_26,Action,133,2026-02-16T04:53:00Z,en,"viral,thrill,scary,vlog,cinematic,trending,short,indie,bts",0
Netflix Exclusive - Video #24,Netflix,Documentary,127,2026-06-13T18:07:00Z,en,"trending,viral,bts,short,scary",1
T-Series Exclusive - Video #54,T-Series,Action,130,2026-03-08T14:58:00Z,ja,"short,vlog,scary,viral,fun,cinematic,indie,bts,thrill",1
Marvel Entertainment Exclusive - Video #61,Marvel Entertainment,Romance,146,2026-01-24T08:24:00Z,hi,"vlog,indie,bts,short,fun,viral,thrill,trending,cinematic,scary",1
My Creative Vlog #3,Creator_47,Drama,80,2026-04-11T17:21:00Z,es,"fun,short,bts,vlog,trending,cinematic,thrill,indie,scary",0
MrBeast Exclusive - Video #95,MrBeast,Sci-Fi,146,2026-01-05T10:05:00Z,en,"cinematic,thrill,scary,indie,viral,short,trending,bts",1
My Creative Vlog #7,Creator_28,Action,148,2026-01-04T02:58:00Z,en,,0
My Creative Vlog #10,Creator_77,Action,53,2026-05-22T14:33:00Z,en,"trending,thrill,bts,viral,vlog,indie,fun,scary,cinematic,short",0
My Creative Vlog #10,Creator_24,Thriller,124,2026-02-28T01:59:00Z,es,"scary,short,indie,bts,trending,viral,vlog,thrill,cinematic,fun",1
Warner Bros. Exclusive - Video #96,Warner Bros.,Sci-Fi,111,2026-01-18T11:54:00Z,es,"short,thrill,bts,indie,trending,fun,viral,cinematic,vlog,scary",1
T-Series Exclusive - Video #89,T-Series,Horror,36,2026-01-25T17:37:00Z,en,"thrill,fun,indie,bts,viral,scary,short,vlog,cinematic,trending",1
My Creative Vlog #8,Creator_55,Comedy,21,2026-05-07T15:25:00Z,en,"vlog,bts,scary,short,viral,indie,fun,trending,thrill,cinematic",0
My Creative Vlog #8,Creator_56,Thriller,117,2026-06-29T22:12:00Z,fr,"indie,viral,bts,short,fun,vlog,thrill,cinematic,trending,scary",1
My Creative Vlog #9,Creator_73,Comedy,9,2026-03-24T10:39:00Z,fr,"short,fun,indie,vlog,thrill,scary,cinematic",0
Marvel Entertainment Exclusive - Video #57,Marvel Entertainment,Thriller,85,2026-01-08T02:58:00Z,es,short,1
My Creative Vlog #2,Creator_74,Drama,152,2026-04-01T12:22:00Z,en,"vlog,short,viral,cinematic,trending,fun,scary,indie",0
My Creative Vlog #3,Creator_82,Romance,144,2026-05-06T11:40:00Z,fr,,0
My Creative Vlog #4,Creator_76,Thriller,60,2026-01-27T23:56:00Z,en,"trending,viral,indie,short,cinematic",0
My Creative Vlog #7,Creator_3,Documentary,39,2026-02-16T05:14:00Z,hi,"bts,scary,viral,cinematic,thrill,trending",0
T-Series Exclusive - Video #91,T-Series,Action,47,2026-02-04T08:50:00Z,en,"indie,fun,thrill,cinematic,short,scary",1
My Creative Vlog #5,Creator_82,Thriller,134,2026-03-25T15:56:00Z,en,"thrill,bts,indie,cinematic,vlog,fun,scary,short,viral,trending",0
My Creative Vlog #6,Creator_27,Horror,65,2026-04-06T07:16:00Z,ja,"viral,thrill,indie,cinematic,scary,vlog,short,bts,trending,fun",0
My Creative Vlog #6,Creator_30,Sci-Fi,125,2026-02-10T13:53:00Z,fr,"indie,bts,thrill",0
A24 Exclusive - Video #68,A24,Romance,94,2026-05-15T15:00:00Z,es,"fun,indie,scary",1
A24 Exclusive - Video #65,A24,Documentary,138,2026-01-09T11:01:00Z,es,"trending,cinematic,bts,thrill,viral",1
Netflix Exclusive - Video #16,Netflix,Romance,51,2026-03-13T05:58:00Z,hi,"trending,short,vlog,viral,cinematic,scary,indie,fun,thrill",1
A24 Exclusive - Video #97,A24,Thriller,75,2026-05-24T00:04:00Z,ko,"cinematic,vlog",1
MrBeast Exclusive - Video #39,MrBeast,Comedy,9,2026-04-29T19:16:00Z,hi,"short,cinematic,scary",1
Warner Bros. Exclusive - Video #61,Warner Bros.,Documentary,48,2026-04-28T08:09:00Z,ko,"indie,fun,cinematic,trending,short,bts,vlog,viral,thrill,scary",1
MrBeast Exclusive - Video #20,MrBeast,Horror,162,2026-04-21T01:51:00Z,en,"scary,cinematic,viral,trending,bts,fun,thrill,short,vlog",1
My Creative Vlog #7,Creator_5,Drama,122,2026-02-17T17:54:00Z,en,"short,scary,vlog,bts,fun,indie",1
My Creative Vlog #7,Creator_48,Drama,109,2026-03-07T03:11:00Z,ko,,0
My Creative Vlog #8,Creator_84,Sci-Fi,65,2026-01-04T18:39:00Z,en,"bts,scary,viral,thrill,vlog,short",1
My Creative Vlog #8,Creator_56,Thriller,84,2026-03-27T01:45:00Z,ja,"bts,vlog,fun,indie,viral,scary,thrill,trending,short,cinematic",1
My Creative Vlog #9,Creator_40,Documentary,24,2026-06-18T09:41:00Z,en,,0
MrBeast Exclusive - Video #56,MrBeast,Thriller,131,2026-02-07T17:11:00Z,hi,scary,1
My Creative Vlog #7,Creator_57,Romance,48,2026-06-05T19:04:00Z,en,"cinematic,thrill,trending,bts,fun,indie,viral,short,vlog,scary",0
Netflix Exclusive - Video #97,Netflix,Drama,171,2026-05-30T15:30:00Z,en,"viral,cinematic,trending,scary,bts,thrill,short,fun,vlog,indie",1
Netflix Exclusive - Video #67,Netflix,Action,65,2026-05-11T03:53:00Z,ko,"bts,viral",1
My Creative Vlog #3,Creator_80,Drama,26,2026-06-01T17:15:00Z,ko,"viral,cinematic,short,bts,vlog,scary,thrill,indie,trending",1
My Creative Vlog #8,Creator_88,Romance,1,2026-04-24T20:18:00Z,ja,"bts,viral,cinematic,indie,vlog,trending,fun,short,scary",0
My Creative Vlog #9,Creator_96,Action,116,2026-05-07T17:39:00Z,en,"thrill,cinematic,trending",0
My Creative Vlog #7,Creator_98,Thriller,75,2026-06-16T01:17:00Z,en,"scary,thrill,indie,cinematic,short,bts,fun,viral,trending",0
T-Series Exclusive - Video #79,T-Series,Comedy,6,2026-01-20T07:53:00Z,en,"fun,viral,trending,indie,bts,short,vlog",1
MrBeast Exclusive - Video #30,MrBeast,Drama,1,2026-01-26T07:34:00Z,en,"scary,fun,trending,indie,thrill",1
A24 Exclusive - Video #59,A24,Comedy,28,2026-06-13T13:14:00Z,ko,,0
My Creative Vlog #8,Creator_12,Action,139,2026-04-08T19:00:00Z,fr,"vlog,thrill,short,scary,indie,viral,trending,cinematic,fun,bts",0
My Creative Vlog #8,Creator_7,Thriller,103,2026-01-30T13:15:00Z,es,"cinematic,trending,bts,vlog,viral,short,scary,indie",1
Marvel Entertainment Exclusive - Video #20,Marvel Entertainment,Horror,165,2026-03-19T11:16:00Z,ja,"bts,short,fun,thrill,scary,vlog",1
My Creative Vlog #7,Creator_59,Romance,21,2026-03-02T14:28:00Z,en,"vlog,bts,indie,short,viral,scary,cinematic,fun,thrill,trending",0
My Creative Vlog #4,Creator_70,Thriller,92,2026-04-04T15:13:00Z,fr,scary,1
My Creative Vlog #1,Creator_37,Drama,36,2026-02-25T21:41:00Z,es,"indie,viral,thrill,fun,scary,cinematic,vlog,short,bts,trending",1
MrBeast Exclusive - Video #32,MrBeast,Comedy,16,2026-02-17T09:32:00Z,hi,bts,1
My Creative Vlog #5,Creator_54,Romance,7,2026-03-06T12:20:00Z,ko,"bts,indie,short,trending,viral,scary,cinematic,vlog",0
My Creative Vlog #4,Creator_78,Sci-Fi,138,2026-02-28T22:53:00Z,en,"cinematic,fun,vlog,indie,bts,thrill,trending,short,scary,viral",1
My Creative Vlog #2,Creator_36,Thriller,78,2026-01-13T12:47:00Z,en,"viral,bts,short,vlog,indie,thrill,cinematic,scary,fun",0
Netflix Exclusive - Video #67,Netflix,Sci-Fi,128,2026-01-14T15:21:00Z,fr,"bts,vlog,thrill,indie,short,scary,fun,cinematic",1
Warner Bros. Exclusive - Video #27,Warner Bros.,Comedy,20,2026-02-01T03:17:00Z,ko,"cinematic,indie,bts,thrill,short,trending,vlog,scary,viral,fun",1
My Creative Vlog #6,Creator_91,Sci-Fi,76,2026-01-25T13:12:00Z,en,"bts,short",1
My Creative Vlog #7,Creator_23,Comedy,18,2026-06-02T09:38:00Z,ko,"short,vlog,viral",0
My Creative Vlog #7,Creator_7,Drama,179,2026-01-13T03:48:00Z,hi,"trending,short,viral,scary,indie,fun,vlog,thrill,bts,cinematic",0
My Creative Vlog #2,Creator_54,Action,54,2026-05-01T19:55:00Z,ja,"bts,trending,vlog,fun",1
A24 Exclusive - Video #30,A24,Documentary,76,2026-04-06T16:49:00Z,ja,"scary,cinematic,indie,short,viral,thrill,trending,bts",1
My Creative Vlog #3,Creator_78,Drama,83,2026-03-29T03:28:00Z,es,bts,0
My Creative Vlog #5,Creator_9,Romance,108,2026-02-15T03:52:00Z,en,"scary,indie,trending,short,cinematic,thrill,bts,vlog,viral,fun",0
My Creative Vlog #5,Creator_72,Documentary,60,2026-01-25T10:24:00Z,hi,"trending,scary,bts,indie,vlog,thrill,cinematic,fun,viral,short",0
My Creative Vlog #10,Creator_47,Romance,35,2026-06-11T08:58:00Z,en,"bts,fun,viral,scary,indie,short,vlog,cinematic",0
Warner Bros. Exclusive - Video #37,Warner Bros.,Romance,50,2026-04-20T14:01:00Z,fr,"fun,viral,short,cinematic,vlog,bts,trending,thrill,scary,indie",0
MrBeast Exclusive - Video #22,MrBeast,Action,148,2026-01-16T13:43:00Z,hi,"scary,indie",1
My Creative Vlog #5,Creator_40,Horror,44,2026-03-17T17:55:00Z,es,"trending,fun",1
My Creative Vlog #1,Creator_48,Horror,113,2026-04-16T11:44:00Z,en,vlog,0
MrBeast Exclusive - Video #11,MrBeast,Horror,27,2026-03-21T15:22:00Z,hi,"vlog,viral,scary,short,trending,fun,thrill,indie,cinematic",1
A24 Exclusive - Video #89,A24,Thriller,110,2026-02-15T12:55:00Z,en,"viral,trending,scary,fun,short,indie,thrill,vlog,cinematic,bts",1
My Creative Vlog #7,Creator_92,Sci-Fi,119,2026-06-19T13:38:00Z,en,"fun,cinematic,scary,viral,thrill,short,trending,bts,indie,vlog",1
My Creative Vlog #4,Creator_97,Thriller,124,2026-03-01T09:08:00Z,es,"fun,thrill,trending,scary,indie,viral,vlog,cinematic,bts,short",0
My Creative Vlog #4,Creator_78,Action,77,2026-02-23T15:23:00Z,en,"vlog,indie,bts,thrill,fun,trending,scary,viral,cinematic,short",0
Marvel Entertainment Exclusive - Video #27,Marvel Entertainment,Documentary,88,2026-01-06T14:17:00Z,hi,"trending,cinematic,fun,indie,thrill",1
My Creative Vlog #1,Creator_81,Action,117,2026-04-20T19:55:00Z,ko,"cinematic,scary,bts,thrill",1
My Creative Vlog #9,Creator_71,Action,45,2026-01-10T18:51:00Z,ja,"fun,vlog,short,viral",1
My Creative Vlog #9,Creator_49,Sci-Fi,100,2026-04-26T18:34:00Z,es,"trending,indie,viral,scary,cinematic,bts,vlog",1
T-Series Exclusive - Video #20,T-Series,Comedy,5,2026-02-25T16:16:00Z,fr,cinematic,0
My Creative Vlog #6,Creator_94,Thriller,128,2026-03-28T02:34:00Z,ko,,1
My Creative Vlog #10,Creator_34,Drama,53,2026-03-14T22:13:00Z,ja,"indie,vlog,cinematic,trending,fun,short,bts,thrill,viral",1
My Creative Vlog #8,Creator_30,Documentary,80,2026-01-12T04:52:00Z,es,"vlog,indie",0
T-Series Exclusive - Video #25,T-Series,Horror,9,2026-02-03T10:03:00Z,hi,"cinematic,short,indie,bts,viral,scary,fun,thrill",1
My Creative Vlog #10,Creator_37,Action,142,2026-04-15T17:55:00Z,en,"indie,scary,cinematic,thrill,fun,viral,trending,short,vlog,bts",0
My Creative Vlog #2,Creator_43,Action,45,2026-03-17T20:58:00Z,ja,"short,bts",0
My Creative Vlog #7,Creator_28,Documentary,107,2026-02-07T01:12:00Z,ko,"thrill,bts,vlog",0
My Creative Vlog #7,Creator_77,Action,74,2026-01-27T17:04:00Z,en,"scary,cinematic,short",0
My Creative Vlog #1,Creator_96,Romance,57,2026-02-01T14:19:00Z,es,"short,bts,indie,viral,cinematic",0
T-Series Exclusive - Video #66,T-Series,Documentary,179,2026-01-11T16:39:00Z,fr,"thrill,short,cinematic,bts,fun,vlog,viral",1
My Creative Vlog #8,Creator_25,Romance,65,2026-01-08T07:30:00Z,ko,"indie,vlog,short,fun,trending,bts,viral",0
T-Series Exclusive - Video #54,T-Series,Action,83,2026-01-23T02:20:00Z,fr,"scary,bts,trending,thrill,indie,short,cinematic,fun,vlog,viral",1
My Creative Vlog #9,Creator_46,Drama,62,2026-03-16T23:16:00Z,ja,"vlog,cinematic,indie",0
Warner Bros. Exclusive - Video #96,Warner Bros.,Drama,106,2026-04-21T01:40:00Z,en,,1
My Creative Vlog #7,Creator_47,Comedy,7,2026-06-03T22:48:00Z,ko,"viral,bts,vlog,cinematic,fun",0
My Creative Vlog #7,Creator_36,Sci-Fi,54,2026-03-21T23:19:00Z,fr,"indie,viral,bts,thrill,scary,trending,fun",1
My Creative Vlog #7,Creator_86,Drama,158,2026-01-05T23:23:00Z,en,"indie,cinematic,vlog,trending,thrill",0
My Creative Vlog #4,Creator_90,Action,45,2026-02-16T18:45:00Z,en,"indie,thrill,trending,fun,bts,scary,viral",1
My Creative Vlog #5,Creator_9,Thriller,90,2026-01-18T06:56:00Z,en,"indie,bts,trending,fun,scary,vlog,cinematic,short",0
T-Series Exclusive - Video #74,T-Series,Documentary,43,2026-03-08T14:19:00Z,es,"trending,scary",1
A24 Exclusive - Video #96,A24,Drama,58,2026-05-10T15:41:00Z,hi,"viral,vlog,indie,scary,fun",1
Warner Bros. Exclusive - Video #56,Warner Bros.,Comedy,21,2026-06-22T06:00:00Z,en,"vlog,cinematic,scary,fun,short",1
Warner Bros. Exclusive - Video #89,Warner Bros.,Documentary,164,2026-02-12T22:07:00Z,fr,"bts,cinematic,vlog,thrill,indie,trending,fun,scary",1
My Creative Vlog #7,Creator_15,Romance,89,2026-06-08T05:13:00Z,hi,bts,0
My Creative Vlog #9,Creator_12,Thriller,138,2026-01-15T06:34:00Z,en,"indie,scary,thrill,viral",0
My Creative Vlog #4,Creator_60,Thriller,120,2026-01-27T05:04:00Z,ja,"short,scary",0
Netflix Exclusive - Video #52,Netflix,Documentary,93,2026-02-20T01:04:00Z,ja,"trending,scary,bts",1
My Creative Vlog #2,Creator_69,Comedy,6,2026-06-07T23:26:00Z,ja,"vlog,thrill,cinematic,fun,scary,short,bts,trending,viral",0
Marvel Entertainment Exclusive - Video #33,Marvel Entertainment,Comedy,9,2026-04-15T19:54:00Z,es,"fun,trending,indie,bts,cinematic",1
My Creative Vlog #1,Creator_14,Sci-Fi,58,2026-06-27T23:24:00Z,ko,"bts,viral,trending,short,cinematic,thrill,vlog,indie,scary,fun",0
My Creative Vlog #9,Creator_54,Drama,39,2026-06-25T02:40:00Z,fr,"indie,fun,bts,short,thrill",0
Marvel Entertainment Exclusive - Video #34,Marvel Entertainment,Horror,128,2026-05-27T22:05:00Z,en,,1
My Creative Vlog #6,Creator_82,Romance,34,2026-02-03T17:40:00Z,fr,,0
A24 Exclusive - Video #94,A24,Romance,69,2026-05-24T10:39:00Z,fr,"fun,thrill,scary,vlog,short,trending,viral,bts,cinematic,indie",1
My Creative Vlog #6,Creator_6,Thriller,135,2026-02-07T20:33:00Z,ko,,1
My Creative Vlog #5,Creator_24,Thriller,98,2026-04-02T09:56:00Z,fr,"short,indie,cinematic,trending",1
My Creative Vlog #9,Creator_75,Documentary,112,2026-04-11T22:16:00Z,hi,,0
My Creative Vlog #7,Creator_46,Drama,57,2026-05-12T17:31:00Z,fr,"indie,cinematic,bts,vlog,thrill,short,viral,trending,fun,scary",0
My Creative Vlog #10,Creator_18,Thriller,56,2026-01-26T23:55:00Z,hi,"indie,trending,thrill,scary,short,fun,bts,vlog",1
Netflix Exclusive - Video #36,Netflix,Documentary,32,2026-03-07T16:37:00Z,ja,"scary,vlog,fun,cinematic,thrill,short,indie,trending,bts,viral",1
MrBeast Exclusive - Video #39,MrBeast,Horror,113,2026-02-02T17:15:00Z,ja,indie,1
My Creative Vlog #4,Creator_43,Drama,169,2026-04-11T15:00:00Z,es,"vlog,indie,bts,short,fun,scary,viral,cinematic",1
My Creative Vlog #9,Creator_85,Drama,41,2026-05-15T05:45:00Z,en,"viral,vlog,scary,bts,indie,fun,cinematic,trending,short,thrill",0
My Creative Vlog #8,Creator_55,Sci-Fi,126,2026-05-07T16:01:00Z,ko,"cinematic,vlog,scary,short",0
My Creative Vlog #2,Creator_19,Action,90,2026-06-12T06:05:00Z,fr,"cinematic,bts,fun,thrill,vlog",1
My Creative Vlog #2,Creator_36,Comedy,27,2026-06-12T09:33:00Z,ko,"fun,indie,short,bts,trending,cinematic,scary,viral,vlog,thrill",0
My Creative Vlog #2,Creator_41,Documentary,165,2026-04-22T09:56:00Z,en,"indie,short,bts,viral,cinematic,trending,thrill,fun,scary",0
Netflix Exclusive - Video #60,Netflix,Action,49,2026-01-22T23:20:00Z,fr,"fun,bts,thrill,viral,indie,short,vlog,scary,trending,cinematic",1
My Creative Vlog #9,Creator_53,Thriller,117,2026-06-10T16:49:00Z,es,"trending,viral,bts,fun,short,vlog",0
MrBeast Exclusive - Video #38,MrBeast,Romance,62,2026-04-06T16:25:00Z,ko,"short,viral,cinematic,fun,indie,bts,scary,trending,vlog,thrill",1
T-Series Exclusive - Video #72,T-Series,Horror,104,2026-06-12T22:08:00Z,fr,"trending,cinematic",1
My Creative Vlog #10,Creator_39,Comedy,8,2026-06-03T22:09:00Z,ja,"short,fun,cinematic,bts,trending,viral",1
My Creative Vlog #4,Creator_85,Action,47,2026-06-22T15:29:00Z,ja,"vlog,fun,viral,short,scary",0
My Creative Vlog #7,Creator_48,Romance,165,2026-05-12T08:18:00Z,ko,,0
My Creative Vlog #6,Creator_62,Comedy,26,2026-05-25T22:36:00Z,en,"vlog,viral,short,scary,fun,cinematic,trending,indie,bts",0
My Creative Vlog #6,Creator_22,Action,131,2026-01-26T13:58:00Z,es,"vlog,fun,scary,thrill,cinematic,bts,short,viral,indie",0
My Creative Vlog #1,Creator_75,Romance,5,2026-04-03T10:19:00Z,es,"scary,thrill,bts,indie,short,vlog,cinematic,fun,viral,trending",0
My Creative Vlog #1,Creator_19,Horror,157,2026-01-14T15:25:00Z,hi,"viral,cinematic,scary,fun",1
My Creative Vlog #1,Creator_85,Comedy,8,2026-03-27T20:16:00Z,fr,"scary,thrill,vlog,viral,cinematic,trending,fun",1
MrBeast Exclusive - Video #69,MrBeast,Documentary,103,2026-03-07T03:14:00Z,ja,"short,thrill,viral,scary",1
My Creative Vlog #10,Creator_28,Documentary,39,2026-03-02T04:34:00Z,ja,"cinematic,vlog,trending,indie,bts",1
My Creative Vlog #10,Creator_63,Horror,125,2026-04-03T16:06:00Z,ko,"trending,fun,thrill,cinematic,indie,bts",1
A24 Exclusive - Video #93,A24,Horror,114,2026-01-01T09:01:00Z,fr,thrill,1
My Creative Vlog #2,Creator_82,Horror,127,2026-06-21T18:31:00Z,hi,"viral,vlog,cinematic,short",1
A24 Exclusive - Video #37,A24,Romance,73,2026-04-06T22:49:00Z,ko,,1
T-Series Exclusive - Video #54,T-Series,Thriller,129,2026-01-11T03:28:00Z,en,"short,thrill,trending,scary,vlog,indie",1
My Creative Vlog #2,Creator_41,Sci-Fi,135,2026-02-09T03:47:00Z,ja,"scary,vlog,indie,bts,short,viral,fun,trending,thrill",0
My Creative Vlog #9,Creator_46,Sci-Fi,50,2026-05-06T01:29:00Z,en,"vlog,bts",0
My Creative Vlog #6,Creator_30,Comedy,29,2026-02-19T19:00:00Z,en,"scary,trending,short,indie",0
Marvel Entertainment Exclusive - Video #39,Marvel Entertainment,Sci-Fi,96,2026-06-22T07:20:00Z,fr,"bts,indie,short,vlog,trending,fun,cinematic,scary,thrill,viral",1
My Creative Vlog #9,Creator_47,Drama,100,2026-01-07T16:11:00Z,ja,"indie,scary",1
My Creative Vlog #2,Creator_34,Drama,130,2026-05-14T12:27:00Z,en,fun,0
A24 Exclusive - Video #31,A24,Documentary,41,2026-04-07T02:59:00Z,en,"short,vlog,fun,indie,bts,thrill,cinematic,viral,scary",1
My Creative Vlog #6,Creator_49,Action,68,2026-04-06T21:52:00Z,ja,"thrill,viral,vlog,bts",1
My Creative Vlog #2,Creator_44,Action,93,2026-04-26T06:32:00Z,en,"cinematic,fun,trending,viral,thrill,bts,short,vlog,scary,indie",1
My Creative Vlog #9,Creator_13,Horror,128,2026-01-21T08:24:00Z,en,"trending,viral",0
MrBeast Exclusive - Video #44,MrBeast,Thriller,57,2026-01-29T05:28:00Z,en,"scary,indie,trending,viral,short,thrill,bts,vlog",1
My Creative Vlog #10,Creator_94,Thriller,98,2026-06-19T21:30:00Z,ko,vlog,1
Marvel Entertainment Exclusive - Video #57,Marvel Entertainment,Thriller,106,2026-04-18T20:30:00Z,en,"indie,fun,viral,scary,short,trending,vlog,bts,cinematic,thrill",1
My Creative Vlog #4,Creator_74,Thriller,73,2026-06-21T05:24:00Z,es,"cinematic,indie,thrill,short,scary,bts,fun,trending,vlog,viral",1
My Creative Vlog #5,Creator_50,Thriller,117,2026-05-05T20:00:00Z,hi,"fun,cinematic,viral,vlog",1
Marvel Entertainment Exclusive - Video #18,Marvel Entertainment,Documentary,144,2026-05-27T03:12:00Z,ko,"fun,indie,short,trending,scary,bts,viral,vlog",1
My Creative Vlog #3,Creator_94,Documentary,44,2026-04-13T00:08:00Z,en,indie,1
A24 Exclusive - Video #75,A24,Romance,94,2026-03-12T16:00:00Z,en,"scary,bts,cinematic,thrill,viral,indie,fun,trending,vlog",0
MrBeast Exclusive - Video #20,MrBeast,Romance,80,2026-03-28T08:24:00Z,hi,"cinematic,viral,trending,vlog,bts,short,fun,thrill,scary,indie",1
MrBeast Exclusive - Video #57,MrBeast,Romance,145,2026-05-29T00:59:00Z,hi,"bts,short,viral,scary,indie",1
Netflix Exclusive - Video #54,Netflix,Sci-Fi,109,2026-04-26T01:57:00Z,es,fun,1
My Creative Vlog #9,Creator_33,Action,142,2026-06-12T20:35:00Z,ja,"scary,short,indie",1
My Creative Vlog #7,Creator_98,Romance,119,2026-06-20T13:54:00Z,en,,0
A24 Exclusive - Video #85,A24,Romance,174,2026-06-12T21:53:00Z,hi,short,1
My Creative Vlog #8,Creator_96,Documentary,128,2026-03-09T10:07:00Z,en,"vlog,thrill,trending,bts",0
My Creative Vlog #2,Creator_28,Comedy,16,2026-04-10T00:54:00Z,ja,"fun,short,trending,scary",1
My Creative Vlog #10,Creator_47,Horror,123,2026-04-16T03:06:00Z,en,,0
My Creative Vlog #8,Creator_40,Documentary,75,2026-06-22T23:22:00Z,ko,"short,fun,bts,viral,indie",0
MrBeast Exclusive - Video #44,MrBeast,Thriller,142,2026-02-22T18:00:00Z,es,"indie,vlog,cinematic,short,scary,trending,bts,viral,thrill,fun",1
My Creative Vlog #8,Creator_71,Thriller,124,2026-04-24T14:56:00Z,fr,"bts,cinematic,short,trending,vlog,viral,scary",0
My Creative Vlog #8,Creator_24,Comedy,26,2026-01-22T01:28:00Z,hi,"viral,fun,indie,bts,short",0
My Creative Vlog #3,Creator_84,Horror,52,2026-02-11T07:12:00Z,hi,,0
My Creative Vlog #5,Creator_30,Horror,98,2026-01-06T12:52:00Z,en,"bts,thrill,scary,cinematic,trending,short",1
T-Series Exclusive - Video #78,T-Series,Sci-Fi,86,2026-02-05T19:19:00Z,en,"vlog,cinematic",0
T-Series Exclusive - Video #43,T-Series,Horror,136,2026-05-23T10:18:00Z,fr,"cinematic,scary,viral,trending,thrill,bts,indie,short,vlog,fun",1
Netflix Exclusive - Video #51,Netflix,Action,101,2026-04-16T09:08:00Z,ja,"trending,short,indie,thrill,vlog",1
My Creative Vlog #3,Creator_87,Thriller,74,2026-06-01T04:10:00Z,en,"viral,short,trending",1
My Creative Vlog #10,Creator_76,Drama,139,2026-05-01T18:33:00Z,fr,"vlog,short",0
Warner Bros. Exclusive - Video #49,Warner Bros.,Documentary,105,2026-02-14T18:52:00Z,en,"bts,indie,thrill,fun,trending,scary,cinematic",1
My Creative Vlog #1,Creator_65,Romance,2,2026-01-05T10:05:00Z,en,"vlog,short",0
Netflix Exclusive - Video #28,Netflix,Drama,168,2026-01-01T02:46:00Z,fr,"thrill,cinematic,bts,trending,scary",1
A24 Exclusive - Video #18,A24,Thriller,79,2026-04-14T13:08:00Z,fr,"trending,viral,cinematic,vlog,scary",1
Warner Bros. Exclusive - Video #16,Warner Bros.,Action,137,2026-04-12T01:30:00Z,ja,"vlog,scary,bts,trending",1
My Creative Vlog #4,Creator_19,Action,95,2026-05-17T22:41:00Z,en,"trending,viral,thrill,fun,scary,short",1
My Creative Vlog #9,Creator_35,Documentary,129,2026-06-30T03:39:00Z,fr,,0
My Creative Vlog #3,Creator_62,Thriller,124,2026-02-03T11:04:00Z,en,,0
My Creative Vlog #6,Creator_93,Drama,61,2026-02-28T22:09:00Z,fr,,1
My Creative Vlog #8,Creator_97,Documentary,130,2026-02-11T18:58:00Z,en,"vlog,cinematic,bts,indie,trending",1
Marvel Entertainment Exclusive - Video #31,Marvel Entertainment,Thriller,145,2026-04-30T10:53:00Z,fr,"viral,thrill,fun,short",1
T-Series Exclusive - Video #30,T-Series,Sci-Fi,61,2026-03-30T19:05:00Z,hi,"viral,fun,thrill,cinematic,short,scary,indie,trending,bts,vlog",1
Warner Bros. Exclusive - Video #91,Warner Bros.,Horror,51,2026-06-11T10:55:00Z,es,"short,vlog,bts,viral,thrill,scary,fun,indie,trending",1
My Creative Vlog #4,Creator_40,Thriller,65,2026-06-07T18:03:00Z,hi,"vlog,trending,thrill,viral",1
My Creative Vlog #1,Creator_7,Thriller,117,2026-03-15T00:38:00Z,en,"cinematic,short,scary,vlog,indie,viral",1
My Creative Vlog #3,Creator_89,Drama,94,2026-03-08T19:09:00Z,en,"indie,scary,trending",1
My Creative Vlog #1,Creator_81,Comedy,26,2026-03-27T04:29:00Z,hi,viral,0
MrBeast Exclusive - Video #18,MrBeast,Horror,126,2026-03-26T13:36:00Z,en,,1
Marvel Entertainment Exclusive - Video #38,Marvel Entertainment,Action,87,2026-06-06T16:47:00Z,es,"thrill,fun,vlog,bts,indie,viral,short",1
My Creative Vlog #8,Creator_62,Comedy,16,2026-03-05T19:01:00Z,en,"indie,fun",1
My Creative Vlog #6,Creator_52,Thriller,50,2026-02-21T04:38:00Z,en,"trending,bts,indie,fun,scary,cinematic,vlog,short,viral",0
My Creative Vlog #6,Creator_95,Documentary,67,2026-06-18T01:45:00Z,es,"scary,viral",0
A24 Exclusive - Video #17,A24,Sci-Fi,101,2026-04-04T08:36:00Z,hi,"scary,thrill,bts,cinematic,vlog,short,trending,viral,fun",1
My Creative Vlog #6,Creator_89,Drama,132,2026-05-01T17:44:00Z,hi,"short,scary,vlog,indie,thrill",0
T-Series Exclusive - Video #39,T-Series,Horror,88,2026-03-05T20:57:00Z,hi,,1
Warner Bros. Exclusive - Video #29,Warner Bros.,Horror,122,2026-03-06T00:40:00Z,ja,"short,fun,trending",1
Netflix Exclusive - Video #61,Netflix,Thriller,61,2026-03-05T04:20:00Z,en,,1
My Creative Vlog #9,Creator_42,Romance,14,2026-05-31T08:40:00Z,en,"fun,bts,thrill,vlog",0
My Creative Vlog #6,Creator_21,Documentary,23,2026-02-03T10:14:00Z,en,"vlog,viral,bts,indie,short,fun,trending",0
My Creative Vlog #10,Creator_40,Horror,18,2026-06-07T22:55:00Z,fr,cinematic,1
T-Series Exclusive - Video #25,T-Series,Sci-Fi,100,2026-03-01T05:32:00Z,en,"indie,scary,trending,bts",1
My Creative Vlog #9,Creator_10,Documentary,111,2026-03-02T10:08:00Z,en,"trending,short,indie,bts,fun,vlog,cinematic,thrill,scary,viral",0
My Creative Vlog #7,Creator_46,Romance,118,2026-01-20T09:12:00Z,hi,"indie,trending,vlog,cinematic,thrill,short,bts,scary,fun,viral",0
Netflix Exclusive - Video #37,Netflix,Drama,125,2026-05-12T16:32:00Z,en,"bts,scary,trending,fun,vlog,short,cinematic,thrill",1
My Creative Vlog #9,Creator_61,Documentary,23,2026-05-16T21:22:00Z,ko,"trending,cinematic,bts,vlog,thrill,scary,fun,viral,short",0
T-Series Exclusive - Video #29,T-Series,Romance,41,2026-01-01T23:40:00Z,en,"thrill,short,fun,cinematic,viral,scary,indie,bts,vlog,trending",1
Marvel Entertainment Exclusive - Video #38,Marvel Entertainment,Thriller,143,2026-04-13T19:28:00Z,ja,thrill,1
My Creative Vlog #8,Creator_53,Comedy,13,2026-04-10T15:16:00Z,en,"indie,vlog,bts,scary,fun,trending",1
My Creative Vlog #2,Creator_13,Sci-Fi,83,2026-04-01T13:02:00Z,ja,"bts,cinematic,indie,viral,fun,short,trending,vlog,scary,thrill",0
MrBeast Exclusive - Video #37,MrBeast,Action,143,2026-05-01T22:30:00Z,fr,"scary,trending,bts,vlog,short,cinematic,thrill,indie,fun,viral",1
My Creative Vlog #1,Creator_20,Comedy,9,2026-03-09T21:03:00Z,en,"thrill,cinematic,vlog,trending,short",0
My Creative Vlog #9,Creator_5,Thriller,130,2026-05-25T18:58:00Z,hi,"short,indie,bts,viral,thrill,cinematic,scary,trending,vlog",0
MrBeast Exclusive - Video #41,MrBeast,Action,143,2026-06-21T01:01:00Z,en,"viral,thrill,scary,fun,bts,vlog,indie,short,trending",1
My Creative Vlog #2,Creator_36,Romance,146,2026-05-25T20:26:00Z,ja,"indie,bts,fun,thrill",1
My Creative Vlog #10,Creator_67,Sci-Fi,65,2026-02-07T10:09:00Z,fr,"cinematic,indie,trending,short,viral,bts,thrill,vlog,fun,scary",0
My Creative Vlog #8,Creator_96,Romance,27,2026-02-17T11:05:00Z,ja,"bts,trending,thrill,vlog,short,viral,indie,cinematic",0
Marvel Entertainment Exclusive - Video #24,Marvel Entertainment,Drama,56,2026-05-29T04:31:00Z,es,"thrill,short,trending,bts,indie,scary,viral,cinematic,vlog,fun",1
Marvel Entertainment Exclusive - Video #46,Marvel Entertainment,Horror,78,2026-02-09T00:09:00Z,en,"thrill,vlog,fun,short,bts,cinematic,scary,trending,indie,viral",1
MrBeast Exclusive - Video #15,MrBeast,Action,54,2026-01-29T17:02:00Z,en,"indie,viral,thrill,bts,trending,short",1
My Creative Vlog #2,Creator_50,Thriller,78,2026-04-27T02:55:00Z,en,bts,1
My Creative Vlog #10,Creator_49,Drama,78,2026-05-05T13:35:00Z,hi,"viral,trending,scary,fun",0
Marvel Entertainment Exclusive - Video #91,Marvel Entertainment,Comedy,14,2026-01-03T10:58:00Z,en,"scary,fun,cinematic,short,trending,bts,indie,viral,vlog,thrill",1
A24 Exclusive - Video #45,A24,Thriller,148,2026-04-09T14:06:00Z,es,"vlog,short,scary,trending,indie,viral,cinematic,thrill,fun,bts",1
My Creative Vlog #8,Creator_20,Documentary,170,2026-05-01T19:17:00Z,en,"thrill,trending,scary,viral,short,fun,bts",1
My Creative Vlog #8,Creator_68,Thriller,122,2026-02-28T07:38:00Z,en,"scary,indie,thrill,trending,viral,bts,fun,vlog,short,cinematic",1
Netflix Exclusive - Video #99,Netflix,Thriller,89,2026-05-06T12:15:00Z,en,"trending,viral,bts,thrill,indie,scary,fun,vlog,cinematic,short",1
MrBeast Exclusive - Video #12,MrBeast,Thriller,80,2026-04-23T09:33:00Z,ko,"bts,thrill,indie,short,cinematic,vlog,fun",1
My Creative Vlog #4,Creator_84,Sci-Fi,148,2026-01-28T00:03:00Z,fr,"short,trending,viral,scary,indie,bts,cinematic,thrill,fun,vlog",0
Netflix Exclusive - Video #66,Netflix,Comedy,23,2026-06-30T13:53:00Z,en,,1
MrBeast Exclusive - Video #52,MrBeast,Sci-Fi,102,2026-03-13T07:14:00Z,hi,"vlog,thrill,indie,cinematic,fun,short,viral,trending,bts,scary",1
Netflix Exclusive - Video #17,Netflix,Horror,159,2026-06-27T18:37:00Z,en,"indie,cinematic,scary,vlog,short,trending",1
T-Series Exclusive - Video #37,T-Series,Horror,110,2026-06-27T04:17:00Z,fr,"fun,scary,cinematic,indie,thrill,vlog,bts,short,trending,viral",1
My Creative Vlog #2,Creator_59,Horror,180,2026-01-21T07:17:00Z,hi,"viral,short,indie,scary,trending,vlog,cinematic,bts,fun,thrill",0
Marvel Entertainment Exclusive - Video #26,Marvel Entertainment,Comedy,27,2026-02-01T12:08:00Z,ja,,1
My Creative Vlog #6,Creator_25,Horror,101,2026-03-19T12:13:00Z,fr,,0
My Creative Vlog #6,Creator_83,Documentary,125,2026-01-02T07:38:00Z,hi,"fun,short,viral,cinematic",0
My Creative Vlog #3,Creator_75,Documentary,83,2026-02-02T19:53:00Z,en,"trending,fun,indie,bts,short",1
MrBeast Exclusive - Video #64,MrBeast,Comedy,18,2026-01-19T18:29:00Z,hi,"thrill,bts,viral,short,trending,indie,cinematic,scary",1
Warner Bros. Exclusive - Video #77,Warner Bros.,Horror,171,2026-04-07T18:39:00Z,en,"vlog,indie,short,viral,bts,cinematic,trending,scary,thrill,fun",1
My Creative Vlog #4,Creator_60,Sci-Fi,91,2026-03-23T23:26:00Z,en,"fun,bts,viral,indie,thrill,cinematic,short,trending,vlog",0
My Creative Vlog #5,Creator_51,Comedy,20,2026-04-09T02:40:00Z,hi,,0
My Creative Vlog #7,Creator_89,Action,99,2026-05-10T06:20:00Z,en,"short,indie,thrill,trending,viral,cinematic",0
Marvel Entertainment Exclusive - Video #39,Marvel Entertainment,Drama,88,2026-02-05T17:09:00Z,ko,"short,viral,fun,scary,thrill,vlog,indie,bts,cinematic,trending",1
Warner Bros. Exclusive - Video #88,Warner Bros.,Sci-Fi,142,2026-03-07T08:19:00Z,es,"scary,indie,vlog,thrill,trending,cinematic,short,viral,bts,fun",0
My Creative Vlog #1,Creator_67,Documentary,144,2026-05-08T15:05:00Z,ja,"cinematic,trending,indie,bts,viral",1
My Creative Vlog #3,Creator_7,Documentary,148,2026-01-26T22:09:00Z,en,"thrill,indie,scary,short,viral,trending,vlog,bts,cinematic,fun",0
Marvel Entertainment Exclusive - Video #48,Marvel Entertainment,Comedy,22,2026-01-02T05:39:00Z,ja,"bts,short,vlog,indie,viral",1
My Creative Vlog #10,Creator_63,Documentary,89,2026-01-18T18:41:00Z,en,"short,thrill,viral,trending",1
My Creative Vlog #6,Creator_19,Sci-Fi,128,2026-04-29T13:06:00Z,en,"cinematic,vlog",0
Netflix Exclusive - Video #11,Netflix,Thriller,91,2026-04-12T07:02:00Z,en,"fun,thrill,bts,vlog,scary,viral,indie,trending,short",1
My Creative Vlog #2,Creator_26,Drama,163,2026-04-23T07:45:00Z,ko,"thrill,vlog,cinematic,viral,indie",0
MrBeast Exclusive - Video #27,MrBeast,Romance,65,2026-06-22T02:27:00Z,en,"bts,indie,scary,cinematic,short,fun,trending",0
MrBeast Exclusive - Video #21,MrBeast,Thriller,47,2026-04-04T02:02:00Z,en,"thrill,vlog,bts,cinematic,viral,indie,scary,trending,fun",1
A24 Exclusive - Video #93,A24,Action,45,2026-06-30T06:42:00Z,es,"fun,thrill,scary,short,bts,viral,trending,vlog,indie,cinematic",1
T-Series Exclusive - Video #88,T-Series,Sci-Fi,116,2026-05-01T23:43:00Z,es,,1
Netflix Exclusive - Video #59,Netflix,Comedy,18,2026-04-11T08:37:00Z,fr,,1
A24 Exclusive - Video #52,A24,Thriller,57,2026-03-26T23:41:00Z,en,"indie,thrill,fun,vlog,scary,viral,trending",1
Netflix Exclusive - Video #50,Netflix,Thriller,128,2026-06-06T13:39:00Z,ko,scary,1
My Creative Vlog #3,Creator_90,Drama,170,2026-05-22T01:20:00Z,hi,"short,thrill,scary,fun,indie,trending,cinematic",0
My Creative Vlog #4,Creator_96,Documentary,12,2026-01-28T02:07:00Z,ja,"fun,cinematic,vlog,thrill,short,scary,viral,indie,bts,trending",0
My Creative Vlog #9,Creator_36,Thriller,75,2026-01-06T08:58:00Z,ja,"vlog,bts,trending,cinematic,thrill,scary,short,fun,viral,indie",0
A24 Exclusive - Video #56,A24,Drama,12,2026-03-25T23:50:00Z,ja,"indie,short,cinematic,scary,bts,thrill,trending,vlog,fun",1
My Creative Vlog #6,Creator_98,Romance,106,2026-02-06T14:55:00Z,es,"viral,bts,indie,trending,thrill",1
My Creative Vlog #10,Creator_68,Romance,10,2026-01-28T11:42:00Z,en,"viral,scary",0
My Creative Vlog #1,Creator_49,Thriller,110,2026-02-20T08:29:00Z,ko,"viral,fun,scary,trending,cinematic,short,vlog,bts,indie,thrill",1
My Creative Vlog #8,Creator_97,Drama,120,2026-01-27T20:58:00Z,ja,"indie,trending,scary,viral,thrill,short,fun,vlog,bts,cinematic",1
My Creative Vlog #4,Creator_34,Romance,102,2026-06-28T07:03:00Z,en,"trending,short,scary,vlog,thrill,fun,cinematic,viral,indie,bts",1
MrBeast Exclusive - Video #45,MrBeast,Comedy,6,2026-04-26T12:37:00Z,en,"indie,fun,bts,cinematic,vlog,short,viral,scary,thrill,trending",0
My Creative Vlog #6,Creator_32,Action,123,2026-05-13T10:40:00Z,en,"bts,indie,cinematic,thrill,fun,scary,viral",1
My Creative Vlog #2,Creator_71,Sci-Fi,106,2026-05-15T09:52:00Z,hi,"trending,short,scary,bts",0
A24 Exclusive - Video #91,A24,Action,85,2026-06-18T00:41:00Z,en,"vlog,bts,scary,short,thrill,viral,cinematic",0
My Creative Vlog #1,Creator_37,Action,69,2026-04-15T18:37:00Z,ja,"vlog,cinematic",0
Netflix Exclusive - Video #27,Netflix,Sci-Fi,85,2026-02-20T05:29:00Z,hi,"cinematic,viral,thrill,short,scary",1
Warner Bros. Exclusive - Video #26,Warner Bros.,Action,79,2026-05-04T15:04:00Z,es,"bts,cinematic,trending,thrill,viral,fun",1
My Creative Vlog #3,Creator_6,Thriller,50,2026-04-16T03:30:00Z,es,scary,0
My Creative Vlog #10,Creator_47,Horror,121,2026-04-11T03:49:00Z,en,vlog,1
My Creative Vlog #3,Creator_82,Romance,174,2026-01-04T13:20:00Z,en,"indie,viral,fun,vlog,bts,thrill,cinematic",0
My Creative Vlog #5,Creator_38,Sci-Fi,116,2026-06-27T11:15:00Z,en,"cinematic,bts,vlog,indie",1
T-Series Exclusive - Video #37,T-Series,Documentary,110,2026-01-02T15:31:00Z,fr,"vlog,thrill,scary,viral,cinematic,indie,short,bts,trending,fun",0
Marvel Entertainment Exclusive - Video #32,Marvel Entertainment,Action,96,2026-05-25T12:46:00Z,en,"bts,trending,fun,cinematic,viral,indie",1
My Creative Vlog #1,Creator_87,Sci-Fi,58,2026-04-28T19:02:00Z,ko,"short,trending,viral,fun,cinematic,vlog,bts,thrill,indie,scary",0
Netflix Exclusive - Video #68,Netflix,Sci-Fi,121,2026-05-02T05:58:00Z,en,"fun,viral,scary,cinematic,vlog,indie",1
My Creative Vlog #10,Creator_95,Drama,148,2026-04-07T20:39:00Z,en,trending,1
My Creative Vlog #3,Creator_21,Sci-Fi,50,2026-01-15T17:08:00Z,en,"scary,short,vlog,cinematic,fun,viral,bts,trending",0
A24 Exclusive - Video #79,A24,Romance,43,2026-05-21T04:03:00Z,ko,"fun,bts,trending",1
A24 Exclusive - Video #63,A24,Documentary,129,2026-05-29T10:08:00Z,es,"indie,trending,bts,short,cinematic,vlog,scary",1
MrBeast Exclusive - Video #32,MrBeast,Documentary,119,2026-02-25T14:35:00Z,fr,"thrill,short,vlog,bts,indie,fun,trending,viral,scary,cinematic",1
My Creative Vlog #7,Creator_7,Comedy,9,2026-06-07T16:32:00Z,fr,"vlog,thrill",0
My Creative Vlog #9,Creator_18,Drama,103,2026-06-25T23:04:00Z,ko,"viral,short,trending,vlog",0
Marvel Entertainment Exclusive - Video #64,Marvel Entertainment,Thriller,87,2026-04-10T23:45:00Z,ko,"vlog,trending,scary,bts,cinematic,short,thrill,viral",1
T-Series Exclusive - Video #84,T-Series,Action,60,2026-02-14T08:08:00Z,ja,"cinematic,thrill,viral",0
My Creative Vlog #5,Creator_72,Thriller,111,2026-04-23T00:59:00Z,en,"trending,vlog,indie,scary,bts,fun,viral",0
Netflix Exclusive - Video #70,Netflix,Horror,15,2026-03-14T07:14:00Z,ko,"bts,cinematic,short,thrill,scary,vlog,viral,fun",1
My Creative Vlog #2,Creator_42,Comedy,6,2026-05-27T00:03:00Z,fr,,0
My Creative Vlog #3,Creator_4,Thriller,92,2026-01-13T04:22:00Z,es,"short,fun,scary,cinematic,indie,thrill,viral,trending,vlog",1
My Creative Vlog #10,Creator_80,Romance,69,2026-06-15T14:43:00Z,ja,"scary,indie,cinematic,thrill,short,bts,fun,viral,trending,vlog",0
My Creative Vlog #5,Creator_98,Drama,15,2026-03-14T02:25:00Z,es,cinematic,1
A24 Exclusive - Video #56,A24,Comedy,11,2026-03-03T14:59:00Z,hi,"indie,bts,short,scary,thrill,trending,vlog",1
My Creative Vlog #5,Creator_59,Thriller,147,2026-04-03T16:19:00Z,ko,"vlog,viral,thrill,fun,short,cinematic,trending,indie",1
A24 Exclusive - Video #15,A24,Documentary,114,2026-03-07T08:21:00Z,en,"bts,vlog,indie,viral,short,fun,thrill,trending,cinematic",1
My Creative Vlog #2,Creator_13,Comedy,27,2026-01-15T22:33:00Z,ja,"viral,vlog,thrill,scary,cinematic,indie,fun,short,trending,bts",0
My Creative Vlog #9,Creator_16,Action,51,2026-06-18T14:46:00Z,hi,"thrill,vlog,trending,indie,short,viral,bts,fun,scary,cinematic",0
My Creative Vlog #3,Creator_85,Thriller,87,2026-03-26T09:34:00Z,en,"vlog,short,viral,cinematic,thrill,bts,trending,indie,fun",0
Netflix Exclusive - Video #47,Netflix,Drama,150,2026-03-05T14:06:00Z,fr,"vlog,thrill,short,indie,viral,trending,fun,cinematic,bts,scary",1
MrBeast Exclusive - Video #54,MrBeast,Drama,160,2026-02-16T13:28:00Z,ko,"vlog,bts,short,thrill,indie,cinematic,scary,viral,fun",1
T-Series Exclusive - Video #47,T-Series,Comedy,12,2026-03-13T00:07:00Z,en,"bts,scary,indie,trending,cinematic,fun,vlog,short,viral,thrill",1
My Creative Vlog #5,Creator_27,Sci-Fi,76,2026-05-13T19:01:00Z,en,"thrill,vlog",0
My Creative Vlog #6,Creator_55,Sci-Fi,60,2026-01-18T11:26:00Z,ko,"fun,scary",1
My Creative Vlog #10,Creator_43,Horror,133,2026-01-08T10:14:00Z,en,"trending,fun,vlog,scary,cinematic,short",1
My Creative Vlog #7,Creator_69,Drama,73,2026-03-18T14:55:00Z,ja,"scary,viral,vlog,short,cinematic,trending",0
My Creative Vlog #9,Creator_24,Romance,139,2026-01-13T12:26:00Z,en,"thrill,cinematic,vlog,bts,scary",0
MrBeast Exclusive - Video #20,MrBeast,Thriller,66,2026-06-10T17:43:00Z,en,"fun,viral,bts,cinematic,thrill",1
My Creative Vlog #10,Creator_41,Horror,100,2026-05-31T22:38:00Z,es,"vlog,bts",1
Warner Bros. Exclusive - Video #20,Warner Bros.,Action,131,2026-02-12T19:34:00Z,fr,fun,1
T-Series Exclusive - Video #58,T-Series,Sci-Fi,82,2026-02-02T14:59:00Z,fr,"indie,fun,bts,thrill,cinematic,vlog,viral,scary",0
My Creative Vlog #4,Creator_4,Drama,2,2026-05-10T15:28:00Z,hi,"short,viral,trending,scary",0
My Creative Vlog #6,Creator_35,Documentary,123,2026-03-04T10:57:00Z,ko,"scary,fun",0
My Creative Vlog #5,Creator_8,Documentary,55,2026-03-28T16:22:00Z,fr,"trending,fun,short",0
My Creative Vlog #9,Creator_22,Documentary,115,2026-01-06T09:45:00Z,en,"thrill,trending,fun,short,indie,cinematic,bts,viral,vlog,scary",0
T-Series Exclusive - Video #81,T-Series,Comedy,16,2026-05-30T13:40:00Z,es,"short,scary,indie,bts,fun,vlog",1
My Creative Vlog #5,Creator_66,Sci-Fi,108,2026-02-28T06:11:00Z,en,"viral,fun,thrill,short,indie,vlog,cinematic,scary,bts",1
T-Series Exclusive - Video #30,T-Series,Action,131,2026-06-07T08:20:00Z,es,"indie,thrill",0
My Creative Vlog #6,Creator_77,Action,52,2026-01-22T04:45:00Z,en,"scary,vlog,trending",0
My Creative Vlog #2,Creator_64,Sci-Fi,63,2026-05-20T07:15:00Z,ja,"vlog,trending,cinematic,thrill,bts,short",0
Warner Bros. Exclusive - Video #36,Warner Bros.,Romance,72,2026-02-20T10:25:00Z,fr,,0
My Creative Vlog #8,Creator_66,Comedy,15,2026-04-08T11:38:00Z,ko,"bts,cinematic,short,vlog,thrill,fun,indie,viral,scary,trending",0
My Creative Vlog #6,Creator_44,Action,133,2026-06-11T12:08:00Z,en,"viral,thrill,cinematic,indie,fun,trending,bts",0
My Creative Vlog #3,Creator_47,Thriller,103,2026-06-21T16:41:00Z,en,"viral,indie,cinematic,trending,vlog,thrill,bts,short,scary,fun",1
Netflix Exclusive - Video #36,Netflix,Thriller,146,2026-06-20T04:30:00Z,ko,"bts,thrill,short,viral,trending,vlog,indie,scary,cinematic,fun",1
My Creative Vlog #2,Creator_23,Drama,73,2026-03-15T00:47:00Z,en,"scary,indie,bts,fun,cinematic,trending,vlog,thrill,short",0
My Creative Vlog #6,Creator_5,Drama,91,2026-05-03T18:20:00Z,en,"trending,thrill,short,vlog,fun,bts,viral,cinematic,indie,scary",1
Marvel Entertainment Exclusive - Video #21,Marvel Entertainment,Comedy,11,2026-03-19T23:46:00Z,hi,"vlog,cinematic,short,trending",1
My Creative Vlog #3,Creator_56,Romance,110,2026-05-20T13:05:00Z,en,"scary,thrill,fun,trending,indie,viral,cinematic",1
My Creative Vlog #4,Creator_91,Comedy,12,2026-01-11T02:18:00Z,es,"trending,fun,bts,thrill,indie,cinematic,short,vlog",0
My Creative Vlog #4,Creator_21,Comedy,23,2026-01-28T21:36:00Z,en,"fun,viral,scary,vlog,bts,short,indie,trending",0
My Creative Vlog #7,Creator_81,Romance,14,2026-03-18T22:56:00Z,en,"viral,trending,scary,cinematic,thrill,indie,vlog",1
My Creative Vlog #5,Creator_62,Thriller,86,2026-01-08T03:15:00Z,hi,"fun,trending,scary,bts,indie,thrill,cinematic,viral,vlog,short",0
A24 Exclusive - Video #73,A24,Romance,89,2026-06-30T04:22:00Z,fr,"scary,viral",1
T-Series Exclusive - Video #13,T-Series,Action,129,2026-05-08T20:32:00Z,en,trending,0
My Creative Vlog #4,Creator_4,Sci-Fi,143,2026-02-22T01:27:00Z,ko,"trending,bts,cinematic,thrill,indie,fun,scary",1
My Creative Vlog #3,Creator_92,Action,72,2026-06-26T14:03:00Z,en,"viral,cinematic,trending,indie,short,thrill,scary",1
Warner Bros. Exclusive - Video #37,Warner Bros.,Horror,56,2026-01-08T12:21:00Z,fr,"thrill,vlog,scary,bts",1
My Creative Vlog #1,Creator_77,Romance,48,2026-02-06T16:54:00Z,ja,"fun,cinematic,vlog,short,bts,indie,thrill,trending",0
My Creative Vlog #1,Creator_54,Action,84,2026-05-13T05:49:00Z,hi,"short,vlog,scary,thrill,cinematic,bts",0
My Creative Vlog #1,Creator_69,Thriller,78,2026-06-27T07:26:00Z,es,"cinematic,vlog,thrill,scary,indie,fun,bts",0
My Creative Vlog #3,Creator_12,Thriller,96,2026-02-28T03:29:00Z,ja,"fun,short,vlog,scary,trending",1
Marvel Entertainment Exclusive - Video #23,Marvel Entertainment,Comedy,28,2026-03-10T08:51:00Z,en,"short,fun,viral,cinematic,vlog",1
My Creative Vlog #7,Creator_10,Sci-Fi,60,2026-01-27T09:24:00Z,en,"indie,viral,vlog",0
My Creative Vlog #6,Creator_3,Documentary,87,2026-06-11T08:24:00Z,ja,"fun,indie,scary,short",0
My Creative Vlog #8,Creator_30,Romance,23,2026-03-10T00:12:00Z,es,"thrill,cinematic,bts,fun,short,indie,scary,viral,trending,vlog",0
My Creative Vlog #3,Creator_18,Romance,39,2026-02-26T16:24:00Z,fr,"fun,viral,short,cinematic",0
My Creative Vlog #9,Creator_30,Documentary,169,2026-01-15T18:20:00Z,fr,,0
My Creative Vlog #7,Creator_11,Documentary,9,2026-05-20T03:04:00Z,hi,"thrill,trending,scary,fun,bts,indie",0
My Creative Vlog #8,Creator_61,Thriller,46,2026-06-26T13:11:00Z,fr,"cinematic,bts,viral,fun,short,thrill,indie,vlog,scary",1
My Creative Vlog #3,Creator_38,Comedy,28,2026-06-28T15:53:00Z,ja,"fun,short,cinematic,viral,thrill,trending",1
My Creative Vlog #5,Creator_35,Romance,149,2026-06-19T09:44:00Z,ja,"fun,scary,cinematic,short,trending,vlog,viral,bts,indie",0
My Creative Vlog #10,Creator_66,Romance,24,2026-06-25T21:54:00Z,en,,1
A24 Exclusive - Video #89,A24,Horror,163,2026-06-17T10:28:00Z,ko,scary,1
My Creative Vlog #5,Creator_73,Horror,24,2026-06-28T09:11:00Z,hi,"cinematic,fun,scary,bts,viral",1
My Creative Vlog #6,Creator_92,Sci-Fi,129,2026-05-06T18:35:00Z,en,"scary,trending,fun,bts,short,indie,cinematic,thrill,viral,vlog",0
My Creative Vlog #9,Creator_9,Romance,10,2026-06-22T16:50:00Z,es,trending,0
T-Series Exclusive - Video #25,T-Series,Comedy,14,2026-04-13T08:16:00Z,ko,"viral,bts,scary,trending,thrill,short,fun,vlog,indie,cinematic",1
My Creative Vlog #9,Creator_99,Documentary,48,2026-03-03T15:46:00Z,fr,"vlog,short,bts,trending",0
My Creative Vlog #3,Creator_81,Documentary,63,2026-02-14T10:59:00Z,en,"viral,vlog",1
Warner Bros. Exclusive - Video #61,Warner Bros.,Romance,147,2026-05-30T01:39:00Z,ko,"indie,bts,trending,viral,thrill,scary,fun,cinematic,short,vlog",1
My Creative Vlog #7,Creator_9,Horror,104,2026-06-21T16:08:00Z,en,"trending,bts,scary,cinematic,indie,short,vlog,fun,thrill,viral",0
My Creative Vlog #9,Creator_8,Sci-Fi,136,2026-06-30T13:48:00Z,hi,"trending,short",1
My Creative Vlog #9,Creator_74,Action,79,2026-05-10T08:38:00Z,en,"indie,short,thrill,vlog,scary,cinematic,viral,fun,bts,trending",0
MrBeast Exclusive - Video #53,MrBeast,Sci-Fi,85,2026-04-24T04:27:00Z,fr,"cinematic,thrill,viral,indie,vlog,bts",1
My Creative Vlog #8,Creator_35,Romance,148,2026-03-31T00:54:00Z,en,"thrill,cinematic,fun",0
My Creative Vlog #7,Creator_23,Action,52,2026-02-25T04:54:00Z,ko,"thrill,cinematic,fun,short,scary,viral,bts,trending,indie,vlog",1
My Creative Vlog #7,Creator_6,Action,87,2026-01-23T13:32:00Z,ja,"fun,thrill",0
My Creative Vlog #6,Creator_17,Action,106,2026-06-12T18:37:00Z,en,,1
My Creative Vlog #7,Creator_27,Sci-Fi,121,2026-02-23T06:08:00Z,fr,"scary,bts,thrill,viral,indie,short",0
My Creative Vlog #8,Creator_29,Drama,48,2026-03-28T18:13:00Z,en,,0
My Creative Vlog #1,Creator_99,Thriller,114,2026-06-27T18:19:00Z,en,"scary,thrill,trending,viral,cinematic,bts,short,indie,vlog,fun",0
My Creative Vlog #9,Creator_81,Action,113,2026-03-13T11:25:00Z,en,"cinematic,short",1
T-Series Exclusive - Video #38,T-Series,Romance,26,2026-06-01T16:51:00Z,ja,"viral,short,indie,thrill,cinematic,scary,trending,fun,bts,vlog",0
A24 Exclusive - Video #98,A24,Drama,25,2026-04-05T15:42:00Z,hi,"bts,fun,indie,vlog,trending,short,viral",1
My Creative Vlog #10,Creator_83,Sci-Fi,111,2026-05-16T11:39:00Z,hi,"fun,vlog,scary,cinematic",1
My Creative Vlog #9,Creator_87,Action,131,2026-02-24T02:44:00Z,ja,,0
My Creative Vlog #10,Creator_97,Sci-Fi,89,2026-04-03T02:43:00Z,en,"cinematic,trending",0
My Creative Vlog #9,Creator_84,Sci-Fi,126,2026-06-21T01:25:00Z,fr,"thrill,short,indie",0
My Creative Vlog #9,Creator_74,Sci-Fi,76,2026-02-06T17:37:00Z,ja,"bts,viral,trending,vlog,thrill,fun,indie,scary,short,cinematic",0
Marvel Entertainment Exclusive - Video #61,Marvel Entertainment,Action,131,2026-04-24T09:13:00Z,ko,"bts,thrill,cinematic",1
Marvel Entertainment Exclusive - Video #54,Marvel Entertainment,Documentary,74,2026-04-17T11:27:00Z,ja,"viral,short,trending",1
A24 Exclusive - Video #21,A24,Thriller,129,2026-02-07T23:51:00Z,fr,"indie,bts,scary",1
My Creative Vlog #3,Creator_27,Drama,53,2026-03-14T16:28:00Z,es,"scary,viral,indie,cinematic,bts,trending,thrill,fun,short",0
My Creative Vlog #1,Creator_94,Romance,54,2026-02-09T13:19:00Z,es,"short,vlog,scary,cinematic,bts,thrill,fun,indie,viral,trending",1
My Creative Vlog #10,Creator_3,Action,108,2026-01-25T13:18:00Z,ja,"vlog,viral,trending,fun,indie,scary,bts,cinematic,thrill,short",0
T-Series Exclusive - Video #37,T-Series,Action,114,2026-04-23T17:56:00Z,en,"cinematic,fun,trending,bts,vlog,scary,thrill,viral,short,indie",1
T-Series Exclusive - Video #66,T-Series,Comedy,23,2026-05-16T17:32:00Z,hi,"thrill,scary,bts,fun,trending,short,vlog",1
My Creative Vlog #3,Creator_51,Documentary,15,2026-02-08T07:02:00Z,ko,"indie,fun,thrill,viral",0
My Creative Vlog #7,Creator_68,Documentary,46,2026-01-29T05:52:00Z,en,"cinematic,indie,trending,vlog,viral,thrill,scary,short,fun,bts",0
My Creative Vlog #10,Creator_39,Thriller,72,2026-05-03T12:16:00Z,fr,"short,indie,viral,cinematic",1
Warner Bros. Exclusive - Video #24,Warner Bros.,Documentary,12,2026-03-02T23:36:00Z,ko,"cinematic,bts,indie,vlog,thrill,trending,short,scary,viral,fun",1
MrBeast Exclusive - Video #26,MrBeast,Sci-Fi,136,2026-06-19T12:00:00Z,en,"vlog,cinematic,bts",1
Marvel Entertainment Exclusive - Video #53,Marvel Entertainment,Romance,50,2026-05-13T00:06:00Z,en,fun,1
My Creative Vlog #2,Creator_50,Horror,156,2026-05-26T18:07:00Z,hi,"cinematic,trending,bts,fun,vlog,thrill",1
My Creative Vlog #9,Creator_53,Romance,21,2026-05-09T13:50:00Z,fr,short,0
Marvel Entertainment Exclusive - Video #56,Marvel Entertainment,Thriller,107,2026-06-29T03:38:00Z,ko,fun,1
Warner Bros. Exclusive - Video #15,Warner Bros.,Horror,11,2026-06-20T01:52:00Z,hi,"viral,short,vlog,fun,thrill,cinematic,indie",1
Netflix Exclusive - Video #59,Netflix,Sci-Fi,58,2026-01-18T22:58:00Z,en,"fun,trending,scary,vlog,short,thrill",1
MrBeast Exclusive - Video #72,MrBeast,Comedy,10,2026-01-29T03:35:00Z,ko,,1
My Creative Vlog #10,Creator_79,Action,70,2026-01-16T05:20:00Z,ja,"vlog,short,fun,trending,scary,viral,thrill,indie,cinematic",0
My Creative Vlog #9,Creator_85,Comedy,5,2026-05-30T22:24:00Z,en,"indie,vlog,trending,fun,bts,short,cinematic,thrill,scary",1
My Creative Vlog #1,Creator_72,Horror,66,2026-04-15T01:56:00Z,en,"bts,short,viral,fun,trending,thrill,vlog,scary,indie,cinematic",0
My Creative Vlog #1,Creator_52,Documentary,129,2026-01-09T13:52:00Z,en,"short,thrill,cinematic,scary,indie,vlog,viral,fun,bts,trending",0
My Creative Vlog #5,Creator_11,Drama,171,2026-06-08T21:01:00Z,es,"cinematic,short,vlog,scary,viral,fun,bts,thrill,indie",0
My Creative Vlog #6,Creator_77,Action,50,2026-01-25T12:54:00Z,es,"fun,vlog,indie,trending,scary,bts,cinematic",1
My Creative Vlog #7,Creator_18,Drama,156,2026-04-25T12:05:00Z,en,"indie,bts,fun,vlog,cinematic,thrill,scary,viral,trending,short",0
T-Series Exclusive - Video #80,T-Series,Sci-Fi,106,2026-06-16T01:07:00Z,ko,"indie,fun,short,cinematic,scary",1
MrBeast Exclusive - Video #73,MrBeast,Drama,53,2026-01-23T22:09:00Z,ja,"thrill,fun",1
A24 Exclusive - Video #59,A24,Thriller,45,2026-05-14T10:47:00Z,es,"indie,viral,short,vlog,trending,fun,cinematic,bts,scary",1
My Creative Vlog #6,Creator_30,Action,143,2026-01-23T06:46:00Z,en,"thrill,cinematic,indie,trending,fun,bts,viral,scary",0
A24 Exclusive - Video #25,A24,Thriller,122,2026-01-22T04:58:00Z,es,"scary,viral,thrill,cinematic",1
My Creative Vlog #8,Creator_69,Action,78,2026-06-27T06:43:00Z,fr,"bts,vlog,fun,cinematic,short,trending,viral",0
My Creative Vlog #9,Creator_88,Comedy,21,2026-01-28T20:00:00Z,en,"bts,indie,fun,vlog,short,viral,scary,thrill,cinematic,trending",1
My Creative Vlog #8,Creator_61,Horror,89,2026-02-02T13:13:00Z,es,"vlog,bts,fun,viral,cinematic,scary,indie,thrill",0
MrBeast Exclusive - Video #35,MrBeast,Documentary,30,2026-01-18T14:33:00Z,en,"trending,cinematic,bts,viral,fun,vlog,thrill,short",1
My Creative Vlog #3,Creator_61,Thriller,78,2026-04-23T12:30:00Z,ko,"indie,trending,fun,thrill,bts,scary",0
My Creative Vlog #2,Creator_58,Drama,15,2026-06-10T15:20:00Z,hi,scary,0
My Creative Vlog #2,Creator_25,Documentary,35,2026-04-12T04:06:00Z,en,"thrill,viral,bts,indie,fun,vlog,trending",0
My Creative Vlog #5,Creator_11,Horror,92,2026-02-06T18:50:00Z,ko,"cinematic,short,thrill,fun",1
My Creative Vlog #8,Creator_79,Comedy,30,2026-02-01T21:54:00Z,ja,"scary,bts,thrill",0
My Creative Vlog #2,Creator_4,Thriller,141,2026-01-12T23:13:00Z,es,"thrill,bts,short",0
My Creative Vlog #7,Creator_71,Comedy,28,2026-05-16T16:32:00Z,en,"vlog,indie,trending,cinematic,viral,short,fun",0
My Creative Vlog #8,Creator_28,Sci-Fi,73,2026-05-12T04:31:00Z,es,"trending,scary,vlog,bts,viral,cinematic,thrill,indie,short",0
My Creative Vlog #9,Creator_94,Action,147,2026-04-12T17:29:00Z,es,"short,bts,thrill,trending,scary,indie,viral",1
My Creative Vlog #6,Creator_98,Sci-Fi,46,2026-01-01T21:28:00Z,ko,"fun,bts,vlog,trending,viral,thrill,cinematic,indie,short,scary",1
My Creative Vlog #8,Creator_34,Drama,110,2026-03-08T22:50:00Z,hi,"scary,bts,trending,fun,cinematic,indie,vlog,thrill,short",1
My Creative Vlog #7,Creator_85,Thriller,79,2026-05-20T11:14:00Z,en,"scary,thrill",0
My Creative Vlog #5,Creator_67,Comedy,8,2026-05-14T21:19:00Z,ko,"viral,fun,thrill,bts,trending",0
Marvel Entertainment Exclusive - Video #97,Marvel Entertainment,Comedy,20,2026-01-05T09:35:00Z,hi,"indie,thrill,viral,trending,cinematic,scary,fun,vlog,short,bts",1
My Creative Vlog #6,Creator_91,Horror,43,2026-01-19T19:15:00Z,fr,"scary,viral,bts,indie,short,vlog,cinematic,thrill,fun",0
My Creative Vlog #8,Creator_64,Romance,94,2026-05-26T06:23:00Z,ko,scary,0
My Creative Vlog #2,Creator_77,Documentary,57,2026-05-23T00:35:00Z,es,"indie,short",0
My Creative Vlog #8,Creator_2,Sci-Fi,59,2026-04-04T00:02:00Z,en,viral,0
Netflix Exclusive - Video #49,Netflix,Horror,47,2026-02-20T13:16:00Z,fr,"fun,viral,thrill,short,indie,trending,cinematic,scary,vlog",1
My Creative Vlog #10,Creator_40,Comedy,15,2026-05-04T07:33:00Z,en,"short,indie,bts,cinematic,viral,scary",0
My Creative Vlog #2,Creator_51,Thriller,147,2026-02-16T06:29:00Z,en,"thrill,scary,fun,trending,short,bts",1
My Creative Vlog #5,Creator_21,Documentary,159,2026-05-01T03:42:00Z,ja,"short,scary,fun,indie,vlog",0
My Creative Vlog #10,Creator_40,Comedy,19,2026-06-23T15:13:00Z,en,"indie,trending,bts,thrill,fun,scary,short,vlog,cinematic,viral",0
My Creative Vlog #7,Creator_65,Romance,152,2026-03-17T06:44:00Z,hi,"thrill,bts,short,trending,viral,scary",0
My Creative Vlog #7,Creator_85,Documentary,153,2026-04-11T08:47:00Z,ja,"short,indie,vlog,thrill,fun,bts,cinematic,viral",1
My Creative Vlog #4,Creator_95,Horror,114,2026-03-06T10:41:00Z,en,"fun,thrill,trending,indie,bts,viral,scary,vlog,short,cinematic",1
My Creative Vlog #10,Creator_68,Sci-Fi,85,2026-02-28T20:39:00Z,es,"trending,scary,short,indie,fun",0
T-Series Exclusive - Video #77,T-Series,Thriller,92,2026-02-28T17:13:00Z,hi,"vlog,cinematic,indie,thrill,viral,bts,trending,scary,short,fun",1
MrBeast Exclusive - Video #13,MrBeast,Romance,57,2026-04-28T06:03:00Z,es,cinematic,0
My Creative Vlog #6,Creator_4,Comedy,6,2026-02-06T13:23:00Z,hi,"short,indie,scary,viral,fun,bts,thrill,vlog",0
My Creative Vlog #7,Creator_51,Thriller,76,2026-02-25T04:57:00Z,fr,"bts,short,thrill",0
My Creative Vlog #10,Creator_91,Horror,18,2026-01-14T02:01:00Z,en,"short,indie,trending,scary,thrill,bts,fun,cinematic,viral,vlog",1
My Creative Vlog #9,Creator_26,Action,75,2026-01-06T13:05:00Z,es,"scary,cinematic,short,indie",0
My Creative Vlog #10,Creator_68,Action,88,2026-01-06T11:42:00Z,en,"trending,fun,short,bts,cinematic,scary",1
My Creative Vlog #1,Creator_61,Romance,22,2026-06-12T22:34:00Z,en,"bts,fun",0
My Creative Vlog #10,Creator_28,Comedy,9,2026-02-18T15:29:00Z,es,"bts,vlog,thrill,cinematic,trending",1
My Creative Vlog #8,Creator_65,Thriller,87,2026-06-27T16:49:00Z,en,"bts,viral,trending,cinematic,scary,fun,short",0
My Creative Vlog #4,Creator_68,Horror,113,2026-05-16T23:17:00Z,hi,"trending,scary,thrill,short,fun,vlog,viral,indie,cinematic,bts",1
Warner Bros. Exclusive - Video #75,Warner Bros.,Thriller,123,2026-01-03T06:07:00Z,fr,"vlog,scary,indie,short,fun,viral,trending,thrill",1
My Creative Vlog #5,Creator_65,Horror,69,2026-01-11T17:35:00Z,ja,"bts,scary,trending,viral,indie,short,vlog,fun,cinematic,thrill",1
My Creative Vlog #2,Creator_7,Documentary,41,2026-02-22T20:02:00Z,en,"bts,indie,vlog,viral,short,trending,cinematic,thrill,scary",1
Netflix Exclusive - Video #41,Netflix,Thriller,101,2026-06-02T20:37:00Z,en,"cinematic,thrill,trending,indie,viral,scary,bts,short,fun,vlog",1
My Creative Vlog #1,Creator_42,Thriller,82,2026-02-02T06:05:00Z,en,"trending,indie,fun,vlog,bts,short,cinematic,thrill,scary,viral",1
T-Series Exclusive - Video #37,T-Series,Documentary,114,2026-05-05T19:28:00Z,hi,"vlog,fun,thrill,indie,cinematic,bts,short,trending,scary",1
Warner Bros. Exclusive - Video #96,Warner Bros.,Action,142,2026-05-12T04:27:00Z,es,"bts,cinematic",0
My Creative Vlog #7,Creator_60,Comedy,15,2026-03-28T18:02:00Z,hi,,1
My Creative Vlog #5,Creator_43,Horror,129,2026-04-27T12:06:00Z,ja,,1
My Creative Vlog #10,Creator_37,Comedy,27,2026-03-25T23:01:00Z,en,"thrill,bts,indie,cinematic,fun,trending,viral,scary,vlog,short",0
My Creative Vlog #6,Creator_45,Action,92,2026-03-27T16:32:00Z,en,,0
My Creative Vlog #8,Creator_58,Documentary,77,2026-04-25T14:40:00Z,fr,"thrill,cinematic,fun,short,indie,trending,viral",0
My Creative Vlog #10,Creator_95,Action,106,2026-06-02T15:39:00Z,en,,0
My Creative Vlog #10,Creator_47,Horror,141,2026-03-21T18:44:00Z,ko,"thrill,viral,indie,scary,vlog,cinematic,fun",1
My Creative Vlog #6,Creator_20,Documentary,151,2026-02-26T10:57:00Z,en,"short,indie",0
My Creative Vlog #5,Creator_49,Comedy,30,2026-02-09T04:31:00Z,en,"short,indie,cinematic,viral,trending,fun,thrill,bts,scary,vlog",0
MrBeast Exclusive - Video #53,MrBeast,Action,146,2026-03-16T11:22:00Z,ja,"indie,fun,viral,scary,thrill",0
My Creative Vlog #7,Creator_62,Sci-Fi,110,2026-01-14T17:52:00Z,ja,"trending,thrill,viral,bts,vlog,scary,indie,short,cinematic,fun",0
T-Series Exclusive - Video #81,T-Series,Documentary,41,2026-01-24T20:45:00Z,fr,"scary,bts,indie,thrill,vlog,trending,viral,short,cinematic",1
My Creative Vlog #1,Creator_45,Comedy,6,2026-04-05T11:50:00Z,hi,"viral,bts,vlog,fun,short,cinematic,trending,scary,thrill",1
My Creative Vlog #4,Creator_91,Sci-Fi,76,2026-05-08T18:02:00Z,en,,1
My Creative Vlog #8,Creator_82,Drama,168,2026-01-17T17:34:00Z,hi,"thrill,bts,short,vlog,trending,scary,indie,viral",0
Warner Bros. Exclusive - Video #11,Warner Bros.,Action,83,2026-05-12T22:05:00Z,en,"fun,indie,vlog,bts",1
My Creative Vlog #5,Creator_40,Thriller,77,2026-04-29T20:35:00Z,hi,"fun,short,indie,scary,viral,vlog,bts,thrill,trending,cinematic",0
Marvel Entertainment Exclusive - Video #31,Marvel Entertainment,Horror,100,2026-05-15T14:42:00Z,en,"thrill,indie,scary,vlog",1
MrBeast Exclusive - Video #52,MrBeast,Sci-Fi,96,2026-03-21T20:09:00Z,hi,"thrill,trending,fun,cinematic,scary,bts,vlog,short,viral",1
My Creative Vlog #2,Creator_67,Comedy,26,2026-05-18T05:53:00Z,en,"fun,scary,bts,short,vlog,thrill,cinematic,trending,indie",0
T-Series Exclusive - Video #81,T-Series,Horror,14,2026-04-10T21:45:00Z,en,"vlog,indie,short",1
My Creative Vlog #6,Creator_43,Sci-Fi,132,2026-03-25T21:49:00Z,fr,"indie,cinematic,short,thrill,scary,bts,trending,vlog,viral,fun",1
My Creative Vlog #5,Creator_55,Horror,155,2026-03-09T06:26:00Z,hi,"short,trending",0
My Creative Vlog #4,Creator_46,Horror,65,2026-02-15T01:03:00Z,es,"viral,vlog",0
My Creative Vlog #3,Creator_48,Thriller,76,2026-03-25T02:40:00Z,en,"vlog,cinematic,trending,indie,fun,scary,bts,thrill,short",0
My Creative Vlog #1,Creator_41,Comedy,25,2026-03-09T06:58:00Z,en,"bts,vlog",0
My Creative Vlog #4,Creator_91,Drama,126,2026-06-21T18:44:00Z,en,"thrill,fun,scary,viral,bts,trending,cinematic,indie,short,vlog",1
Warner Bros. Exclusive - Video #26,Warner Bros.,Comedy,21,2026-03-10T11:29:00Z,es,"indie,cinematic,trending,fun,viral,scary,short,bts,thrill",0
Netflix Exclusive - Video #47,Netflix,Action,85,2026-05-09T06:02:00Z,es,,1
My Creative Vlog #6,Creator_93,Comedy,12,2026-01-11T13:04:00Z,en,"fun,bts,viral,scary,thrill,cinematic,indie,short,vlog",1
My Creative Vlog #8,Creator_37,Action,64,2026-01-12T09:15:00Z,en,"fun,short,thrill,viral,trending,indie,scary,vlog,bts",0
Warner Bros. Exclusive - Video #61,Warner Bros.,Comedy,18,2026-04-02T10:32:00Z,en,"fun,thrill,short,bts,indie,cinematic",0
Netflix Exclusive - Video #96,Netflix,Action,96,2026-06-11T15:47:00Z,en,"short,cinematic",1
Marvel Entertainment Exclusive - Video #10,Marvel Entertainment,Documentary,119,2026-01-20T02:11:00Z,en,"vlog,viral,indie,scary,cinematic,thrill,bts,trending,fun,short",1
My Creative Vlog #4,Creator_98,Thriller,125,2026-04-05T08:33:00Z,es,"bts,cinematic,viral,indie,scary,fun,vlog,trending,short,thrill",1
Warner Bros. Exclusive - Video #60,Warner Bros.,Horror,106,2026-05-16T10:40:00Z,ja,"viral,trending,fun,cinematic,vlog,short,indie,thrill,scary,bts",1
MrBeast Exclusive - Video #22,MrBeast,Thriller,122,2026-02-26T06:18:00Z,ko,"cinematic,scary,vlog,short,viral,bts,trending,thrill,fun,indie",1
My Creative Vlog #1,Creator_7,Horror,31,2026-04-14T08:14:00Z,fr,"trending,fun,viral,indie,scary,bts,vlog",0
A24 Exclusive - Video #99,A24,Drama,142,2026-06-24T07:55:00Z,hi,"bts,short,viral,scary,cinematic,thrill,fun,vlog,trending,indie",0
Marvel Entertainment Exclusive - Video #22,Marvel Entertainment,Romance,61,2026-06-26T18:15:00Z,en,"viral,trending,cinematic,short,fun,thrill,vlog,bts,scary,indie",1
My Creative Vlog #5,Creator_49,Romance,8,2026-05-13T19:45:00Z,es,"thrill,trending,indie,fun,cinematic,short,bts,vlog,viral,scary",1
T-Series Exclusive - Video #58,T-Series,Documentary,2,2026-05-28T08:25:00Z,en,,0
Warner Bros. Exclusive - Video #93,Warner Bros.,Drama,116,2026-01-29T18:42:00Z,en,"trending,fun,indie,short,cinematic,bts",1
My Creative Vlog #2,Creator_3,Thriller,122,2026-02-26T13:53:00Z,en,"viral,thrill,trending,indie,vlog,short,scary,cinematic,fun",0
Netflix Exclusive - Video #54,Netflix,Romance,120,2026-05-06T15:50:00Z,en,thrill,1
My Creative Vlog #3,Creator_65,Comedy,8,2026-05-25T10:27:00Z,ko,"indie,trending,short,scary",0
My Creative Vlog #10,Creator_50,Comedy,23,2026-02-12T04:02:00Z,ja,scary,0
My Creative Vlog #8,Creator_73,Horror,136,2026-06-21T19:11:00Z,ja,,0
My Creative Vlog #5,Creator_96,Sci-Fi,126,2026-05-02T06:23:00Z,en,"fun,viral,short,cinematic,scary,bts,indie,vlog",0
My Creative Vlog #10,Creator_79,Documentary,168,2026-05-21T09:13:00Z,hi,"indie,short,viral,vlog,fun",0
My Creative Vlog #7,Creator_33,Comedy,9,2026-04-08T15:07:00Z,en,"indie,scary,vlog,fun,viral,trending,cinematic,bts,thrill",0
My Creative Vlog #6,Creator_6,Sci-Fi,112,2026-02-03T16:51:00Z,fr,"scary,bts,cinematic,indie,fun",0
Marvel Entertainment Exclusive - Video #96,Marvel Entertainment,Horror,141,2026-05-06T08:30:00Z,en,fun,1
My Creative Vlog #4,Creator_76,Horror,95,2026-02-01T14:14:00Z,en,"fun,bts,scary,trending,short,cinematic,thrill,viral,indie,vlog",1
My Creative Vlog #6,Creator_57,Thriller,85,2026-03-25T15:44:00Z,fr,"short,viral,bts,fun,vlog,trending,cinematic,indie,scary,thrill",0
Marvel Entertainment Exclusive - Video #99,Marvel Entertainment,Comedy,7,2026-06-26T10:31:00Z,ja,,1
My Creative Vlog #1,Creator_21,Horror,132,2026-01-09T23:50:00Z,hi,"bts,cinematic,short,vlog,fun,scary",0
Marvel Entertainment Exclusive - Video #22,Marvel Entertainment,Sci-Fi,113,2026-04-07T14:00:00Z,ja,"trending,indie,thrill,viral,short",1
My Creative Vlog #2,Creator_8,Thriller,83,2026-02-07T15:49:00Z,fr,"bts,scary,cinematic,fun",1
My Creative Vlog #2,Creator_1,Comedy,21,2026-05-20T20:39:00Z,ko,"bts,viral,scary,vlog,cinematic,thrill,indie,short,fun",1
My Creative Vlog #2,Creator_65,Comedy,7,2026-03-25T22:31:00Z,en,"thrill,short,cinematic",0
My Creative Vlog #5,Creator_53,Drama,99,2026-02-17T09:53:00Z,ja,"thrill,indie,fun,trending,viral",0
My Creative Vlog #3,Creator_91,Drama,170,2026-03-05T18:18:00Z,en,"viral,short,scary,cinematic,fun,bts,indie",0
My Creative Vlog #6,Creator_80,Horror,121,2026-06-25T01:46:00Z,en,"trending,scary,viral,bts,vlog,thrill",1
My Creative Vlog #3,Creator_44,Comedy,13,2026-06-11T23:05:00Z,en,,0
My Creative Vlog #6,Creator_63,Sci-Fi,53,2026-04-09T16:02:00Z,ja,"thrill,viral,cinematic,fun,trending,vlog",0
My Creative Vlog #1,Creator_94,Drama,133,2026-03-29T19:51:00Z,en,"indie,cinematic,viral,scary,vlog",1
My Creative Vlog #3,Creator_71,Thriller,135,2026-03-26T05:47:00Z,es,"fun,bts,viral,indie,thrill,trending,cinematic,vlog,short",0
My Creative Vlog #2,Creator_65,Horror,29,2026-03-14T00:48:00Z,en,"vlog,cinematic,indie",1
My Creative Vlog #3,Creator_37,Sci-Fi,86,2026-02-09T00:57:00Z,en,"trending,viral",0
Marvel Entertainment Exclusive - Video #74,Marvel Entertainment,Horror,180,2026-03-20T13:39:00Z,ko,"cinematic,thrill,viral,bts,vlog,short",1
My Creative Vlog #7,Creator_32,Romance,172,2026-03-25T19:06:00Z,ko,"thrill,viral,cinematic,vlog",1
My Creative Vlog #2,Creator_4,Comedy,11,2026-01-16T16:20:00Z,en,"viral,cinematic,indie",1
Warner Bros. Exclusive - Video #47,Warner Bros.,Drama,140,2026-03-06T22:00:00Z,en,"thrill,indie",1
My Creative Vlog #4,Creator_81,Drama,3,2026-02-05T10:15:00Z,es,"scary,vlog",0
My Creative Vlog #7,Creator_61,Thriller,84,2026-02-04T19:58:00Z,hi,"bts,vlog,short,cinematic,indie,scary,thrill,viral,fun,trending",1
My Creative Vlog #1,Creator_10,Romance,167,2026-03-28T05:50:00Z,es,"trending,bts,scary,indie,viral,vlog,fun,thrill,short,cinematic",0
My Creative Vlog #2,Creator_38,Sci-Fi,140,2026-06-20T17:37:00Z,hi,"fun,short,indie,vlog,cinematic,viral,bts,scary,trending",0
My Creative Vlog #9,Creator_22,Action,93,2026-06-15T06:42:00Z,en,"short,vlog,indie,thrill,trending,scary,cinematic,viral,bts,fun",0
My Creative Vlog #2,Creator_30,Documentary,149,2026-03-02T02:52:00Z,en,"indie,fun,viral,cinematic,short,vlog,bts,scary,thrill,trending",0
My Creative Vlog #1,Creator_84,Romance,123,2026-04-06T00:46:00Z,es,"thrill,indie,scary,vlog,fun,short,bts,cinematic,viral",0
My Creative Vlog #9,Creator_31,Thriller,148,2026-03-25T18:22:00Z,en,"thrill,vlog,bts,cinematic,fun,indie,viral,trending,scary",1
Warner Bros. Exclusive - Video #14,Warner Bros.,Documentary,157,2026-01-18T11:18:00Z,en,"indie,scary,cinematic,trending,short,bts,thrill,fun,viral",1
My Creative Vlog #4,Creator_55,Sci-Fi,141,2026-04-02T23:38:00Z,en,"trending,thrill,viral,scary,short",0
Warner Bros. Exclusive - Video #43,Warner Bros.,Drama,108,2026-06-29T15:53:00Z,fr,,0
My Creative Vlog #10,Creator_68,Action,90,2026-03-20T21:28:00Z,ja,"viral,bts",1
Marvel Entertainment Exclusive - Video #64,Marvel Entertainment,Action,141,2026-05-08T06:04:00Z,en,"bts,scary,vlog,trending",1
T-Series Exclusive - Video #52,T-Series,Horror,173,2026-01-07T00:15:00Z,en,"trending,scary,indie,fun,thrill,short,bts,cinematic",1
My Creative Vlog #1,Creator_58,Drama,133,2026-03-09T13:04:00Z,ko,"vlog,short,bts,cinematic,indie,viral,thrill,trending,scary,fun",0
Warner Bros. Exclusive - Video #92,Warner Bros.,Horror,171,2026-05-07T08:13:00Z,hi,"thrill,fun,viral,trending",1
Netflix Exclusive - Video #47,Netflix,Sci-Fi,45,2026-01-17T00:40:00Z,es,scary,1
A24 Exclusive - Video #68,A24,Horror,35,2026-01-13T23:30:00Z,en,"fun,scary,cinematic,vlog,short,indie,viral,bts,trending,thrill",1
My Creative Vlog #10,Creator_98,Romance,142,2026-04-27T15:27:00Z,fr,"short,cinematic,viral,bts,thrill,scary,vlog,fun,trending,indie",0
Marvel Entertainment Exclusive - Video #38,Marvel Entertainment,Romance,165,2026-06-12T05:02:00Z,es,"short,scary,trending,fun,indie,bts,cinematic,viral",1
My Creative Vlog #8,Creator_11,Action,80,2026-01-30T17:35:00Z,en,"bts,indie,thrill,cinematic,vlog,trending,viral",1
T-Series Exclusive - Video #50,T-Series,Documentary,159,2026-02-19T18:06:00Z,ja,"indie,fun,trending",1
Warner Bros. Exclusive - Video #40,Warner Bros.,Drama,115,2026-01-21T21:36:00Z,ja,"trending,indie,scary,thrill",1
My Creative Vlog #1,Creator_18,Romance,163,2026-01-20T11:12:00Z,fr,"thrill,fun,trending,cinematic,vlog,indie,bts,scary",0
MrBeast Exclusive - Video #14,MrBeast,Romance,133,2026-06-01T21:26:00Z,fr,"vlog,bts,fun,cinematic,indie,viral,trending",1
My Creative Vlog #2,Creator_64,Comedy,30,2026-02-14T09:25:00Z,en,"short,cinematic,bts,thrill,vlog,trending,fun,indie,scary,viral",0
T-Series Exclusive - Video #42,T-Series,Horror,39,2026-04-21T04:49:00Z,es,"short,trending,thrill,bts",1
Netflix Exclusive - Video #25,Netflix,Romance,120,2026-01-04T07:15:00Z,en,"short,trending,thrill,cinematic,fun",1
My Creative Vlog #5,Creator_18,Sci-Fi,129,2026-04-19T16:36:00Z,fr,"thrill,trending,scary,cinematic,vlog,fun,viral,bts,indie,short",0
My Creative Vlog #10,Creator_76,Drama,67,2026-04-14T18:10:00Z,es,"trending,thrill,viral,bts,cinematic,short,indie",0
My Creative Vlog #3,Creator_32,Action,55,2026-03-09T11:44:00Z,ko,"viral,vlog,bts,short,scary",0
My Creative Vlog #1,Creator_8,Action,79,2026-03-03T14:17:00Z,hi,"fun,cinematic,indie,short,vlog,scary,bts,trending,viral,thrill",0
My Creative Vlog #3,Creator_86,Action,60,2026-01-19T10:16:00Z,en,"viral,bts,trending,cinematic,vlog,short,scary,thrill,indie,fun",0
My Creative Vlog #1,Creator_7,Documentary,33,2026-02-15T02:43:00Z,es,"fun,indie,short,cinematic",1
My Creative Vlog #3,Creator_86,Documentary,109,2026-01-31T03:53:00Z,ko,cinematic,1
My Creative Vlog #5,Creator_40,Drama,106,2026-06-29T02:34:00Z,es,"cinematic,scary,short,indie,fun",0
My Creative Vlog #10,Creator_93,Documentary,16,2026-05-17T03:17:00Z,es,,0
Marvel Entertainment Exclusive - Video #57,Marvel Entertainment,Action,150,2026-03-31T16:03:00Z,hi,"cinematic,fun,trending,vlog,short,scary,indie,bts,viral,thrill",1
My Creative Vlog #4,Creator_58,Documentary,67,2026-03-17T04:22:00Z,en,"short,bts,vlog,scary",0
T-Series Exclusive - Video #43,T-Series,Action,49,2026-03-20T13:18:00Z,en,,1
My Creative Vlog #3,Creator_66,Sci-Fi,83,2026-05-20T13:08:00Z,fr,"cinematic,scary,short,vlog,thrill",1
My Creative Vlog #7,Creator_38,Thriller,119,2026-01-26T04:07:00Z,en,"trending,short,fun,indie",0
My Creative Vlog #10,Creator_26,Sci-Fi,50,2026-01-24T13:03:00Z,hi,"thrill,short",0
My Creative Vlog #8,Creator_14,Horror,52,2026-02-01T21:25:00Z,en,"fun,cinematic,trending",1
My Creative Vlog #10,Creator_89,Horror,64,2026-06-22T20:38:00Z,es,"fun,short,cinematic,viral",1
T-Series Exclusive - Video #85,T-Series,Horror,146,2026-04-17T23:16:00Z,ja,"thrill,cinematic,vlog,indie,scary,bts,trending,short,viral,fun",1
My Creative Vlog #3,Creator_88,Romance,28,2026-05-16T07:08:00Z,en,"thrill,trending,fun,viral,bts,indie,scary,short,vlog,cinematic",0
My Creative Vlog #1,Creator_35,Horror,11,2026-03-13T23:59:00Z,ko,"cinematic,viral,vlog,short,thrill",1
My Creative Vlog #6,Creator_3,Thriller,62,2026-02-03T17:45:00Z,en,,1
My Creative Vlog #10,Creator_44,Documentary,44,2026-05-15T22:08:00Z,fr,"indie,short,vlog,bts,fun,viral,thrill,cinematic,trending,scary",1
My Creative Vlog #8,Creator_82,Action,138,2026-02-04T22:28:00Z,hi,"indie,fun,viral,bts,vlog,trending,thrill,scary,cinematic",0
My Creative Vlog #5,Creator_9,Action,125,2026-06-10T08:44:00Z,ko,"indie,cinematic,scary,bts,short,trending,fun,viral,vlog",0
My Creative Vlog #1,Creator_29,Documentary,14,2026-05-02T19:13:00Z,hi,"short,scary,viral,bts,thrill,vlog,indie",1
MrBeast Exclusive - Video #76,MrBeast,Documentary,14,2026-02-10T21:44:00Z,fr,"cinematic,trending,fun,scary,thrill,vlog,bts,short,indie,viral",1
My Creative Vlog #2,Creator_97,Horror,89,2026-02-16T07:38:00Z,ja,"indie,trending,fun,viral,bts,vlog,short,scary,cinematic",0
Warner Bros. Exclusive - Video #35,Warner Bros.,Thriller,149,2026-05-22T16:34:00Z,en,"indie,trending,thrill,vlog,scary,fun,bts,cinematic,viral,short",1
My Creative Vlog #6,Creator_64,Romance,84,2026-03-29T21:34:00Z,ja,,1
MrBeast Exclusive - Video #15,MrBeast,Horror,159,2026-04-23T05:57:00Z,hi,"indie,thrill,bts,viral,scary,short",1
Netflix Exclusive - Video #46,Netflix,Drama,11,2026-03-20T07:41:00Z,es,"cinematic,trending,thrill,scary,viral,vlog,indie,bts,fun,short",1
Marvel Entertainment Exclusive - Video #46,Marvel Entertainment,Comedy,18,2026-04-07T14:16:00Z,en,"vlog,bts,indie,thrill,short,fun,cinematic",1
My Creative Vlog #1,Creator_12,Sci-Fi,127,2026-04-22T14:41:00Z,en,"thrill,viral,short,bts,vlog,indie",0
T-Series Exclusive - Video #70,T-Series,Thriller,54,2026-02-10T08:36:00Z,hi,indie,1
My Creative Vlog #3,Creator_67,Horror,64,2026-04-23T17:00:00Z,es,"trending,thrill,bts,scary,cinematic,vlog,viral",1
My Creative Vlog #6,Creator_58,Sci-Fi,145,2026-05-29T05:27:00Z,en,"trending,scary,fun,vlog,viral,short,indie,bts,thrill,cinematic",0
Netflix Exclusive - Video #29,Netflix,Action,45,2026-01-07T17:49:00Z,ja,"vlog,cinematic,viral,fun,short,bts,indie",1
My Creative Vlog #10,Creator_1,Thriller,87,2026-05-06T17:13:00Z,ko,"bts,trending,scary,vlog,viral,fun,indie,short,cinematic,thrill",1
My Creative Vlog #9,Creator_56,Horror,158,2026-06-23T19:54:00Z,fr,"short,trending,bts,indie,vlog,scary,cinematic,thrill,viral,fun",0
My Creative Vlog #1,Creator_5,Horror,152,2026-01-21T23:55:00Z,fr,"thrill,scary,indie,bts",0
My Creative Vlog #4,Creator_49,Romance,112,2026-02-17T02:58:00Z,ja,"short,thrill,trending,cinematic,fun,indie,vlog",1
Warner Bros. Exclusive - Video #47,Warner Bros.,Romance,79,2026-01-18T08:10:00Z,fr,"cinematic,scary,viral,fun,trending,thrill,vlog,bts",1
My Creative Vlog #2,Creator_23,Drama,35,2026-02-22T22:14:00Z,en,cinematic,1
My Creative Vlog #4,Creator_16,Drama,170,2026-06-28T00:18:00Z,es,"thrill,cinematic,indie,scary,short,trending,fun,vlog",0
My Creative Vlog #7,Creator_90,Sci-Fi,45,2026-03-17T10:26:00Z,hi,"viral,bts,indie,cinematic,short,fun,thrill,vlog,scary",0
My Creative Vlog #7,Creator_58,Documentary,122,2026-04-21T12:25:00Z,es,"indie,trending,cinematic,viral,vlog,thrill,fun",0
My Creative Vlog #6,Creator_43,Drama,19,2026-05-06T11:03:00Z,es,"bts,vlog,short,thrill,viral,indie,scary,trending,cinematic",0
Netflix Exclusive - Video #65,Netflix,Comedy,26,2026-06-29T17:23:00Z,en,"bts,fun,short,indie,cinematic,viral",1
My Creative Vlog #1,Creator_5,Sci-Fi,147,2026-05-03T04:19:00Z,ko,"scary,trending,bts,viral,vlog,fun",0
My Creative Vlog #10,Creator_25,Action,75,2026-01-06T02:06:00Z,en,"vlog,thrill,trending,scary,fun,cinematic,bts,viral,indie,short",0
My Creative Vlog #7,Creator_73,Comedy,15,2026-01-20T08:12:00Z,ko,"short,thrill,cinematic,scary,bts,vlog,viral,indie,trending",0
My Creative Vlog #2,Creator_92,Action,87,2026-03-31T12:27:00Z,ko,"scary,vlog,cinematic",0
My Creative Vlog #2,Creator_33,Romance,168,2026-05-17T04:20:00Z,ko,,0
My Creative Vlog #7,Creator_15,Drama,68,2026-04-19T19:19:00Z,fr,"fun,scary,indie,short,cinematic,thrill",0
My Creative Vlog #8,Creator_15,Romance,49,2026-04-22T15:36:00Z,en,trending,0
Netflix Exclusive - Video #96,Netflix,Documentary,174,2026-02-02T00:12:00Z,fr,"viral,fun",1
MrBeast Exclusive - Video #55,MrBeast,Sci-Fi,66,2026-03-20T23:17:00Z,ko,"fun,bts,trending,short,scary,vlog,cinematic,viral,indie,thrill",1
A24 Exclusive - Video #26,A24,Sci-Fi,61,2026-03-24T07:43:00Z,en,"trending,scary,bts,cinematic",1
My Creative Vlog #9,Creator_97,Horror,17,2026-06-22T08:57:00Z,en,,0
MrBeast Exclusive - Video #16,MrBeast,Romance,72,2026-04-05T00:48:00Z,hi,"scary,fun,trending,indie,thrill,cinematic,bts,short,vlog,viral",1
My Creative Vlog #1,Creator_12,Thriller,104,2026-05-04T03:42:00Z,en,"cinematic,scary,fun",1
My Creative Vlog #8,Creator_29,Sci-Fi,90,2026-03-29T08:28:00Z,ko,short,0
My Creative Vlog #6,Creator_44,Horror,143,2026-01-28T09:29:00Z,en,"indie,bts",0
My Creative Vlog #4,Creator_75,Drama,156,2026-03-10T05:29:00Z,en,"viral,cinematic",0
My Creative Vlog #4,Creator_82,Thriller,100,2026-02-10T15:39:00Z,ja,"fun,thrill,short,scary,viral,cinematic,trending,indie",1
T-Series Exclusive - Video #24,T-Series,Comedy,9,2026-04-24T11:38:00Z,hi,"cinematic,bts,short,vlog,trending,fun,viral,indie,thrill",1
My Creative Vlog #7,Creator_5,Documentary,154,2026-01-23T01:00:00Z,es,"scary,indie,thrill,viral",0
Warner Bros. Exclusive - Video #82,Warner Bros.,Sci-Fi,120,2026-01-24T08:09:00Z,en,"trending,bts,short,cinematic,viral,indie,scary,thrill,vlog,fun",1
My Creative Vlog #8,Creator_65,Documentary,172,2026-05-04T03:03:00Z,hi,"vlog,cinematic,scary",0
Marvel Entertainment Exclusive - Video #64,Marvel Entertainment,Romance,115,2026-03-26T09:25:00Z,ja,"indie,viral,short,vlog,thrill,fun,scary,cinematic",1
My Creative Vlog #4,Creator_82,Action,68,2026-03-15T12:22:00Z,ko,"thrill,viral,cinematic,fun,short,scary,vlog,bts",0
Netflix Exclusive - Video #75,Netflix,Documentary,28,2026-05-08T12:36:00Z,ko,"bts,cinematic,indie,fun,scary",1
My Creative Vlog #4,Creator_91,Romance,81,2026-02-09T05:36:00Z,ko,"thrill,vlog,bts,cinematic,viral,trending,short,fun,scary,indie",0
My Creative Vlog #6,Creator_76,Action,103,2026-06-14T04:14:00Z,fr,"indie,trending,thrill,vlog,fun,viral",1
Marvel Entertainment Exclusive - Video #70,Marvel Entertainment,Thriller,114,2026-01-20T07:50:00Z,fr,"fun,vlog",1
My Creative Vlog #4,Creator_40,Drama,43,2026-06-05T20:23:00Z,en,thrill,1
My Creative Vlog #8,Creator_4,Sci-Fi,131,2026-06-15T21:37:00Z,ja,"bts,trending,short",0
My Creative Vlog #8,Creator_38,Sci-Fi,103,2026-06-25T19:01:00Z,en,"vlog,fun,thrill,bts,scary,cinematic,short",1
My Creative Vlog #1,Creator_56,Horror,54,2026-05-13T13:32:00Z,en,"cinematic,trending,bts,fun,thrill,viral,indie,scary,short,vlog",0
My Creative Vlog #3,Creator_73,Action,148,2026-02-06T10:28:00Z,en,"scary,thrill,indie,vlog,cinematic,short,viral",0
My Creative Vlog #3,Creator_60,Action,144,2026-06-22T21:15:00Z,es,"thrill,indie,vlog,scary,trending,cinematic,fun,bts,viral,short",0
Marvel Entertainment Exclusive - Video #59,Marvel Entertainment,Romance,158,2026-02-13T08:16:00Z,es,,1
My Creative Vlog #10,Creator_84,Documentary,22,2026-05-14T13:39:00Z,ja,"viral,scary,thrill,fun,trending,short",1
My Creative Vlog #1,Creator_70,Comedy,17,2026-05-29T23:12:00Z,es,"indie,viral,fun,cinematic,vlog,scary,thrill",1
My Creative Vlog #9,Creator_79,Thriller,56,2026-06-22T05:10:00Z,en,indie,0
My Creative Vlog #1,Creator_4,Drama,62,2026-05-29T03:23:00Z,en,"viral,scary,vlog",0
My Creative Vlog #2,Creator_28,Horror,2,2026-06-01T17:11:00Z,en,"short,trending",0
My Creative Vlog #8,Creator_55,Drama,9,2026-01-29T05:39:00Z,ja,"trending,scary,viral,cinematic,vlog,indie,fun,short,bts",0
My Creative Vlog #2,Creator_96,Romance,97,2026-03-29T06:52:00Z,en,"thrill,vlog,scary,fun",0
Netflix Exclusive - Video #50,Netflix,Horror,127,2026-03-19T13:39:00Z,en,short,1
T-Series Exclusive - Video #28,T-Series,Drama,9,2026-03-07T01:02:00Z,hi,"vlog,trending,scary,fun,cinematic,thrill,bts,short,indie,viral",0
MrBeast Exclusive - Video #86,MrBeast,Action,67,2026-03-09T22:04:00Z,hi,"cinematic,fun",1
My Creative Vlog #1,Creator_84,Drama,23,2026-02-26T03:06:00Z,ko,"bts,cinematic,thrill,viral,short,indie,vlog",1
A24 Exclusive - Video #20,A24,Sci-Fi,102,2026-05-10T03:07:00Z,ko,"vlog,indie,fun,thrill,trending,viral,short",1
My Creative Vlog #3,Creator_33,Sci-Fi,101,2026-03-01T00:10:00Z,en,,0
My Creative Vlog #4,Creator_44,Thriller,81,2026-06-22T00:23:00Z,hi,bts,0
MrBeast Exclusive - Video #13,MrBeast,Romance,83,2026-03-23T00:33:00Z,es,"cinematic,fun,thrill,scary,indie,bts,trending,short",1
My Creative Vlog #8,Creator_79,Thriller,138,2026-01-02T17:41:00Z,hi,,1
My Creative Vlog #6,Creator_6,Action,86,2026-03-25T22:57:00Z,en,short,1
My Creative Vlog #8,Creator_77,Action,137,2026-02-05T17:11:00Z,en,vlog,0
Warner Bros. Exclusive - Video #42,Warner Bros.,Thriller,99,2026-02-20T12:34:00Z,en,bts,1
Netflix Exclusive - Video #61,Netflix,Documentary,17,2026-01-17T21:30:00Z,es,"viral,bts,short,trending,cinematic,scary,fun",1
My Creative Vlog #7,Creator_73,Sci-Fi,69,2026-06-11T21:05:00Z,en,"thrill,trending,short,cinematic,indie,bts,vlog,viral,fun,scary",1
My Creative Vlog #10,Creator_16,Thriller,60,2026-01-26T08:52:00Z,ja,"indie,short,bts,scary,vlog,cinematic,trending,fun,viral,thrill",0
T-Series Exclusive - Video #14,T-Series,Drama,25,2026-04-26T13:19:00Z,ja,short,1
My Creative Vlog #3,Creator_17,Action,116,2026-01-02T08:45:00Z,ja,"thrill,short,fun",0
Warner Bros. Exclusive - Video #29,Warner Bros.,Thriller,124,2026-04-01T20:37:00Z,en,"thrill,vlog,short,indie,viral,fun,scary,trending",1
A24 Exclusive - Video #53,A24,Romance,176,2026-06-10T00:10:00Z,es,,1
My Creative Vlog #7,Creator_52,Action,136,2026-06-05T16:19:00Z,ko,"vlog,thrill,bts,viral",0
My Creative Vlog #7,Creator_41,Documentary,34,2026-03-03T19:04:00Z,ko,"short,indie,fun,vlog,viral,scary,cinematic,thrill,trending,bts",0
My Creative Vlog #5,Creator_15,Drama,24,2026-04-06T12:44:00Z,hi,"cinematic,fun,indie,viral",0
My Creative Vlog #3,Creator_54,Action,69,2026-04-04T14:02:00Z,es,"thrill,cinematic,vlog,indie",1
My Creative Vlog #4,Creator_40,Horror,75,2026-02-07T02:04:00Z,en,"cinematic,thrill,vlog,fun,short,indie,scary",1
My Creative Vlog #9,Creator_81,Horror,46,2026-06-10T09:24:00Z,hi,"viral,cinematic,bts,short,thrill,trending,vlog,indie",0
My Creative Vlog #7,Creator_33,Horror,46,2026-05-31T19:56:00Z,fr,"thrill,short",1
My Creative Vlog #10,Creator_80,Romance,96,2026-06-15T18:51:00Z,en,"scary,trending,vlog,bts,fun",1
My Creative Vlog #2,Creator_84,Action,80,2026-05-03T18:11:00Z,hi,,0
My Creative Vlog #5,Creator_22,Documentary,51,2026-01-20T00:46:00Z,en,"thrill,indie",0
My Creative Vlog #3,Creator_50,Horror,53,2026-01-13T20:04:00Z,es,"indie,trending,bts,scary,cinematic,thrill,short,vlog,fun,viral",1
My Creative Vlog #8,Creator_96,Horror,156,2026-01-27T04:51:00Z,en,"short,trending,indie,fun,vlog,scary,cinematic,viral",0
Netflix Exclusive - Video #31,Netflix,Documentary,1,2026-02-05T23:12:00Z,en,"trending,bts,thrill,indie,vlog,viral",1
My Creative Vlog #9,Creator_80,Sci-Fi,146,2026-05-11T07:40:00Z,en,fun,0
A24 Exclusive - Video #99,A24,Horror,37,2026-04-06T01:54:00Z,fr,"indie,bts,short,thrill,fun,viral,trending,scary,cinematic",1
MrBeast Exclusive - Video #60,MrBeast,Thriller,127,2026-05-02T07:53:00Z,fr,"scary,vlog",1
My Creative Vlog #10,Creator_95,Horror,117,2026-03-24T21:30:00Z,ko,"short,vlog,fun",1
T-Series Exclusive - Video #83,T-Series,Romance,169,2026-06-03T20:34:00Z,hi,"short,indie,trending,scary,fun,bts",1
My Creative Vlog #1,Creator_41,Horror,59,2026-05-26T01:15:00Z,ja,"indie,trending,fun,thrill,short,bts,scary,cinematic,viral,vlog",1
My Creative Vlog #5,Creator_46,Romance,101,2026-01-05T15:20:00Z,en,"fun,viral,trending,short,thrill,bts,vlog,scary,indie,cinematic",0
Netflix Exclusive - Video #77,Netflix,Thriller,145,2026-02-03T08:22:00Z,es,,1
My Creative Vlog #6,Creator_30,Sci-Fi,92,2026-03-03T10:10:00Z,es,"scary,short,vlog,indie,cinematic,thrill,fun,trending,viral,bts",0
My Creative Vlog #5,Creator_63,Documentary,40,2026-03-26T02:10:00Z,en,"vlog,thrill,indie,scary,bts",1
My Creative Vlog #8,Creator_21,Drama,160,2026-03-12T18:43:00Z,ko,"fun,scary,indie,vlog,bts",1
My Creative Vlog #1,Creator_79,Drama,16,2026-02-27T21:33:00Z,ja,"trending,short,bts,vlog",1
A24 Exclusive - Video #20,A24,Drama,73,2026-02-06T13:36:00Z,ja,"cinematic,scary,bts,trending,short,viral,vlog",1
MrBeast Exclusive - Video #63,MrBeast,Comedy,14,2026-02-03T23:27:00Z,en,,1
T-Series Exclusive - Video #41,T-Series,Action,78,2026-04-15T02:04:00Z,fr,"short,scary,bts,viral,thrill,indie,vlog,cinematic",1
My Creative Vlog #2,Creator_37,Comedy,20,2026-01-22T12:03:00Z,hi,"scary,trending,cinematic",0
My Creative Vlog #7,Creator_32,Sci-Fi,51,2026-06-20T05:43:00Z,en,"bts,scary,viral,short,vlog,thrill,trending,fun,cinematic,indie",0
My Creative Vlog #8,Creator_53,Romance,119,2026-04-27T07:54:00Z,ko,"short,indie,thrill,fun,vlog",0
MrBeast Exclusive - Video #74,MrBeast,Comedy,24,2026-03-26T22:16:00Z,hi,"viral,bts,trending,vlog,scary",1
My Creative Vlog #1,Creator_31,Drama,50,2026-06-26T07:12:00Z,en,"cinematic,viral,thrill",1
Netflix Exclusive - Video #69,Netflix,Thriller,63,2026-04-07T08:01:00Z,ko,"indie,trending",1
A24 Exclusive - Video #25,A24,Horror,79,2026-05-10T15:27:00Z,en,indie,1
MrBeast Exclusive - Video #94,MrBeast,Drama,117,2026-06-28T18:29:00Z,hi,,1
My Creative Vlog #8,Creator_42,Drama,89,2026-02-12T21:02:00Z,en,"cinematic,vlog,scary",0
Marvel Entertainment Exclusive - Video #33,Marvel Entertainment,Horror,136,2026-05-24T19:57:00Z,en,"bts,thrill,cinematic,trending,scary,fun,indie,vlog,viral",1
My Creative Vlog #5,Creator_38,Sci-Fi,77,2026-03-24T04:15:00Z,en,,0
My Creative Vlog #5,Creator_43,Romance,3,2026-01-18T16:37:00Z,fr,"short,cinematic,trending,bts,vlog,fun,scary,viral,indie,thrill",0
My Creative Vlog #1,Creator_44,Drama,129,2026-06-28T00:03:00Z,es,"viral,short,vlog,cinematic,trending,scary,bts,thrill,fun,indie",0
A24 Exclusive - Video #48,A24,Thriller,140,2026-05-05T18:39:00Z,en,"viral,indie,thrill,fun,scary,vlog,bts,cinematic,short,trending",1
My Creative Vlog #4,Creator_86,Drama,144,2026-04-13T15:43:00Z,ja,cinematic,0
My Creative Vlog #9,Creator_67,Comedy,16,2026-04-02T23:29:00Z,en,"cinematic,bts,indie,vlog,scary,trending,short,viral,fun,thrill",0
My Creative Vlog #5,Creator_50,Sci-Fi,126,2026-01-04T10:36:00Z,ja,"viral,indie,bts,vlog,trending",0
My Creative Vlog #3,Creator_25,Drama,67,2026-04-06T02:32:00Z,en,"indie,bts,viral,thrill,short",0
A24 Exclusive - Video #59,A24,Romance,142,2026-03-19T16:30:00Z,ko,"scary,viral,indie,vlog,trending,fun,short,bts,cinematic,thrill",1
My Creative Vlog #3,Creator_24,Documentary,145,2026-01-21T13:16:00Z,en,"trending,viral,fun",0
My Creative Vlog #1,Creator_99,Comedy,20,2026-04-10T06:06:00Z,en,"vlog,indie,scary,short,cinematic,trending,fun,bts,viral",0
My Creative Vlog #3,Creator_20,Action,46,2026-04-16T06:22:00Z,ko,"scary,cinematic,short,bts,fun,indie,vlog",0
Netflix Exclusive - Video #10,Netflix,Horror,3,2026-01-10T06:54:00Z,en,"scary,trending,bts,indie,viral,fun,cinematic",1
My Creative Vlog #4,Creator_49,Documentary,33,2026-06-24T23:14:00Z,ja,"viral,bts,fun,trending,vlog,thrill",1
My Creative Vlog #9,Creator_43,Sci-Fi,62,2026-06-19T02:35:00Z,ja,"viral,bts,vlog",0
My Creative Vlog #8,Creator_60,Thriller,148,2026-02-23T20:25:00Z,ko,"indie,scary,bts,cinematic,short,thrill",1
Warner Bros. Exclusive - Video #30,Warner Bros.,Sci-Fi,86,2026-05-29T16:17:00Z,ja,,1
A24 Exclusive - Video #86,A24,Horror,8,2026-02-27T15:23:00Z,hi,"scary,viral,bts,vlog,cinematic",1
My Creative Vlog #6,Creator_58,Sci-Fi,102,2026-01-26T18:40:00Z,ja,,1
My Creative Vlog #9,Creator_59,Thriller,103,2026-01-18T04:44:00Z,ko,"fun,thrill,vlog,indie,short",1
A24 Exclusive - Video #86,A24,Action,109,2026-05-09T05:58:00Z,en,"viral,cinematic,bts,fun,thrill,scary,vlog,short,indie,trending",1
My Creative Vlog #6,Creator_53,Romance,106,2026-03-30T04:32:00Z,en,"indie,viral",1
My Creative Vlog #10,Creator_91,Thriller,61,2026-05-25T09:35:00Z,es,"thrill,scary,bts,cinematic,fun,vlog,short,viral,indie",1
My Creative Vlog #6,Creator_81,Thriller,144,2026-01-09T22:57:00Z,en,"cinematic,bts,indie,vlog,scary,thrill,viral,trending,fun,short",1
Netflix Exclusive - Video #84,Netflix,Horror,23,2026-02-09T20:29:00Z,en,"indie,viral,cinematic,short,vlog,scary",1
My Creative Vlog #3,Creator_57,Thriller,130,2026-02-05T00:57:00Z,hi,"scary,vlog,viral,trending,short,indie,bts,cinematic,fun,thrill",1
My Creative Vlog #8,Creator_26,Action,82,2026-03-06T16:14:00Z,ko,"indie,short,trending,scary,cinematic",0
T-Series Exclusive - Video #94,T-Series,Documentary,126,2026-03-15T06:37:00Z,ko,"short,trending,cinematic,fun,scary,bts,viral",1
Marvel Entertainment Exclusive - Video #10,Marvel Entertainment,Documentary,70,2026-04-19T17:41:00Z,fr,"scary,trending,cinematic,thrill,indie,bts,vlog,short,fun,viral",1
My Creative Vlog #7,Creator_23,Sci-Fi,61,2026-03-22T08:31:00Z,en,"trending,cinematic,bts,fun,short,vlog,indie,viral,thrill,scary",0
My Creative Vlog #1,Creator_6,Comedy,23,2026-06-21T01:56:00Z,en,"scary,vlog,cinematic,fun,bts,short,viral",1
T-Series Exclusive - Video #83,T-Series,Action,149,2026-05-27T20:02:00Z,es,scary,0
My Creative Vlog #8,Creator_49,Comedy,21,2026-02-26T04:06:00Z,hi,,0
My Creative Vlog #5,Creator_82,Drama,92,2026-06-11T02:06:00Z,en,"trending,scary,cinematic,thrill,fun,bts,short,indie,viral",0
My Creative Vlog #1,Creator_76,Action,142,2026-02-05T07:35:00Z,fr,"indie,short,bts,vlog,scary,trending,cinematic,thrill,viral,fun",0
My Creative Vlog #4,Creator_71,Romance,74,2026-03-16T21:44:00Z,hi,,0
My Creative Vlog #10,Creator_21,Action,126,2026-06-09T21:52:00Z,fr,"trending,fun,indie,short,scary,viral,thrill,bts,cinematic,vlog",0
MrBeast Exclusive - Video #25,MrBeast,Action,73,2026-01-27T02:52:00Z,fr,"indie,trending,cinematic,scary,bts,short,thrill,viral",1
My Creative Vlog #10,Creator_71,Drama,9,2026-02-28T01:58:00Z,en,"short,cinematic,bts,fun,trending,indie,viral,vlog",0
My Creative Vlog #2,Creator_62,Drama,69,2026-06-02T15:42:00Z,en,"cinematic,bts,short,trending,viral,scary",0
My Creative Vlog #6,Creator_34,Comedy,27,2026-03-21T10:14:00Z,fr,"fun,cinematic,short,vlog,bts",1
My Creative Vlog #9,Creator_67,Drama,83,2026-02-05T23:26:00Z,en,"viral,vlog,cinematic,trending,indie,short,fun,scary,bts,thrill",0
T-Series Exclusive - Video #46,T-Series,Sci-Fi,108,2026-01-10T20:23:00Z,en,"indie,vlog,trending,thrill,bts,viral,cinematic,short,fun,scary",1
T-Series Exclusive - Video #50,T-Series,Sci-Fi,51,2026-03-05T20:19:00Z,ja,"scary,bts,vlog,indie,thrill,cinematic",1
My Creative Vlog #3,Creator_47,Horror,83,2026-04-26T01:21:00Z,en,"cinematic,short,fun,scary,viral",1
My Creative Vlog #5,Creator_22,Drama,119,2026-01-23T12:07:00Z,ko,"fun,vlog,indie,thrill,scary,bts,cinematic,viral,trending,short",0
My Creative Vlog #5,Creator_45,Romance,144,2026-04-24T22:11:00Z,ko,"viral,scary,bts,indie,thrill,short,cinematic,fun",1
My Creative Vlog #3,Creator_92,Action,62,2026-05-11T22:00:00Z,ko,"cinematic,scary",0
My Creative Vlog #6,Creator_65,Horror,88,2026-04-05T08:04:00Z,en,"vlog,bts,scary,trending,fun",0
Warner Bros. Exclusive - Video #74,Warner Bros.,Drama,111,2026-05-02T06:20:00Z,es,"trending,thrill,short,vlog,indie,scary,fun,viral,bts",1
My Creative Vlog #3,Creator_56,Comedy,11,2026-02-07T23:50:00Z,ja,,0
My Creative Vlog #6,Creator_69,Sci-Fi,82,2026-06-10T06:19:00Z,fr,"trending,vlog,fun,viral,bts,thrill",0
My Creative Vlog #10,Creator_67,Horror,102,2026-04-30T21:13:00Z,ko,"viral,indie,scary",1
My Creative Vlog #7,Creator_96,Drama,132,2026-01-04T07:13:00Z,ko,"bts,trending,thrill,indie",1
My Creative Vlog #2,Creator_81,Sci-Fi,148,2026-03-03T08:54:00Z,hi,"trending,scary,viral,bts,cinematic,indie,vlog,short,thrill,fun",1
My Creative Vlog #5,Creator_41,Comedy,14,2026-01-01T17:40:00Z,ja,"bts,indie,fun,viral,thrill,short,trending",1
MrBeast Exclusive - Video #77,MrBeast,Sci-Fi,55,2026-01-10T12:46:00Z,ko,"trending,bts,fun,indie,scary,vlog,short,viral,thrill,cinematic",1
Marvel Entertainment Exclusive - Video #91,Marvel Entertainment,Comedy,28,2026-04-08T04:57:00Z,es,"viral,trending,indie,scary",1
T-Series Exclusive - Video #38,T-Series,Drama,20,2026-04-21T11:03:00Z,en,"thrill,fun,scary,indie,bts,cinematic,viral,short,vlog,trending",1
My Creative Vlog #4,Creator_22,Thriller,89,2026-06-13T23:01:00Z,ko,"short,viral,thrill,bts,fun,vlog",1
T-Series Exclusive - Video #83,T-Series,Documentary,92,2026-03-07T23:51:00Z,en,"bts,vlog",1
My Creative Vlog #3,Creator_23,Thriller,150,2026-02-16T16:42:00Z,en,"fun,trending,cinematic,viral,vlog",0
My Creative Vlog #10,Creator_54,Sci-Fi,66,2026-03-27T01:54:00Z,ja,"trending,short,scary,cinematic,viral,fun,bts,vlog,indie,thrill",0
Warner Bros. Exclusive - Video #72,Warner Bros.,Horror,154,2026-04-12T04:50:00Z,hi,"scary,vlog,thrill,fun,trending,viral,bts,indie",1
My Creative Vlog #5,Creator_76,Drama,144,2026-04-02T23:33:00Z,en,"scary,trending,indie",0
T-Series Exclusive - Video #93,T-Series,Action,61,2026-06-01T20:02:00Z,ja,"trending,cinematic,bts,indie,fun,thrill,scary,vlog,short,viral",1
Warner Bros. Exclusive - Video #37,Warner Bros.,Romance,125,2026-02-13T03:03:00Z,en,"thrill,bts,vlog,scary,short,viral,trending",1
My Creative Vlog #1,Creator_33,Thriller,70,2026-03-07T11:25:00Z,es,"indie,cinematic,short,bts,viral,scary,fun,vlog",1
My Creative Vlog #3,Creator_57,Action,95,2026-04-07T23:03:00Z,es,"short,thrill,viral,bts,trending,vlog,cinematic,fun,scary,indie",0
My Creative Vlog #6,Creator_20,Drama,137,2026-06-23T18:40:00Z,es,,0
My Creative Vlog #7,Creator_15,Thriller,62,2026-04-12T19:49:00Z,ja,"short,cinematic,fun,vlog,scary,indie,bts",0
My Creative Vlog #8,Creator_52,Comedy,19,2026-03-22T04:16:00Z,en,"cinematic,scary,short",0
My Creative Vlog #4,Creator_66,Action,46,2026-02-23T19:48:00Z,ja,"bts,cinematic,fun",0
My Creative Vlog #4,Creator_45,Drama,154,2026-05-24T14:56:00Z,hi,"trending,viral,vlog,fun",1
My Creative Vlog #8,Creator_39,Documentary,70,2026-05-06T06:43:00Z,fr,"trending,thrill,bts,vlog,scary,cinematic,short",0
My Creative Vlog #10,Creator_44,Romance,116,2026-03-01T19:24:00Z,en,"trending,scary,thrill,bts,fun,vlog,viral,short,indie,cinematic",1
Netflix Exclusive - Video #96,Netflix,Romance,81,2026-04-20T19:40:00Z,es,"trending,short,fun",1
My Creative Vlog #2,Creator_59,Sci-Fi,118,2026-05-31T03:24:00Z,ja,"short,fun,scary,bts,viral,vlog,trending,indie",0
Marvel Entertainment Exclusive - Video #63,Marvel Entertainment,Romance,29,2026-02-07T12:20:00Z,fr,"fun,vlog,viral,thrill,short,indie,trending,scary,cinematic,bts",1
My Creative Vlog #10,Creator_87,Comedy,24,2026-04-14T00:40:00Z,es,cinematic,0
MrBeast Exclusive - Video #34,MrBeast,Romance,59,2026-01-16T22:50:00Z,es,"short,indie,scary",1
My Creative Vlog #1,Creator_64,Romance,32,2026-04-22T19:53:00Z,es,"vlog,viral,thrill,cinematic",1
My Creative Vlog #7,Creator_48,Thriller,64,2026-03-03T03:03:00Z,ko,"trending,short,vlog,viral",1
A24 Exclusive - Video #81,A24,Documentary,79,2026-02-09T14:59:00Z,hi,"thrill,bts,short,vlog,cinematic,indie,viral,scary,trending,fun",1
My Creative Vlog #5,Creator_42,Romance,94,2026-05-11T14:53:00Z,hi,"short,viral,trending,indie,cinematic,fun,vlog,thrill,bts,scary",0
My Creative Vlog #8,Creator_89,Romance,31,2026-05-23T10:12:00Z,ko,,0
Warner Bros. Exclusive - Video #99,Warner Bros.,Thriller,77,2026-01-16T05:22:00Z,ko,"trending,bts,thrill,vlog,viral,indie,scary,fun,cinematic,short",1
My Creative Vlog #8,Creator_1,Comedy,9,2026-04-25T18:45:00Z,fr,short,1
T-Series Exclusive - Video #47,T-Series,Drama,179,2026-04-28T05:36:00Z,en,"thrill,scary,viral,vlog,cinematic,indie,bts,short,trending,fun",1
MrBeast Exclusive - Video #49,MrBeast,Action,54,2026-04-12T20:14:00Z,en,"vlog,thrill,indie,fun,scary",1
My Creative Vlog #8,Creator_50,Drama,168,2026-01-12T21:13:00Z,ko,"trending,indie,viral,fun,cinematic,vlog,bts,thrill,scary",0
A24 Exclusive - Video #89,A24,Romance,58,2026-01-24T04:09:00Z,en,"indie,bts,short,scary,vlog,fun,thrill,cinematic,trending,viral",0
A24 Exclusive - Video #93,A24,Comedy,27,2026-04-16T18:17:00Z,hi,"scary,fun,indie,trending,bts",1
My Creative Vlog #4,Creator_9,Thriller,87,2026-04-26T07:11:00Z,en,"indie,short,bts",0
My Creative Vlog #2,Creator_53,Documentary,31,2026-01-08T14:00:00Z,ja,"cinematic,short,trending,fun,viral,thrill,indie,vlog,bts,scary",0
Warner Bros. Exclusive - Video #53,Warner Bros.,Sci-Fi,128,2026-02-14T10:35:00Z,ko,"fun,indie,scary,bts,short,trending,thrill,viral,cinematic",1
My Creative Vlog #10,Creator_62,Romance,178,2026-04-03T02:55:00Z,hi,"vlog,thrill,cinematic,viral,trending,indie,scary",0
My Creative Vlog #9,Creator_43,Thriller,130,2026-01-17T19:31:00Z,ko,"fun,viral,scary,bts,short,trending,cinematic,vlog,indie,thrill",1
Warner Bros. Exclusive - Video #28,Warner Bros.,Drama,173,2026-03-08T14:02:00Z,en,,0
Marvel Entertainment Exclusive - Video #66,Marvel Entertainment,Comedy,24,2026-05-23T17:17:00Z,en,"vlog,thrill,scary,short,fun,bts,trending,indie,viral,cinematic",1
A24 Exclusive - Video #11,A24,Thriller,86,2026-05-12T17:51:00Z,en,"vlog,trending,viral,fun,bts",1
My Creative Vlog #1,Creator_44,Comedy,27,2026-01-13T10:24:00Z,hi,"vlog,indie,trending,cinematic,viral",0
My Creative Vlog #2,Creator_18,Drama,75,2026-04-21T14:53:00Z,ko,"thrill,fun,viral,short,cinematic,vlog,indie,scary,trending,bts",0
My Creative Vlog #5,Creator_72,Documentary,154,2026-01-20T05:24:00Z,en,"fun,trending,scary,viral,vlog,bts,short,indie,thrill",0
My Creative Vlog #7,Creator_16,Sci-Fi,90,2026-05-06T16:40:00Z,en,"trending,thrill,cinematic",0
My Creative Vlog #7,Creator_73,Horror,167,2026-01-26T12:17:00Z,ja,,0
My Creative Vlog #6,Creator_73,Action,146,2026-02-03T04:54:00Z,hi,,0
A24 Exclusive - Video #80,A24,Romance,99,2026-03-07T03:58:00Z,en,"viral,scary,cinematic,indie,fun,vlog",1
A24 Exclusive - Video #11,A24,Documentary,130,2026-02-21T18:15:00Z,es,,1
My Creative Vlog #3,Creator_36,Romance,132,2026-05-16T11:36:00Z,en,"fun,trending,indie,thrill,scary,bts,cinematic,short,vlog",0
My Creative Vlog #8,Creator_19,Sci-Fi,133,2026-02-11T04:15:00Z,ko,"scary,viral,fun,bts,short,vlog,cinematic,trending",0
My Creative Vlog #6,Creator_97,Documentary,163,2026-05-01T17:52:00Z,en,"fun,vlog",0
Warner Bros. Exclusive - Video #82,Warner Bros.,Horror,93,2026-01-05T04:47:00Z,ko,"bts,thrill,vlog,scary,viral,fun,cinematic,indie,trending,short",1
Warner Bros. Exclusive - Video #33,Warner Bros.,Action,139,2026-06-29T03:52:00Z,ko,"indie,short,trending,scary,bts,cinematic,fun,viral,thrill,vlog",1
A24 Exclusive - Video #17,A24,Horror,1,2026-05-22T07:32:00Z,es,"short,vlog,fun",1
My Creative Vlog #8,Creator_58,Romance,159,2026-03-30T20:14:00Z,hi,"thrill,fun,vlog,short,viral,bts,cinematic,indie,trending,scary",0
My Creative Vlog #8,Creator_62,Drama,117,2026-04-27T08:23:00Z,fr,"cinematic,trending,fun,vlog,bts,thrill,short,indie,scary,viral",1
Netflix Exclusive - Video #39,Netflix,Sci-Fi,69,2026-05-16T07:37:00Z,ko,"vlog,short,thrill,viral,trending,fun,scary,indie,cinematic,bts",1
T-Series Exclusive - Video #17,T-Series,Sci-Fi,118,2026-06-29T23:53:00Z,hi,"bts,fun,cinematic,viral,indie,trending,short,scary,vlog,thrill",0
My Creative Vlog #8,Creator_83,Horror,106,2026-04-24T20:28:00Z,en,"bts,vlog,indie,viral,cinematic,scary,trending,thrill",1
My Creative Vlog #6,Creator_82,Drama,17,2026-01-30T22:35:00Z,ja,"short,fun,scary,cinematic,vlog,trending,thrill,indie,viral,bts",0
My Creative Vlog #4,Creator_52,Sci-Fi,90,2026-03-16T18:39:00Z,fr,"short,viral,bts,thrill,cinematic,vlog,indie,trending,fun,scary",1
My Creative Vlog #7,Creator_86,Thriller,95,2026-02-16T10:05:00Z,ja,"cinematic,bts,viral,fun,thrill,trending,scary",1
My Creative Vlog #9,Creator_2,Thriller,45,2026-03-09T20:22:00Z,fr,"thrill,fun",1
My Creative Vlog #5,Creator_83,Sci-Fi,99,2026-03-31T22:42:00Z,en,"thrill,vlog,scary,indie,trending,fun,cinematic,viral,short",1
Warner Bros. Exclusive - Video #93,Warner Bros.,Action,77,2026-02-22T07:20:00Z,hi,"short,cinematic,bts,vlog,scary,indie",1
My Creative Vlog #7,Creator_17,Documentary,137,2026-05-04T10:03:00Z,hi,"viral,trending,thrill,cinematic,indie,short,scary,fun,vlog,bts",0
T-Series Exclusive - Video #20,T-Series,Thriller,106,2026-03-09T12:25:00Z,ko,"short,thrill,bts,viral,cinematic,trending,scary,vlog,fun",1
My Creative Vlog #4,Creator_65,Thriller,72,2026-02-09T11:48:00Z,hi,"bts,cinematic,fun,short,indie,thrill",0
My Creative Vlog #6,Creator_27,Thriller,105,2026-05-24T02:47:00Z,en,"short,fun,scary,cinematic,thrill,vlog,bts,viral,indie,trending",0
My Creative Vlog #4,Creator_78,Sci-Fi,130,2026-03-02T03:49:00Z,ko,"short,cinematic",0
Netflix Exclusive - Video #84,Netflix,Documentary,17,2026-06-11T19:53:00Z,ja,"indie,scary,trending,short,cinematic,vlog",1
My Creative Vlog #6,Creator_7,Comedy,17,2026-03-08T01:28:00Z,fr,"trending,thrill,viral,bts,short,fun,cinematic,vlog,scary,indie",0
A24 Exclusive - Video #30,A24,Documentary,149,2026-05-20T12:28:00Z,fr,"trending,cinematic,vlog,fun,thrill,short,bts",0
My Creative Vlog #7,Creator_78,Comedy,15,2026-03-16T22:35:00Z,en,"trending,bts,fun,thrill,viral,cinematic,vlog",0
My Creative Vlog #8,Creator_25,Horror,108,2026-01-06T05:04:00Z,hi,"vlog,bts,thrill,trending,fun,scary",1
My Creative Vlog #9,Creator_9,Horror,45,2026-06-29T20:41:00Z,ja,bts,0
T-Series Exclusive - Video #95,T-Series,Documentary,87,2026-05-23T19:10:00Z,en,"cinematic,bts,fun",1
My Creative Vlog #7,Creator_4,Action,45,2026-06-20T04:49:00Z,en,"fun,scary,vlog,bts,viral,thrill,short,indie",0
My Creative Vlog #6,Creator_25,Sci-Fi,83,2026-05-05T05:26:00Z,es,"short,thrill,indie,fun,cinematic,bts,vlog,trending,viral,scary",0
My Creative Vlog #9,Creator_16,Documentary,176,2026-01-13T16:34:00Z,en,"short,cinematic,indie,vlog,fun,bts,trending,thrill",0
My Creative Vlog #9,Creator_41,Thriller,58,2026-01-01T17:57:00Z,ko,"bts,short,thrill,fun,scary,cinematic,trending",1
My Creative Vlog #9,Creator_94,Sci-Fi,93,2026-02-19T12:50:00Z,es,"cinematic,scary,vlog,viral,fun,short",0
My Creative Vlog #4,Creator_30,Romance,148,2026-02-07T04:50:00Z,ko,"vlog,viral",0
Warner Bros. Exclusive - Video #72,Warner Bros.,Horror,53,2026-05-21T20:31:00Z,hi,"cinematic,trending,bts,viral",1
A24 Exclusive - Video #10,A24,Horror,122,2026-02-03T13:01:00Z,fr,"bts,indie,fun,thrill,trending,short,vlog,scary,viral,cinematic",1
My Creative Vlog #10,Creator_41,Comedy,24,2026-05-23T02:28:00Z,es,"scary,indie,vlog,fun,viral,thrill,bts",1
My Creative Vlog #9,Creator_39,Documentary,168,2026-04-03T14:07:00Z,hi,bts,1
A24 Exclusive - Video #86,A24,Sci-Fi,53,2026-04-22T07:54:00Z,ja,"cinematic,short",0
T-Series Exclusive - Video #91,T-Series,Drama,21,2026-02-06T07:32:00Z,es,"short,bts,cinematic,scary,trending,thrill,vlog,fun",1
My Creative Vlog #8,Creator_48,Action,61,2026-02-17T19:02:00Z,en,,0
My Creative Vlog #6,Creator_49,Documentary,73,2026-01-09T10:46:00Z,en,"scary,thrill,vlog,viral,fun,bts,indie,cinematic,short",0
My Creative Vlog #7,Creator_8,Documentary,61,2026-02-21T11:56:00Z,hi,"cinematic,short,bts,indie,thrill,vlog,trending,fun,viral,scary",0
T-Series Exclusive - Video #10,T-Series,Romance,144,2026-05-06T20:20:00Z,fr,"vlog,fun,short,viral,scary,cinematic,indie,trending",1
A24 Exclusive - Video #75,A24,Action,100,2026-04-09T13:01:00Z,fr,"bts,short,cinematic,fun,trending,vlog,indie,viral,scary,thrill",1
My Creative Vlog #1,Creator_79,Comedy,5,2026-04-24T19:14:00Z,en,"fun,indie,cinematic,viral,scary,thrill,vlog,short,bts,trending",0
Netflix Exclusive - Video #54,Netflix,Sci-Fi,108,2026-01-31T02:29:00Z,fr,"scary,vlog,short,viral,fun",1
Marvel Entertainment Exclusive - Video #80,Marvel Entertainment,Romance,172,2026-01-09T16:42:00Z,es,,1
My Creative Vlog #9,Creator_89,Thriller,91,2026-02-20T23:25:00Z,ja,"short,fun,indie,thrill,viral,bts,vlog,trending,cinematic",0
My Creative Vlog #10,Creator_53,Sci-Fi,102,2026-02-16T02:49:00Z,en,"viral,cinematic,indie,thrill,bts,short,scary,trending",1
My Creative Vlog #6,Creator_67,Action,102,2026-05-26T17:49:00Z,en,thrill,0
T-Series Exclusive - Video #98,T-Series,Action,117,2026-01-10T16:23:00Z,hi,,1
My Creative Vlog #7,Creator_27,Comedy,18,2026-04-24T05:12:00Z,ko,"cinematic,indie,trending,scary,vlog,bts",0
MrBeast Exclusive - Video #47,MrBeast,Comedy,30,2026-01-01T10:47:00Z,fr,"fun,cinematic,trending,bts,short,viral,indie",1
My Creative Vlog #9,Creator_79,Comedy,5,2026-06-10T17:58:00Z,ja,"cinematic,vlog,short,viral,indie,fun,scary,thrill,bts,trending",1
Netflix Exclusive - Video #29,Netflix,Horror,30,2026-01-05T09:05:00Z,ja,,1
My Creative Vlog #10,Creator_39,Action,59,2026-04-14T12:00:00Z,en,"viral,bts,cinematic,short,fun,scary",0
A24 Exclusive - Video #93,A24,Documentary,12,2026-01-11T01:55:00Z,es,"vlog,thrill,trending,cinematic,bts",1
My Creative Vlog #10,Creator_52,Thriller,128,2026-04-09T09:38:00Z,es,"scary,cinematic,indie,vlog,fun,thrill,trending,short,bts",1
My Creative Vlog #5,Creator_52,Romance,36,2026-02-12T09:23:00Z,ja,"vlog,viral,short,trending,thrill,bts,cinematic,scary,indie,fun",0
A24 Exclusive - Video #91,A24,Sci-Fi,96,2026-06-29T07:42:00Z,en,"trending,bts,thrill,fun,viral,short,vlog,cinematic,indie,scary",1
Netflix Exclusive - Video #97,Netflix,Sci-Fi,59,2026-04-23T01:36:00Z,fr,"viral,short,trending",1
T-Series Exclusive - Video #62,T-Series,Comedy,12,2026-01-05T07:54:00Z,es,"bts,viral,fun,thrill,trending,short",1
T-Series Exclusive - Video #59,T-Series,Drama,95,2026-04-23T07:07:00Z,en,"scary,indie,viral,short,bts",1
My Creative Vlog #3,Creator_99,Documentary,128,2026-06-13T18:19:00Z,fr,"cinematic,trending,vlog,bts",1
My Creative Vlog #8,Creator_16,Action,128,2026-02-26T02:48:00Z,ja,"short,viral,indie,trending,fun,vlog,scary,bts,thrill,cinematic",0
MrBeast Exclusive - Video #43,MrBeast,Comedy,16,2026-02-17T13:16:00Z,es,"vlog,fun,indie,cinematic,thrill",1
My Creative Vlog #4,Creator_15,Romance,143,2026-01-12T08:38:00Z,fr,"fun,trending,scary,indie,thrill,viral",0
My Creative Vlog #3,Creator_95,Horror,45,2026-05-02T21:26:00Z,en,"short,thrill,viral,fun,scary,indie,vlog,trending,cinematic,bts",1
Warner Bros. Exclusive - Video #51,Warner Bros.,Documentary,88,2026-04-09T02:35:00Z,hi,"indie,fun",1
Netflix Exclusive - Video #98,Netflix,Documentary,89,2026-01-19T00:36:00Z,ja,"fun,cinematic,bts,indie",1
My Creative Vlog #9,Creator_70,Thriller,110,2026-03-12T20:56:00Z,en,"trending,short,fun,scary,bts,viral,indie,cinematic,vlog,thrill",1
My Creative Vlog #4,Creator_14,Drama,105,2026-05-01T05:28:00Z,hi,"fun,indie,bts",0
My Creative Vlog #7,Creator_38,Documentary,130,2026-05-11T03:37:00Z,es,"indie,vlog,short,cinematic,bts,scary,fun,thrill,trending,viral",0
My Creative Vlog #7,Creator_26,Romance,89,2026-06-13T15:10:00Z,ko,"vlog,thrill,trending,cinematic,fun,viral",0
My Creative Vlog #4,Creator_65,Drama,9,2026-02-18T02:25:00Z,en,"scary,viral,short,bts,thrill,trending,fun,cinematic,vlog,indie",1
My Creative Vlog #4,Creator_25,Comedy,25,2026-03-23T21:56:00Z,en,"trending,viral,indie,scary,fun,thrill,bts,short",0
Netflix Exclusive - Video #86,Netflix,Action,109,2026-05-16T22:47:00Z,ja,"viral,bts,cinematic",1
My Creative Vlog #6,Creator_13,Romance,63,2026-03-08T02:55:00Z,ja,"viral,trending,indie,short,scary,vlog,cinematic,thrill,fun",0
Netflix Exclusive - Video #28,Netflix,Sci-Fi,128,2026-02-14T04:19:00Z,fr,"bts,fun,vlog,short,trending,thrill,viral,scary",1
T-Series Exclusive - Video #26,T-Series,Comedy,6,2026-05-16T09:02:00Z,en,"short,bts,trending,scary,viral",0
My Creative Vlog #6,Creator_83,Drama,109,2026-05-16T12:26:00Z,ja,,1
My Creative Vlog #3,Creator_87,Comedy,14,2026-01-11T14:14:00Z,fr,"trending,vlog,short",0
Netflix Exclusive - Video #34,Netflix,Thriller,122,2026-02-09T00:58:00Z,en,"indie,fun,bts,short,trending",1
My Creative Vlog #8,Creator_37,Horror,132,2026-03-25T20:28:00Z,en,scary,0
MrBeast Exclusive - Video #32,MrBeast,Drama,153,2026-02-23T05:08:00Z,fr,"fun,cinematic,thrill,trending,indie,bts,viral,short,scary,vlog",1
Netflix Exclusive - Video #74,Netflix,Sci-Fi,145,2026-03-21T11:38:00Z,es,"vlog,trending,bts,scary,cinematic,thrill,viral",1
My Creative Vlog #7,Creator_52,Action,106,2026-03-31T11:40:00Z,ja,"trending,thrill,cinematic,vlog,viral,indie,scary,short,bts,fun",1
My Creative Vlog #10,Creator_5,Thriller,138,2026-02-18T03:28:00Z,en,viral,1
My Creative Vlog #9,Creator_91,Thriller,81,2026-02-19T06:15:00Z,en,"cinematic,indie,vlog,fun,trending,bts,thrill,scary,viral,short",1
T-Series Exclusive - Video #31,T-Series,Drama,99,2026-01-14T21:36:00Z,hi,indie,1
My Creative Vlog #4,Creator_30,Comedy,17,2026-01-25T09:03:00Z,en,"viral,trending,bts",0
Marvel Entertainment Exclusive - Video #47,Marvel Entertainment,Documentary,120,2026-03-06T01:21:00Z,en,"bts,cinematic,trending,thrill,short,indie,vlog,scary,viral",1
My Creative Vlog #6,Creator_82,Drama,107,2026-02-27T11:38:00Z,ja,short,1
Netflix Exclusive - Video #40,Netflix,Thriller,64,2026-06-30T05:51:00Z,ko,"viral,trending,indie,scary,fun,short,vlog",1
My Creative Vlog #8,Creator_47,Romance,114,2026-03-15T02:42:00Z,es,"trending,cinematic,short,bts,scary,fun,viral,indie,thrill",1
My Creative Vlog #8,Creator_80,Documentary,42,2026-04-11T03:20:00Z,fr,"bts,vlog,viral,scary,cinematic,thrill,short,trending",0
My Creative Vlog #2,Creator_15,Comedy,13,2026-02-11T23:16:00Z,en,"thrill,vlog",0
T-Series Exclusive - Video #66,T-Series,Action,54,2026-06-22T06:28:00Z,en,"short,thrill,viral,vlog,trending,scary,indie,fun,bts,cinematic",1
MrBeast Exclusive - Video #70,MrBeast,Thriller,69,2026-03-07T00:57:00Z,en,"viral,short,indie,trending,scary,vlog,cinematic,thrill,fun,bts",1
My Creative Vlog #4,Creator_69,Comedy,26,2026-05-14T20:53:00Z,en,"fun,trending,scary,bts,short,thrill,cinematic",0
Netflix Exclusive - Video #18,Netflix,Comedy,26,2026-06-16T23:58:00Z,ja,"fun,indie,trending,cinematic",1
My Creative Vlog #5,Creator_20,Comedy,8,2026-04-18T08:13:00Z,es,"fun,thrill,viral,indie,trending,bts,scary,short,vlog,cinematic",1
Netflix Exclusive - Video #92,Netflix,Sci-Fi,82,2026-02-02T23:04:00Z,en,"vlog,thrill,indie,trending,viral,bts",1
My Creative Vlog #3,Creator_79,Action,80,2026-06-26T13:25:00Z,ja,"viral,short",0
Warner Bros. Exclusive - Video #22,Warner Bros.,Sci-Fi,141,2026-03-11T18:50:00Z,ja,,1
My Creative Vlog #2,Creator_37,Comedy,27,2026-02-24T15:59:00Z,en,"thrill,indie,scary",0
T-Series Exclusive - Video #79,T-Series,Thriller,126,2026-05-04T17:27:00Z,ja,"indie,trending,viral,thrill,bts,short,vlog",1
MrBeast Exclusive - Video #91,MrBeast,Horror,126,2026-03-20T15:15:00Z,hi,"scary,cinematic,short,viral",1
A24 Exclusive - Video #64,A24,Documentary,40,2026-04-03T07:04:00Z,fr,"cinematic,trending,thrill,vlog,short,viral,scary,indie,fun,bts",1
My Creative Vlog #8,Creator_90,Horror,165,2026-01-05T23:39:00Z,ja,"bts,trending",0
My Creative Vlog #10,Creator_5,Documentary,124,2026-05-27T04:32:00Z,en,"thrill,short,fun,scary,indie,bts,trending,viral",0
Netflix Exclusive - Video #64,Netflix,Comedy,7,2026-06-02T11:55:00Z,es,,1
My Creative Vlog #7,Creator_82,Drama,125,2026-05-12T20:57:00Z,en,"vlog,trending,indie,thrill,viral,bts,short,scary",0
My Creative Vlog #3,Creator_71,Drama,54,2026-03-03T02:11:00Z,ja,"short,bts,fun,vlog,trending,viral",0
My Creative Vlog #2,Creator_55,Sci-Fi,67,2026-06-26T14:44:00Z,en,"viral,scary,thrill,indie",0
My Creative Vlog #4,Creator_19,Documentary,167,2026-05-06T07:44:00Z,fr,"fun,viral,thrill,cinematic",0
T-Series Exclusive - Video #86,T-Series,Action,106,2026-03-08T03:23:00Z,fr,bts,1
A24 Exclusive - Video #52,A24,Drama,170,2026-03-26T07:55:00Z,en,"bts,cinematic,vlog,short,indie,thrill,scary,viral,trending,fun",0
My Creative Vlog #10,Creator_59,Documentary,117,2026-02-08T07:33:00Z,en,"viral,fun,vlog,trending,bts,short",0
My Creative Vlog #4,Creator_31,Thriller,58,2026-01-08T15:21:00Z,hi,"trending,fun,thrill,scary,short",0
My Creative Vlog #2,Creator_37,Drama,55,2026-02-05T23:08:00Z,en,"fun,trending,short",0
A24 Exclusive - Video #70,A24,Thriller,143,2026-05-28T09:13:00Z,en,"short,trending,cinematic",1
My Creative Vlog #10,Creator_62,Drama,32,2026-02-27T03:27:00Z,en,"indie,trending",0
My Creative Vlog #8,Creator_27,Comedy,16,2026-01-28T19:14:00Z,en,"vlog,thrill,bts,cinematic,short,indie,viral",0
My Creative Vlog #8,Creator_84,Action,114,2026-02-01T03:14:00Z,hi,"trending,thrill,vlog,scary,viral,fun,short",0
My Creative Vlog #1,Creator_2,Documentary,60,2026-04-02T10:41:00Z,en,"thrill,vlog,viral",0
Marvel Entertainment Exclusive - Video #32,Marvel Entertainment,Action,111,2026-03-24T01:51:00Z,en,"vlog,thrill,short,scary,bts,cinematic,viral,indie,fun,trending",1
My Creative Vlog #5,Creator_99,Comedy,15,2026-03-02T06:47:00Z,en,"trending,indie,vlog,scary,cinematic,short,bts",1
My Creative Vlog #4,Creator_98,Comedy,8,2026-05-27T02:45:00Z,ko,"viral,bts,cinematic,fun,short,vlog,trending,indie,scary,thrill",0
A24 Exclusive - Video #17,A24,Action,107,2026-05-07T19:04:00Z,fr,,1
My Creative Vlog #4,Creator_84,Thriller,98,2026-01-25T17:37:00Z,en,,1
My Creative Vlog #3,Creator_67,Thriller,106,2026-02-06T03:25:00Z,en,"short,thrill,fun,bts",1
My Creative Vlog #6,Creator_19,Documentary,16,2026-04-19T10:53:00Z,en,"bts,trending,cinematic,short,viral,scary,thrill,fun,vlog",0
My Creative Vlog #1,Creator_78,Action,85,2026-06-28T22:20:00Z,en,"viral,indie,thrill,fun,vlog,scary,cinematic,short",1
A24 Exclusive - Video #67,A24,Horror,76,2026-02-17T01:20:00Z,es,,1
My Creative Vlog #6,Creator_48,Sci-Fi,106,2026-03-13T00:36:00Z,en,,0
My Creative Vlog #10,Creator_41,Action,49,2026-01-07T02:14:00Z,es,"viral,thrill,trending,fun,cinematic,vlog,short,bts,indie,scary",0
My Creative Vlog #7,Creator_35,Documentary,80,2026-05-13T08:00:00Z,en,,0
A24 Exclusive - Video #62,A24,Horror,92,2026-03-06T19:29:00Z,ko,"scary,thrill,short,fun,viral,indie,bts,trending",1
T-Series Exclusive - Video #27,T-Series,Documentary,114,2026-04-19T01:05:00Z,hi,"trending,short,cinematic,vlog,bts,indie,thrill,scary",1
My Creative Vlog #3,Creator_46,Documentary,16,2026-05-23T21:07:00Z,ja,"cinematic,trending,thrill,viral,vlog,fun,bts,indie,scary",1
My Creative Vlog #5,Creator_88,Romance,124,2026-06-19T12:56:00Z,hi,"viral,trending,scary,indie,bts,cinematic,vlog,fun,thrill,short",0
T-Series Exclusive - Video #22,T-Series,Sci-Fi,110,2026-03-07T09:17:00Z,ko,"indie,thrill,cinematic,bts,short,vlog,viral,scary,fun",1
My Creative Vlog #4,Creator_12,Romance,162,2026-02-02T08:47:00Z,es,"short,fun,bts,cinematic,indie,vlog,trending,thrill,viral,scary",0
My Creative Vlog #5,Creator_74,Sci-Fi,88,2026-05-20T08:57:00Z,ko,"bts,fun,thrill",0
My Creative Vlog #1,Creator_72,Romance,63,2026-05-03T12:42:00Z,fr,"thrill,short,scary,vlog,bts,trending",0
Netflix Exclusive - Video #82,Netflix,Comedy,22,2026-04-27T03:27:00Z,en,"bts,short,thrill,scary,indie,cinematic,vlog,viral",1
Marvel Entertainment Exclusive - Video #20,Marvel Entertainment,Comedy,24,2026-02-18T11:10:00Z,ko,"fun,cinematic,scary,trending",1
My Creative Vlog #9,Creator_2,Documentary,108,2026-04-25T10:36:00Z,en,,1
My Creative Vlog #10,Creator_28,Sci-Fi,107,2026-01-12T21:19:00Z,es,"short,bts,vlog,indie,trending,fun,cinematic,viral,thrill,scary",1
My Creative Vlog #5,Creator_37,Horror,10,2026-06-13T19:44:00Z,ja,"cinematic,fun,bts,scary,short,viral,indie",1
My Creative Vlog #6,Creator_94,Romance,100,2026-06-22T13:13:00Z,hi,"thrill,fun,trending,cinematic,vlog",0
T-Series Exclusive - Video #30,T-Series,Romance,121,2026-02-03T16:40:00Z,en,"indie,cinematic,short,trending,vlog,thrill,fun",1
My Creative Vlog #1,Creator_52,Action,97,2026-04-19T19:34:00Z,en,"fun,short,indie,cinematic,bts,vlog,viral,thrill,scary,trending",1
My Creative Vlog #7,Creator_78,Comedy,18,2026-04-01T07:30:00Z,fr,"short,vlog,thrill,viral,fun,scary,trending,indie,cinematic,bts",0
My Creative Vlog #10,Creator_55,Documentary,6,2026-06-25T15:51:00Z,en,"bts,fun,cinematic,trending,indie",0
My Creative Vlog #9,Creator_61,Thriller,106,2026-06-09T16:09:00Z,hi,,0
My Creative Vlog #4,Creator_26,Horror,149,2026-01-05T04:13:00Z,fr,"scary,fun,indie,thrill",1
My Creative Vlog #5,Creator_80,Comedy,22,2026-01-01T02:44:00Z,ko,"bts,cinematic,viral,trending,vlog,short,fun,thrill,scary,indie",0
My Creative Vlog #5,Creator_13,Sci-Fi,90,2026-06-01T11:06:00Z,en,"fun,trending,scary,indie,viral,thrill,vlog,cinematic,bts,short",0
Warner Bros. Exclusive - Video #83,Warner Bros.,Horror,49,2026-05-23T21:13:00Z,fr,"thrill,fun,bts,scary,viral",1
Marvel Entertainment Exclusive - Video #90,Marvel Entertainment,Documentary,14,2026-03-04T00:52:00Z,en,"short,fun,viral,scary,thrill,bts,trending",1
My Creative Vlog #6,Creator_43,Action,65,2026-04-19T14:39:00Z,en,"thrill,vlog,scary,cinematic",0
My Creative Vlog #8,Creator_60,Action,138,2026-05-11T21:33:00Z,es,"viral,fun,indie,scary,bts,thrill,short,cinematic,vlog",0
My Creative Vlog #1,Creator_11,Horror,5,2026-04-24T12:45:00Z,en,"indie,bts,cinematic,viral,short,fun,trending,thrill,vlog",0
My Creative Vlog #1,Creator_19,Horror,6,2026-03-09T02:45:00Z,en,"viral,bts,fun,thrill,short,vlog,indie",0
My Creative Vlog #5,Creator_13,Sci-Fi,73,2026-04-02T10:01:00Z,en,"scary,cinematic,bts,trending,vlog,indie,thrill,short,viral",0
My Creative Vlog #2,Creator_29,Action,106,2026-01-15T22:02:00Z,en,"short,thrill,scary,trending,bts,fun,cinematic,indie,viral,vlog",1
My Creative Vlog #4,Creator_57,Romance,55,2026-03-02T19:30:00Z,en,trending,0
Marvel Entertainment Exclusive - Video #88,Marvel Entertainment,Drama,41,2026-06-23T08:00:00Z,en,"viral,scary,indie,fun,short,thrill",1
A24 Exclusive - Video #50,A24,Comedy,13,2026-03-05T10:34:00Z,en,"short,viral,vlog,indie",1
My Creative Vlog #5,Creator_5,Documentary,14,2026-01-22T10:47:00Z,hi,viral,0
My Creative Vlog #7,Creator_81,Thriller,64,2026-05-04T12:38:00Z,hi,"thrill,short,vlog,bts,scary,cinematic,trending,viral,fun,indie",0
MrBeast Exclusive - Video #31,MrBeast,Drama,80,2026-04-13T08:48:00Z,en,"bts,thrill,indie,short,trending,scary",1
Marvel Entertainment Exclusive - Video #30,Marvel Entertainment,Romance,128,2026-01-28T03:19:00Z,en,"trending,cinematic,bts,short,thrill,scary",1
My Creative Vlog #1,Creator_63,Drama,103,2026-05-06T23:35:00Z,ko,"trending,thrill,vlog,cinematic,fun",0
My Creative Vlog #3,Creator_96,Horror,38,2026-04-14T15:50:00Z,en,"vlog,trending,cinematic,indie,bts,short,fun,thrill",0
My Creative Vlog #3,Creator_99,Sci-Fi,110,2026-03-06T19:28:00Z,en,"fun,thrill,viral,scary",1
Warner Bros. Exclusive - Video #10,Warner Bros.,Romance,98,2026-06-18T17:05:00Z,fr,"trending,bts,indie,thrill,vlog,fun,viral,scary,short,cinematic",1
My Creative Vlog #2,Creator_53,Thriller,85,2026-03-06T03:55:00Z,fr,"viral,cinematic,trending,short,scary,vlog,indie,thrill,bts,fun",1
My Creative Vlog #1,Creator_1,Romance,122,2026-05-22T08:11:00Z,es,"cinematic,short,indie,trending,thrill",1
My Creative Vlog #7,Creator_6,Sci-Fi,107,2026-02-03T22:05:00Z,en,"fun,vlog,scary,bts,thrill,trending,indie,cinematic,short,viral",0
My Creative Vlog #6,Creator_96,Romance,137,2026-02-26T06:27:00Z,fr,"trending,vlog,viral,short",0
My Creative Vlog #5,Creator_35,Romance,161,2026-04-11T18:47:00Z,en,fun,1
My Creative Vlog #1,Creator_17,Action,98,2026-01-25T23:00:00Z,en,"cinematic,short",0
My Creative Vlog #1,Creator_92,Sci-Fi,136,2026-03-03T14:03:00Z,hi,"cinematic,bts,viral,fun,trending",0
My Creative Vlog #7,Creator_56,Drama,147,2026-04-14T11:34:00Z,ko,"scary,indie,trending,viral,fun,vlog,bts,cinematic,thrill,short",0
My Creative Vlog #1,Creator_47,Thriller,94,2026-06-07T08:01:00Z,fr,"short,scary,bts,trending,thrill,viral,fun,indie",1
MrBeast Exclusive - Video #75,MrBeast,Horror,62,2026-05-25T07:01:00Z,en,"indie,trending,scary,cinematic",1
My Creative Vlog #1,Creator_64,Sci-Fi,80,2026-05-25T21:15:00Z,fr,"bts,trending,thrill,fun,scary",1
T-Series Exclusive - Video #11,T-Series,Drama,126,2026-06-17T16:36:00Z,en,"short,indie",0
A24 Exclusive - Video #16,A24,Documentary,162,2026-01-13T03:57:00Z,ja,"cinematic,thrill,short,viral,vlog,bts,trending",1
T-Series Exclusive - Video #30,T-Series,Drama,129,2026-03-25T00:28:00Z,en,"cinematic,scary,fun,trending,short",1
My Creative Vlog #2,Creator_8,Action,87,2026-02-10T08:29:00Z,en,short,0
My Creative Vlog #1,Creator_45,Documentary,32,2026-02-23T19:47:00Z,en,"thrill,viral,trending,fun,cinematic,short,indie,bts",0
My Creative Vlog #4,Creator_28,Drama,122,2026-04-15T22:39:00Z,en,"indie,vlog,thrill,scary,viral,short,bts,fun,trending,cinematic",0
My Creative Vlog #10,Creator_27,Thriller,93,2026-01-14T11:26:00Z,hi,"trending,short,viral,vlog,fun,bts",0
My Creative Vlog #2,Creator_79,Drama,166,2026-03-22T17:52:00Z,en,"scary,indie,vlog,thrill,fun,viral,bts,short,trending",1
My Creative Vlog #5,Creator_11,Documentary,178,2026-06-02T08:23:00Z,ko,"viral,cinematic,trending,indie,thrill,vlog,fun,short",1
A24 Exclusive - Video #23,A24,Romance,159,2026-05-21T18:30:00Z,ko,"scary,bts,trending,viral,indie,short,fun,thrill,vlog,cinematic",1
My Creative Vlog #4,Creator_98,Comedy,26,2026-05-26T12:00:00Z,en,"trending,fun,short,bts,vlog",0
My Creative Vlog #7,Creator_49,Horror,120,2026-01-11T15:41:00Z,en,"trending,fun,short,vlog,scary,thrill",1
My Creative Vlog #4,Creator_63,Thriller,116,2026-05-15T04:12:00Z,hi,,1
My Creative Vlog #9,Creator_75,Drama,76,2026-04-29T15:03:00Z,fr,"viral,vlog,indie,bts,trending",0
My Creative Vlog #4,Creator_53,Sci-Fi,103,2026-05-16T21:11:00Z,en,"vlog,indie,trending,short,scary,cinematic",1
My Creative Vlog #3,Creator_9,Romance,151,2026-01-13T09:46:00Z,en,"fun,vlog,thrill,scary,bts",0
My Creative Vlog #8,Creator_10,Drama,41,2026-06-11T09:06:00Z,fr,"short,trending,scary,vlog,indie,thrill,cinematic,fun,bts",0
My Creative Vlog #5,Creator_45,Horror,136,2026-04-27T17:36:00Z,en,"thrill,vlog,scary,viral,fun,short,cinematic,bts,indie,trending",1
My Creative Vlog #2,Creator_24,Action,53,2026-06-21T16:44:00Z,en,"indie,bts,thrill,trending,fun,short",1
My Creative Vlog #1,Creator_29,Romance,143,2026-01-03T22:13:00Z,fr,"fun,cinematic,scary,short,trending,viral,indie,bts",1
My Creative Vlog #2,Creator_37,Documentary,82,2026-05-05T17:40:00Z,en,"short,scary,viral",0
My Creative Vlog #6,Creator_62,Sci-Fi,62,2026-03-11T15:38:00Z,es,"thrill,scary,vlog,indie,trending,short,viral,bts,cinematic,fun",0
My Creative Vlog #3,Creator_56,Thriller,112,2026-03-21T00:58:00Z,fr,"thrill,indie,bts,trending,vlog,fun,scary,viral",0
My Creative Vlog #6,Creator_66,Sci-Fi,88,2026-06-11T04:20:00Z,ja,"thrill,fun,bts,vlog,short,scary,cinematic,viral,trending,indie",0
My Creative Vlog #7,Creator_18,Romance,158,2026-03-11T01:27:00Z,en,cinematic,0
My Creative Vlog #9,Creator_30,Sci-Fi,130,2026-05-18T16:13:00Z,hi,"fun,scary,indie,viral,short,bts,thrill,cinematic,vlog",0
My Creative Vlog #1,Creator_12,Action,91,2026-04-13T11:31:00Z,es,"vlog,trending,thrill,viral,scary,bts,fun,cinematic,short,indie",0
My Creative Vlog #7,Creator_83,Thriller,51,2026-01-20T04:52:00Z,ko,"thrill,indie,trending,bts,scary,short",0
My Creative Vlog #1,Creator_11,Thriller,121,2026-01-28T13:25:00Z,ja,"bts,cinematic,thrill,fun,indie,viral,trending,scary,vlog,short",1
My Creative Vlog #5,Creator_63,Drama,2,2026-06-15T10:11:00Z,en,"vlog,bts,short,cinematic,viral",0
My Creative Vlog #7,Creator_48,Comedy,6,2026-04-25T01:40:00Z,ko,"viral,bts,short,trending,vlog,fun,indie,thrill,scary,cinematic",0
My Creative Vlog #5,Creator_54,Action,84,2026-05-28T20:19:00Z,ko,"fun,indie,cinematic,trending,bts",1
My Creative Vlog #5,Creator_87,Comedy,7,2026-04-16T00:10:00Z,ja,"bts,cinematic,scary,vlog,thrill,indie,short,viral,fun,trending",0
My Creative Vlog #5,Creator_8,Comedy,26,2026-03-30T10:10:00Z,en,"scary,trending,viral,bts,fun,short,vlog,cinematic,indie,thrill",0
My Creative Vlog #5,Creator_38,Action,74,2026-02-07T18:44:00Z,es,"short,vlog,indie,scary,cinematic",1
My Creative Vlog #8,Creator_38,Romance,34,2026-03-09T20:40:00Z,ko,"thrill,short,fun,indie,cinematic,bts,viral,vlog,scary,trending",0
My Creative Vlog #2,Creator_85,Thriller,49,2026-06-02T18:28:00Z,es,"fun,vlog,bts,thrill",1
My Creative Vlog #2,Creator_17,Drama,129,2026-02-02T13:22:00Z,ja,"short,trending,fun,bts,thrill,cinematic,vlog,scary,viral",0
My Creative Vlog #6,Creator_12,Horror,59,2026-03-09T21:22:00Z,ko,"viral,fun,scary,vlog,bts",1
My Creative Vlog #1,Creator_60,Thriller,98,2026-06-16T06:04:00Z,hi,"cinematic,thrill,scary,fun,short,vlog,indie,viral,trending",1
My Creative Vlog #3,Creator_16,Drama,19,2026-06-13T03:50:00Z,en,"indie,thrill",0
My Creative Vlog #6,Creator_11,Horror,68,2026-05-07T17:32:00Z,hi,"short,bts,trending,scary,vlog,fun,cinematic,viral,indie,thrill",1
My Creative Vlog #5,Creator_23,Action,61,2026-04-20T10:28:00Z,en,,0
My Creative Vlog #8,Creator_33,Thriller,106,2026-05-12T19:50:00Z,hi,"bts,vlog,short,scary,cinematic,fun,viral",1
My Creative Vlog #7,Creator_80,Action,94,2026-05-25T03:51:00Z,es,"thrill,bts,viral,indie,cinematic",1
Marvel Entertainment Exclusive - Video #56,Marvel Entertainment,Romance,146,2026-02-09T16:10:00Z,ko,"fun,trending,viral,scary,bts,vlog,cinematic,indie,short,thrill",1
My Creative Vlog #8,Creator_70,Comedy,16,2026-06-14T10:47:00Z,hi,"scary,viral,short",0
A24 Exclusive - Video #37,A24,Horror,127,2026-03-26T12:56:00Z,en,"indie,viral,short,scary,fun,trending,vlog,thrill,cinematic",1
Marvel Entertainment Exclusive - Video #64,Marvel Entertainment,Horror,170,2026-06-06T18:22:00Z,fr,,1
My Creative Vlog #4,Creator_42,Thriller,128,2026-04-18T06:06:00Z,en,"scary,short,indie,thrill,viral",0
My Creative Vlog #3,Creator_88,Romance,74,2026-06-22T12:49:00Z,en,"indie,vlog",0
Netflix Exclusive - Video #54,Netflix,Drama,172,2026-03-08T06:34:00Z,fr,"trending,short",1
My Creative Vlog #5,Creator_40,Horror,168,2026-06-05T08:51:00Z,en,"bts,indie,thrill,fun,cinematic,short,scary,trending,viral",1
Marvel Entertainment Exclusive - Video #28,Marvel Entertainment,Romance,115,2026-06-20T02:54:00Z,ja,"scary,indie,cinematic,trending,short,bts,vlog",1
My Creative Vlog #2,Creator_45,Comedy,30,2026-01-08T06:05:00Z,ko,"fun,trending,short,bts,thrill,vlog,indie",0
My Creative Vlog #10,Creator_10,Sci-Fi,148,2026-04-14T23:29:00Z,ko,"trending,viral,cinematic,bts,short,fun,vlog,scary,indie,thrill",0
My Creative Vlog #8,Creator_39,Documentary,108,2026-06-14T12:23:00Z,fr,"fun,short,vlog",0
My Creative Vlog #3,Creator_93,Action,76,2026-01-14T19:50:00Z,es,"fun,viral,thrill,cinematic,scary,trending",0
My Creative Vlog #1,Creator_29,Documentary,53,2026-03-17T05:34:00Z,en,"vlog,viral,indie,bts,thrill,short,trending",0
Netflix Exclusive - Video #16,Netflix,Sci-Fi,95,2026-02-01T12:38:00Z,en,"indie,short,trending",1
T-Series Exclusive - Video #94,T-Series,Romance,114,2026-06-05T13:43:00Z,hi,bts,1
My Creative Vlog #10,Creator_73,Sci-Fi,131,2026-01-13T17:29:00Z,es,"indie,viral,fun,vlog,thrill,cinematic,bts,trending,scary",0
My Creative Vlog #9,Creator_73,Drama,66,2026-02-25T14:22:00Z,ko,"indie,vlog,bts,viral,scary,fun,short,thrill",1
My Creative Vlog #5,Creator_42,Romance,86,2026-06-01T11:01:00Z,en,"scary,bts,indie,vlog,viral,trending,thrill,cinematic,fun,short",0
Netflix Exclusive - Video #78,Netflix,Drama,137,2026-02-16T09:48:00Z,ko,"bts,viral,scary,short",1
My Creative Vlog #4,Creator_85,Comedy,16,2026-05-26T13:40:00Z,hi,"vlog,viral,scary,trending,cinematic,thrill,indie",0
Warner Bros. Exclusive - Video #58,Warner Bros.,Thriller,48,2026-03-12T14:38:00Z,en,"indie,thrill,vlog,short",1
My Creative Vlog #2,Creator_70,Documentary,26,2026-06-04T07:39:00Z,es,"short,vlog",0
My Creative Vlog #2,Creator_81,Drama,112,2026-05-17T19:03:00Z,en,"vlog,indie,trending,cinematic,scary,thrill,short,viral,fun",1
My Creative Vlog #7,Creator_93,Comedy,8,2026-05-03T14:43:00Z,en,"thrill,fun,trending,scary,indie,short,bts,viral,vlog",0
My Creative Vlog #10,Creator_33,Romance,125,2026-06-25T18:44:00Z,ja,"short,fun,thrill,trending,indie,viral,cinematic,scary,vlog,bts",0
My Creative Vlog #3,Creator_99,Horror,157,2026-03-19T20:59:00Z,fr,"thrill,viral,bts,short,fun,indie",1
Netflix Exclusive - Video #27,Netflix,Sci-Fi,74,2026-02-24T08:59:00Z,en,"short,bts",1
My Creative Vlog #5,Creator_74,Drama,109,2026-05-10T05:15:00Z,ja,"cinematic,thrill,scary,bts,fun,indie,viral,trending,vlog,short",0
My Creative Vlog #7,Creator_62,Horror,26,2026-06-22T11:55:00Z,en,"bts,vlog,cinematic",0
My Creative Vlog #10,Creator_28,Romance,63,2026-01-31T14:20:00Z,en,"fun,scary,bts,short,viral",0
My Creative Vlog #6,Creator_73,Romance,148,2026-04-21T10:27:00Z,en,"trending,short,scary,viral,fun,bts,thrill,indie",1
MrBeast Exclusive - Video #76,MrBeast,Thriller,84,2026-05-13T05:39:00Z,es,,1
T-Series Exclusive - Video #33,T-Series,Documentary,89,2026-05-14T14:47:00Z,en,"scary,short,trending,indie,bts,viral,fun,cinematic,thrill",1
My Creative Vlog #6,Creator_48,Drama,174,2026-02-04T13:09:00Z,hi,"viral,indie,short,fun,trending,cinematic,thrill,bts,scary,vlog",0
Warner Bros. Exclusive - Video #48,Warner Bros.,Comedy,14,2026-04-24T15:59:00Z,ja,"indie,vlog,bts,viral,cinematic,scary,trending,thrill,short,fun",1
My Creative Vlog #9,Creator_75,Comedy,30,2026-02-15T22:09:00Z,hi,"bts,indie,cinematic,scary,short,fun,viral,thrill,vlog,trending",0
A24 Exclusive - Video #51,A24,Sci-Fi,64,2026-02-13T04:00:00Z,hi,"thrill,indie,bts,cinematic,fun,viral,scary,trending,vlog,short",1
My Creative Vlog #1,Creator_49,Sci-Fi,117,2026-06-01T20:12:00Z,es,"viral,trending,indie,cinematic,thrill",0
My Creative Vlog #7,Creator_10,Drama,150,2026-05-13T23:24:00Z,en,"fun,short,cinematic,vlog",0
My Creative Vlog #7,Creator_32,Action,126,2026-01-04T11:24:00Z,ja,"indie,fun,cinematic,short,trending,thrill,scary,vlog,viral,bts",0
My Creative Vlog #10,Creator_70,Thriller,131,2026-05-21T16:48:00Z,ko,"trending,vlog,viral,bts,indie,scary,cinematic,short,thrill,fun",1
A24 Exclusive - Video #52,A24,Horror,67,2026-03-11T06:51:00Z,fr,"viral,scary",1
My Creative Vlog #4,Creator_54,Action,144,2026-01-19T22:37:00Z,en,"vlog,trending,thrill,viral,short,fun,indie,bts,scary,cinematic",0
My Creative Vlog #3,Creator_34,Comedy,22,2026-02-01T17:48:00Z,en,vlog,1
My Creative Vlog #2,Creator_77,Action,58,2026-02-01T05:24:00Z,ja,"short,thrill,indie,trending,viral,bts,cinematic,fun,vlog",0
My Creative Vlog #3,Creator_40,Action,62,2026-05-07T10:33:00Z,en,vlog,0
Warner Bros. Exclusive - Video #13,Warner Bros.,Horror,30,2026-04-08T11:08:00Z,fr,"indie,viral",1
MrBeast Exclusive - Video #38,MrBeast,Comedy,6,2026-01-05T02:29:00Z,en,"cinematic,viral,scary,short,bts,vlog,thrill,trending,fun,indie",1
Netflix Exclusive - Video #82,Netflix,Comedy,24,2026-03-21T00:04:00Z,es,"bts,indie,viral,vlog,cinematic,short",1
My Creative Vlog #5,Creator_5,Documentary,13,2026-06-28T22:36:00Z,en,"scary,cinematic,bts,viral,indie,fun",1
Netflix Exclusive - Video #14,Netflix,Horror,148,2026-03-11T12:07:00Z,fr,"trending,cinematic,viral",1
Marvel Entertainment Exclusive - Video #60,Marvel Entertainment,Romance,52,2026-01-15T18:53:00Z,en,"trending,short,thrill,bts",1
My Creative Vlog #7,Creator_88,Sci-Fi,88,2026-03-03T07:36:00Z,en,"indie,scary,cinematic",0
My Creative Vlog #6,Creator_76,Thriller,134,2026-01-03T00:50:00Z,es,indie,0
My Creative Vlog #5,Creator_12,Sci-Fi,111,2026-03-03T20:07:00Z,es,"cinematic,trending,vlog,viral,thrill,fun",0
My Creative Vlog #5,Creator_87,Sci-Fi,140,2026-03-15T20:10:00Z,en,vlog,0
My Creative Vlog #4,Creator_18,Drama,1,2026-01-25T12:22:00Z,en,"vlog,bts,trending,scary,cinematic,short,thrill,viral,fun",0
My Creative Vlog #8,Creator_60,Documentary,6,2026-03-13T12:06:00Z,ko,"fun,bts,thrill,viral,cinematic,short,scary,indie,vlog,trending",0
Netflix Exclusive - Video #42,Netflix,Romance,21,2026-01-08T07:24:00Z,ja,"thrill,short,indie",1
Warner Bros. Exclusive - Video #70,Warner Bros.,Comedy,26,2026-05-30T14:18:00Z,ja,"viral,thrill,cinematic",1
My Creative Vlog #1,Creator_7,Drama,161,2026-06-08T00:27:00Z,ja,"short,scary,cinematic,vlog",0
My Creative Vlog #3,Creator_89,Horror,53,2026-04-16T20:05:00Z,en,"bts,trending,fun,short,indie,vlog,thrill,viral,cinematic,scary",1
Netflix Exclusive - Video #66,Netflix,Horror,29,2026-05-06T01:50:00Z,ko,,1
Warner Bros. Exclusive - Video #94,Warner Bros.,Comedy,11,2026-03-07T23:05:00Z,fr,"fun,bts,trending,thrill,vlog,cinematic",1
Netflix Exclusive - Video #22,Netflix,Sci-Fi,76,2026-04-25T19:02:00Z,ja,"vlog,thrill,fun,bts,trending,scary,viral,short,cinematic,indie",1
My Creative Vlog #2,Creator_81,Thriller,142,2026-05-20T05:51:00Z,ko,"cinematic,indie,viral,short,trending,scary,fun,vlog,thrill,bts",0
My Creative Vlog #3,Creator_49,Documentary,13,2026-05-23T08:58:00Z,ja,,1
My Creative Vlog #4,Creator_40,Drama,92,2026-04-30T00:56:00Z,en,"indie,viral,trending,vlog,thrill,fun,cinematic,short",0
My Creative Vlog #6,Creator_42,Drama,3,2026-03-05T05:59:00Z,ko,"bts,viral,vlog,indie,thrill",0
My Creative Vlog #9,Creator_24,Action,148,2026-06-04T01:54:00Z,ja,"trending,indie,short",0
Marvel Entertainment Exclusive - Video #77,Marvel Entertainment,Horror,5,2026-01-27T23:27:00Z,fr,"indie,fun,viral,thrill,cinematic,trending,bts",1
My Creative Vlog #8,Creator_75,Thriller,122,2026-04-01T15:18:00Z,es,"thrill,trending,indie,bts,vlog",1
My Creative Vlog #8,Creator_56,Action,115,2026-06-14T09:15:00Z,en,"cinematic,bts,indie,scary,short,thrill,fun,vlog,viral,trending",0
My Creative Vlog #8,Creator_22,Action,66,2026-03-09T07:31:00Z,en,"bts,viral,trending",0
Netflix Exclusive - Video #43,Netflix,Comedy,26,2026-03-01T09:12:00Z,en,"indie,vlog,scary,viral,thrill,cinematic,short",1
A24 Exclusive - Video #65,A24,Thriller,90,2026-06-10T02:37:00Z,en,"trending,fun,thrill,viral,indie,scary,cinematic",1
Warner Bros. Exclusive - Video #78,Warner Bros.,Thriller,53,2026-02-25T02:33:00Z,es,"thrill,viral,scary",1
My Creative Vlog #9,Creator_56,Drama,106,2026-02-01T02:06:00Z,es,"indie,fun,trending,scary,viral,vlog,bts",1
My Creative Vlog #6,Creator_94,Horror,31,2026-03-13T10:59:00Z,ja,"indie,thrill,short,viral,trending,cinematic,scary,fun,bts,vlog",0
My Creative Vlog #1,Creator_3,Horror,58,2026-05-21T06:02:00Z,en,"vlog,cinematic,short,thrill",0
Marvel Entertainment Exclusive - Video #16,Marvel Entertainment,Horror,18,2026-05-11T21:39:00Z,en,"fun,thrill,vlog,scary,cinematic,viral,short,indie,trending,bts",1
Marvel Entertainment Exclusive - Video #68,Marvel Entertainment,Action,142,2026-04-22T06:05:00Z,es,"scary,viral,vlog,short,bts,indie,thrill,fun,trending",0
My Creative Vlog #4,Creator_95,Horror,146,2026-01-29T20:05:00Z,ko,"short,indie,thrill,bts",0
My Creative Vlog #9,Creator_53,Comedy,11,2026-03-01T23:30:00Z,en,"fun,short,viral,thrill,trending,bts,indie,cinematic,scary,vlog",1
Warner Bros. Exclusive - Video #21,Warner Bros.,Action,95,2026-05-05T02:26:00Z,en,"scary,bts,thrill,trending,cinematic,vlog,short,viral,indie,fun",1
My Creative Vlog #3,Creator_61,Sci-Fi,133,2026-06-25T08:33:00Z,en,,0
My Creative Vlog #8,Creator_54,Comedy,10,2026-05-16T16:42:00Z,hi,"bts,scary,cinematic,short,thrill,viral,trending",1
My Creative Vlog #7,Creator_36,Documentary,64,2026-06-01T10:15:00Z,ko,"vlog,fun,scary,indie,viral,trending,short,thrill,cinematic",0
My Creative Vlog #6,Creator_11,Sci-Fi,147,2026-06-22T05:14:00Z,en,"indie,short,trending,vlog,cinematic,thrill,fun,viral,scary,bts",0
My Creative Vlog #1,Creator_21,Action,141,2026-04-18T04:18:00Z,fr,"vlog,cinematic,indie,viral",0
My Creative Vlog #7,Creator_72,Comedy,20,2026-02-26T04:51:00Z,fr,"indie,trending,bts,short,viral,thrill,fun",0
My Creative Vlog #10,Creator_73,Thriller,99,2026-04-03T15:18:00Z,en,"indie,vlog,thrill,cinematic,viral,scary,short,fun,trending,bts",1
My Creative Vlog #9,Creator_11,Horror,91,2026-02-26T10:30:00Z,fr,"short,vlog,cinematic,thrill,viral,indie,fun",1
My Creative Vlog #9,Creator_69,Action,101,2026-03-16T09:34:00Z,en,"bts,indie,trending",0
Warner Bros. Exclusive - Video #54,Warner Bros.,Sci-Fi,108,2026-06-13T01:09:00Z,en,"vlog,fun,cinematic,indie,thrill,short,trending",1
My Creative Vlog #5,Creator_76,Thriller,73,2026-05-11T23:01:00Z,es,"short,thrill,viral",0
My Creative Vlog #1,Creator_71,Sci-Fi,85,2026-03-23T03:00:00Z,ko,"viral,short,trending,indie,scary,thrill,bts,fun,vlog,cinematic",0
A24 Exclusive - Video #70,A24,Documentary,151,2026-03-16T05:22:00Z,en,indie,0
MrBeast Exclusive - Video #76,MrBeast,Sci-Fi,72,2026-06-12T04:35:00Z,en,,1
My Creative Vlog #1,Creator_97,Documentary,101,2026-01-16T10:20:00Z,fr,"vlog,thrill,viral",0
My Creative Vlog #7,Creator_96,Sci-Fi,150,2026-01-30T13:56:00Z,en,"cinematic,scary,viral,vlog,indie,bts,trending,fun,thrill,short",0
My Creative Vlog #10,Creator_90,Comedy,21,2026-01-22T09:13:00Z,hi,"indie,short,cinematic,scary,fun,vlog,thrill,viral,trending,bts",0
My Creative Vlog #1,Creator_54,Documentary,50,2026-03-02T16:34:00Z,en,"thrill,indie,vlog,scary,cinematic,trending,bts,fun,viral,short",0
A24 Exclusive - Video #12,A24,Action,98,2026-02-27T09:33:00Z,fr,"cinematic,viral,fun,indie",1
My Creative Vlog #8,Creator_31,Thriller,66,2026-02-10T20:47:00Z,hi,,1
Netflix Exclusive - Video #97,Netflix,Drama,22,2026-02-20T08:54:00Z,ja,"short,trending,vlog,scary,viral",1
My Creative Vlog #9,Creator_97,Romance,34,2026-03-05T01:24:00Z,hi,"cinematic,short,scary,vlog,bts,trending",0
My Creative Vlog #5,Creator_7,Comedy,12,2026-04-13T15:29:00Z,fr,"short,cinematic,scary,vlog,viral,indie",0
My Creative Vlog #2,Creator_60,Sci-Fi,105,2026-03-22T10:49:00Z,fr,"viral,fun,trending,indie,thrill,vlog,cinematic,bts,short",1
My Creative Vlog #5,Creator_89,Horror,53,2026-05-24T23:33:00Z,en,"bts,short,indie,thrill,fun,trending",0
My Creative Vlog #9,Creator_99,Sci-Fi,109,2026-06-04T18:25:00Z,en,"short,vlog,indie,viral,thrill,trending,fun,cinematic",1
My Creative Vlog #10,Creator_96,Horror,157,2026-01-14T21:18:00Z,es,"short,thrill,fun,scary",1
Marvel Entertainment Exclusive - Video #62,Marvel Entertainment,Comedy,6,2026-06-04T10:16:00Z,fr,"fun,vlog,short,bts,trending,scary,indie,cinematic,thrill,viral",1
T-Series Exclusive - Video #79,T-Series,Drama,144,2026-01-08T07:20:00Z,ko,"bts,viral,trending,thrill,cinematic,fun,scary,vlog",1
My Creative Vlog #2,Creator_4,Action,118,2026-06-17T21:39:00Z,hi,"bts,fun,cinematic,scary,indie,thrill,short,vlog,viral,trending",1
My Creative Vlog #2,Creator_62,Sci-Fi,68,2026-04-15T13:46:00Z,fr,"vlog,indie,viral,scary,short,cinematic,bts,trending,fun,thrill",0
Marvel Entertainment Exclusive - Video #76,Marvel Entertainment,Sci-Fi,83,2026-01-07T19:16:00Z,ko,"cinematic,thrill,short,scary,trending,fun",1
My Creative Vlog #5,Creator_32,Documentary,74,2026-01-27T04:06:00Z,fr,"fun,trending,vlog,indie,short,viral",1
My Creative Vlog #3,Creator_65,Thriller,48,2026-06-22T18:10:00Z,en,"scary,indie,cinematic,trending,fun",1
My Creative Vlog #10,Creator_54,Thriller,49,2026-01-21T19:10:00Z,hi,"viral,cinematic,fun",0
My Creative Vlog #8,Creator_19,Sci-Fi,111,2026-04-17T02:41:00Z,en,"short,scary,vlog,viral,indie,fun,bts",1
T-Series Exclusive - Video #58,T-Series,Comedy,18,2026-06-21T05:56:00Z,ja,,1
Netflix Exclusive - Video #78,Netflix,Horror,17,2026-06-12T20:56:00Z,fr,"fun,indie,cinematic",1
My Creative Vlog #6,Creator_55,Documentary,73,2026-04-20T23:04:00Z,en,"trending,scary,thrill,cinematic,vlog,indie,viral,short,fun,bts",0
My Creative Vlog #9,Creator_97,Drama,131,2026-06-04T03:57:00Z,es,"scary,cinematic,bts,fun,vlog,indie,viral,short,thrill,trending",0
My Creative Vlog #1,Creator_96,Romance,178,2026-05-11T02:53:00Z,hi,"vlog,thrill,short,indie,fun,trending,viral,cinematic,scary,bts",0
A24 Exclusive - Video #50,A24,Thriller,92,2026-06-28T17:56:00Z,en,"thrill,trending,cinematic,short,fun,indie,scary,bts,viral,vlog",1
A24 Exclusive - Video #92,A24,Sci-Fi,58,2026-01-25T19:50:00Z,ja,"bts,short,scary,cinematic,vlog,viral,fun,trending,indie,thrill",1
My Creative Vlog #10,Creator_30,Horror,70,2026-02-02T17:01:00Z,ja,"trending,bts,fun,indie",0
My Creative Vlog #9,Creator_61,Romance,63,2026-01-04T10:43:00Z,hi,"trending,bts,scary,indie,fun,viral,thrill,cinematic,vlog",0
My Creative Vlog #6,Creator_88,Documentary,89,2026-04-08T04:56:00Z,es,"short,cinematic,indie,bts,fun,scary,viral,trending,vlog",0
Netflix Exclusive - Video #84,Netflix,Documentary,21,2026-05-19T16:32:00Z,ja,"short,vlog,bts,thrill,viral,indie,trending,fun,cinematic,scary",1
My Creative Vlog #2,Creator_2,Sci-Fi,149,2026-04-03T20:41:00Z,es,"trending,short,thrill,fun,scary,viral",1
My Creative Vlog #1,Creator_60,Action,65,2026-04-25T03:34:00Z,fr,"vlog,short,cinematic,trending,thrill",0
T-Series Exclusive - Video #53,T-Series,Drama,12,2026-03-06T12:50:00Z,en,"thrill,scary,trending,cinematic,vlog,fun,bts",1
My Creative Vlog #3,Creator_6,Horror,162,2026-03-07T08:00:00Z,fr,"viral,short,bts",1
My Creative Vlog #2,Creator_1,Comedy,10,2026-01-15T06:48:00Z,ko,"fun,viral,indie,thrill,cinematic,bts,vlog",0
My Creative Vlog #8,Creator_4,Action,89,2026-02-16T14:21:00Z,ko,"fun,trending,scary,vlog,cinematic",0
T-Series Exclusive - Video #20,T-Series,Action,67,2026-01-24T10:10:00Z,en,,1
A24 Exclusive - Video #59,A24,Sci-Fi,136,2026-06-28T08:13:00Z,en,"indie,trending,thrill,viral,short,bts,vlog,cinematic",1
My Creative Vlog #7,Creator_39,Horror,72,2026-05-02T03:02:00Z,ko,,0
My Creative Vlog #9,Creator_59,Drama,19,2026-03-07T03:34:00Z,en,,0
Marvel Entertainment Exclusive - Video #78,Marvel Entertainment,Thriller,137,2026-01-27T20:06:00Z,fr,,1
A24 Exclusive - Video #96,A24,Sci-Fi,139,2026-03-26T17:40:00Z,ja,"cinematic,short,trending,viral,bts,indie,scary",1
Marvel Entertainment Exclusive - Video #45,Marvel Entertainment,Romance,155,2026-01-22T00:52:00Z,hi,"short,vlog,thrill,bts,cinematic,scary,fun,trending,indie,viral",1
My Creative Vlog #5,Creator_25,Action,48,2026-03-09T19:52:00Z,en,,1
T-Series Exclusive - Video #54,T-Series,Action,148,2026-06-07T13:51:00Z,es,"viral,indie,scary,thrill,bts,fun,trending,short,cinematic,vlog",1
MrBeast Exclusive - Video #74,MrBeast,Drama,23,2026-05-02T05:24:00Z,hi,"scary,trending,vlog,indie,cinematic,fun,short,thrill,viral,bts",1
My Creative Vlog #1,Creator_30,Sci-Fi,85,2026-06-24T14:59:00Z,fr,"viral,bts",0
My Creative Vlog #8,Creator_13,Sci-Fi,99,2026-03-01T11:08:00Z,en,"fun,indie,short,viral,cinematic",1
My Creative Vlog #7,Creator_1,Sci-Fi,112,2026-06-15T13:17:00Z,ko,"thrill,viral,bts,scary,vlog,fun,short,cinematic,indie,trending",0
Warner Bros. Exclusive - Video #50,Warner Bros.,Romance,114,2026-04-08T17:37:00Z,fr,"short,scary,cinematic,trending,vlog,bts,indie,thrill,fun,viral",1
MrBeast Exclusive - Video #96,MrBeast,Thriller,123,2026-04-01T22:41:00Z,en,"short,viral,cinematic,bts,trending,thrill,scary,fun,indie,vlog",1
My Creative Vlog #3,Creator_63,Documentary,152,2026-04-18T02:44:00Z,en,"bts,cinematic,scary,viral,thrill",1
A24 Exclusive - Video #84,A24,Thriller,100,2026-02-17T17:47:00Z,en,"indie,bts,trending,cinematic,viral",1
Marvel Entertainment Exclusive - Video #37,Marvel Entertainment,Horror,52,2026-03-12T18:13:00Z,ko,"cinematic,indie,trending",1
My Creative Vlog #5,Creator_32,Romance,38,2026-03-17T22:16:00Z,en,"indie,short,bts,viral,trending,thrill,scary,fun,vlog,cinematic",0
My Creative Vlog #10,Creator_17,Action,62,2026-04-11T16:15:00Z,es,"short,trending,fun,thrill,bts,vlog,scary,cinematic",0
MrBeast Exclusive - Video #54,MrBeast,Horror,135,2026-02-09T12:08:00Z,fr,"scary,bts,viral,indie,short,fun,trending",1
MrBeast Exclusive - Video #23,MrBeast,Romance,65,2026-03-08T14:27:00Z,ja,"fun,bts,thrill,scary,short,indie,vlog,trending,viral,cinematic",1
My Creative Vlog #6,Creator_32,Drama,162,2026-05-22T09:20:00Z,es,"short,trending,cinematic,vlog,bts,indie,fun,viral,scary,thrill",0
My Creative Vlog #5,Creator_67,Comedy,12,2026-05-20T21:15:00Z,en,"short,indie",0
MrBeast Exclusive - Video #87,MrBeast,Horror,139,2026-02-15T20:58:00Z,en,"cinematic,fun,thrill,indie",1
Warner Bros. Exclusive - Video #56,Warner Bros.,Action,84,2026-01-28T15:27:00Z,ja,"indie,viral,thrill,trending",1
A24 Exclusive - Video #69,A24,Action,117,2026-06-14T21:43:00Z,en,"fun,vlog,scary,indie,bts,thrill,cinematic,viral,trending,short",1
T-Series Exclusive - Video #72,T-Series,Comedy,15,2026-04-09T20:32:00Z,ja,"bts,trending,viral",1
My Creative Vlog #1,Creator_33,Thriller,129,2026-02-19T00:50:00Z,en,"bts,trending",1
Marvel Entertainment Exclusive - Video #59,Marvel Entertainment,Documentary,143,2026-03-17T01:09:00Z,hi,"indie,thrill,cinematic,viral,scary,fun,short",1
My Creative Vlog #9,Creator_31,Sci-Fi,85,2026-04-18T05:26:00Z,en,,0
My Creative Vlog #2,Creator_86,Thriller,45,2026-06-28T07:00:00Z,en,"scary,short,fun,thrill,bts",1
My Creative Vlog #3,Creator_81,Thriller,141,2026-02-18T00:29:00Z,en,,1
My Creative Vlog #4,Creator_22,Romance,97,2026-06-15T12:10:00Z,en,"thrill,viral,cinematic,indie,short",0
My Creative Vlog #1,Creator_58,Drama,117,2026-02-04T19:42:00Z,en,"bts,thrill,fun,cinematic,vlog,scary,viral,indie,trending,short",1
My Creative Vlog #10,Creator_72,Romance,166,2026-06-17T08:39:00Z,ja,"bts,viral,trending,thrill,vlog",1
My Creative Vlog #6,Creator_47,Documentary,117,2026-02-08T16:41:00Z,hi,"indie,scary,viral,vlog",0
My Creative Vlog #8,Creator_72,Documentary,54,2026-01-05T22:40:00Z,en,"indie,viral,thrill,cinematic,short,bts,trending,fun,vlog",0
A24 Exclusive - Video #30,A24,Thriller,68,2026-04-29T19:49:00Z,en,"cinematic,thrill,viral,indie",1
MrBeast Exclusive - Video #53,MrBeast,Horror,138,2026-05-04T08:37:00Z,es,,1
Warner Bros. Exclusive - Video #80,Warner Bros.,Sci-Fi,89,2026-05-19T00:56:00Z,fr,"fun,trending,vlog,thrill,cinematic,short,bts,viral,indie,scary",1
My Creative Vlog #6,Creator_98,Romance,83,2026-06-25T04:42:00Z,en,"cinematic,bts,indie,thrill,trending",0
My Creative Vlog #1,Creator_77,Thriller,58,2026-03-28T22:41:00Z,en,"scary,indie",1
Marvel Entertainment Exclusive - Video #92,Marvel Entertainment,Horror,124,2026-06-23T01:00:00Z,en,"viral,trending,indie,cinematic,scary",1
T-Series Exclusive - Video #16,T-Series,Documentary,122,2026-06-26T15:57:00Z,en,"vlog,short,bts,fun",1
My Creative Vlog #9,Creator_7,Action,87,2026-04-23T04:42:00Z,en,"viral,trending,vlog,cinematic,indie,scary,bts,thrill,fun",0
Netflix Exclusive - Video #43,Netflix,Drama,12,2026-06-23T04:10:00Z,hi,,0
My Creative Vlog #8,Creator_45,Action,72,2026-04-21T17:49:00Z,en,"short,indie,cinematic,scary,fun,bts,thrill,trending",0
T-Series Exclusive - Video #79,T-Series,Documentary,7,2026-04-20T12:17:00Z,fr,"fun,indie,thrill,vlog,short,scary,trending,cinematic",1
My Creative Vlog #4,Creator_44,Action,81,2026-04-24T19:32:00Z,ja,"bts,thrill",0
Netflix Exclusive - Video #98,Netflix,Horror,96,2026-01-10T10:42:00Z,ko,"scary,short,trending",1
My Creative Vlog #9,Creator_9,Comedy,23,2026-04-11T20:07:00Z,hi,"short,cinematic,vlog,fun,thrill,indie,viral,trending",1
My Creative Vlog #3,Creator_32,Horror,20,2026-06-07T21:39:00Z,fr,"viral,bts,trending,indie,short,scary,thrill",1
My Creative Vlog #7,Creator_25,Thriller,78,2026-05-20T19:00:00Z,ja,"fun,short,viral,bts,vlog,scary,indie,cinematic,thrill",1
My Creative Vlog #9,Creator_67,Action,136,2026-05-10T13:05:00Z,ko,"viral,vlog,short,indie,scary,cinematic,fun,thrill,bts,trending",0
My Creative Vlog #6,Creator_54,Drama,18,2026-06-27T14:53:00Z,en,"trending,cinematic,scary,vlog,bts,viral,short,indie,thrill,fun",0
A24 Exclusive - Video #78,A24,Horror,87,2026-06-09T11:34:00Z,fr,"bts,cinematic,vlog,thrill,trending,viral",1
Marvel Entertainment Exclusive - Video #40,Marvel Entertainment,Romance,54,2026-01-28T16:44:00Z,hi,"bts,thrill,viral,short,cinematic",1
Marvel Entertainment Exclusive - Video #32,Marvel Entertainment,Action,67,2026-04-05T22:33:00Z,en,"fun,thrill,cinematic,bts,scary,trending,vlog,viral,short,indie",1
MrBeast Exclusive - Video #86,MrBeast,Drama,132,2026-04-16T06:08:00Z,fr,"trending,fun,scary,bts,short,vlog,indie,cinematic,thrill,viral",1
MrBeast Exclusive - Video #45,MrBeast,Action,71,2026-03-13T21:26:00Z,en,"indie,scary",1
A24 Exclusive - Video #61,A24,Drama,152,2026-05-21T21:31:00Z,en,"fun,cinematic,bts,trending,short,indie,vlog,scary,thrill,viral",1
My Creative Vlog #6,Creator_65,Thriller,78,2026-06-18T09:34:00Z,ja,"indie,trending",1
My Creative Vlog #6,Creator_32,Horror,168,2026-05-01T04:56:00Z,en,"trending,cinematic,vlog,indie",1
My Creative Vlog #2,Creator_10,Action,123,2026-01-05T00:17:00Z,ja,"vlog,fun,short,bts,cinematic,viral,thrill,scary,trending,indie",0
My Creative Vlog #4,Creator_86,Action,87,2026-04-04T11:25:00Z,hi,"cinematic,vlog,viral,thrill,short,indie,fun,trending",1
T-Series Exclusive - Video #84,T-Series,Thriller,50,2026-03-30T22:23:00Z,fr,"scary,bts,trending,vlog,thrill,viral,indie,fun,cinematic,short",1
T-Series Exclusive - Video #57,T-Series,Thriller,58,2026-04-27T10:00:00Z,ja,"indie,cinematic,vlog,thrill,bts,short",1
My Creative Vlog #9,Creator_42,Sci-Fi,120,2026-05-08T23:45:00Z,en,"scary,fun",0
Netflix Exclusive - Video #61,Netflix,Action,133,2026-01-17T18:06:00Z,en,"bts,short,viral,cinematic,vlog,scary",1
A24 Exclusive - Video #21,A24,Horror,38,2026-01-13T04:35:00Z,ko,fun,1
My Creative Vlog #2,Creator_87,Horror,1,2026-02-03T20:18:00Z,ja,"fun,bts,thrill,cinematic",1
Warner Bros. Exclusive - Video #39,Warner Bros.,Drama,180,2026-01-15T00:01:00Z,en,"fun,short,bts",1
Warner Bros. Exclusive - Video #52,Warner Bros.,Thriller,127,2026-05-31T15:36:00Z,en,"scary,cinematic,bts,indie,viral,thrill,fun,vlog,trending,short",1
My Creative Vlog #8,Creator_53,Sci-Fi,81,2026-01-15T17:48:00Z,fr,"bts,cinematic,scary,short,trending,fun,vlog",0
My Creative Vlog #7,Creator_31,Thriller,61,2026-05-05T06:58:00Z,en,"cinematic,indie,short,vlog,bts,viral,scary,trending,thrill,fun",0
Marvel Entertainment Exclusive - Video #95,Marvel Entertainment,Romance,116,2026-04-27T06:34:00Z,en,"thrill,scary,fun,trending,short,vlog,viral,cinematic,indie,bts",1
My Creative Vlog #4,Creator_29,Comedy,11,2026-05-09T10:11:00Z,en,"cinematic,trending,indie",0
My Creative Vlog #5,Creator_91,Thriller,137,2026-06-25T03:17:00Z,es,fun,0
My Creative Vlog #9,Creator_4,Action,118,2026-06-30T07:57:00Z,ja,,0
A24 Exclusive - Video #68,A24,Horror,29,2026-04-01T06:54:00Z,ja,"scary,bts,short,thrill,cinematic,indie,fun,vlog",1
My Creative Vlog #10,Creator_47,Documentary,16,2026-05-11T22:11:00Z,ja,"short,fun,scary,viral,cinematic,indie,trending,bts,thrill,vlog",1
T-Series Exclusive - Video #87,T-Series,Horror,129,2026-03-18T12:43:00Z,fr,"short,cinematic,fun,vlog",1
MrBeast Exclusive - Video #92,MrBeast,Sci-Fi,91,2026-01-11T17:40:00Z,ko,"fun,bts,short,indie,cinematic,trending,viral,scary,thrill",1
My Creative Vlog #5,Creator_86,Comedy,30,2026-01-29T23:42:00Z,en,"cinematic,bts,indie,viral,vlog,fun,trending,scary,short,thrill",0
My Creative Vlog #10,Creator_83,Horror,13,2026-03-22T18:25:00Z,es,"trending,scary,vlog,short,fun,viral,cinematic",1
A24 Exclusive - Video #29,A24,Thriller,100,2026-03-23T08:54:00Z,hi,"indie,viral",1
My Creative Vlog #4,Creator_90,Romance,19,2026-03-30T04:56:00Z,es,"viral,trending,bts",0
My Creative Vlog #1,Creator_32,Documentary,62,2026-01-20T23:11:00Z,en,"fun,indie,thrill,short,scary",0
T-Series Exclusive - Video #93,T-Series,Sci-Fi,82,2026-03-14T05:32:00Z,ko,"scary,trending,short,cinematic,indie,vlog,bts,fun,thrill,viral",1
MrBeast Exclusive - Video #47,MrBeast,Thriller,92,2026-04-11T19:40:00Z,es,"viral,bts",1
My Creative Vlog #1,Creator_84,Thriller,80,2026-03-07T18:04:00Z,en,"trending,short,fun,cinematic,viral,bts,vlog,scary,thrill,indie",1
T-Series Exclusive - Video #47,T-Series,Thriller,78,2026-01-22T04:04:00Z,en,"trending,thrill,scary,bts,indie,fun,vlog",1
My Creative Vlog #9,Creator_67,Romance,141,2026-03-23T01:24:00Z,ko,,0
My Creative Vlog #2,Creator_83,Horror,30,2026-03-09T16:14:00Z,ja,cinematic,0
A24 Exclusive - Video #26,A24,Romance,122,2026-01-14T21:09:00Z,en,"scary,vlog,indie,trending,short",0
My Creative Vlog #4,Creator_33,Documentary,158,2026-02-19T08:07:00Z,en,"viral,indie,cinematic,trending,short,fun",0
A24 Exclusive - Video #14,A24,Romance,52,2026-05-08T02:11:00Z,en,,1
A24 Exclusive - Video #49,A24,Documentary,46,2026-03-18T00:35:00Z,ko,"trending,indie,fun,short,viral,cinematic,scary,bts,vlog,thrill",1
My Creative Vlog #4,Creator_74,Comedy,23,2026-01-26T22:53:00Z,es,"trending,bts,viral,short,cinematic,thrill,scary,fun,vlog,indie",1
My Creative Vlog #9,Creator_67,Romance,79,2026-01-20T10:45:00Z,es,"fun,cinematic,thrill,vlog,viral,bts,short,trending,scary",0
Warner Bros. Exclusive - Video #78,Warner Bros.,Sci-Fi,125,2026-06-02T12:53:00Z,ko,"vlog,viral,bts,trending",0
T-Series Exclusive - Video #28,T-Series,Horror,49,2026-01-05T23:27:00Z,fr,"short,vlog,scary,cinematic,bts,indie,thrill",1
A24 Exclusive - Video #27,A24,Horror,14,2026-05-09T19:50:00Z,hi,"cinematic,viral,scary,vlog,bts,trending,fun,indie,thrill,short",1
My Creative Vlog #2,Creator_50,Sci-Fi,127,2026-02-11T00:05:00Z,fr,"bts,cinematic",0
My Creative Vlog #1,Creator_52,Sci-Fi,120,2026-04-19T03:05:00Z,en,"thrill,trending,scary,bts,vlog,indie,viral,fun",0
T-Series Exclusive - Video #12,T-Series,Sci-Fi,74,2026-02-22T06:52:00Z,ja,,1
My Creative Vlog #7,Creator_64,Thriller,146,2026-03-29T11:01:00Z,en,"trending,cinematic,bts,vlog,thrill,short,viral,indie,scary,fun",0
My Creative Vlog #1,Creator_65,Documentary,95,2026-04-21T09:19:00Z,en,"bts,thrill,viral,indie,short,fun,cinematic,scary,trending",0
My Creative Vlog #10,Creator_77,Thriller,101,2026-04-13T02:37:00Z,en,"vlog,viral,thrill,short,indie,bts,scary,cinematic,fun,trending",0
My Creative Vlog #2,Creator_90,Comedy,29,2026-05-03T13:28:00Z,ja,"trending,bts,thrill,viral,scary",0
My Creative Vlog #6,Creator_14,Romance,91,2026-06-15T21:55:00Z,en,"bts,cinematic",0
My Creative Vlog #1,Creator_51,Action,119,2026-01-16T06:27:00Z,fr,"vlog,indie,short,bts",0
My Creative Vlog #6,Creator_27,Comedy,15,2026-03-05T08:42:00Z,fr,"scary,fun,short,trending",0
My Creative Vlog #1,Creator_6,Action,108,2026-05-19T02:54:00Z,en,trending,0
My Creative Vlog #3,Creator_65,Action,77,2026-01-25T12:00:00Z,en,"short,cinematic,bts,vlog,thrill,indie,fun,trending,viral",0
My Creative Vlog #5,Creator_51,Horror,69,2026-06-03T01:17:00Z,hi,"bts,thrill,indie,cinematic,trending,scary,viral,short,fun,vlog",1
Netflix Exclusive - Video #12,Netflix,Documentary,69,2026-06-15T01:10:00Z,ko,,1
My Creative Vlog #6,Creator_53,Documentary,150,2026-02-06T02:45:00Z,ja,"vlog,bts,indie,fun,thrill,cinematic",1
Warner Bros. Exclusive - Video #87,Warner Bros.,Comedy,22,2026-01-11T05:14:00Z,es,"short,indie,viral,vlog,cinematic,fun,thrill,bts",0
A24 Exclusive - Video #66,A24,Action,93,2026-06-14T20:02:00Z,en,"cinematic,short,bts,viral,vlog,scary,fun,indie",1
My Creative Vlog #5,Creator_28,Drama,147,2026-01-05T00:10:00Z,es,"fun,short,cinematic,viral,indie,bts,scary,thrill,trending",0
My Creative Vlog #2,Creator_21,Sci-Fi,107,2026-04-14T23:00:00Z,ko,,0
My Creative Vlog #9,Creator_41,Romance,129,2026-06-23T05:45:00Z,es,"cinematic,indie",0
My Creative Vlog #6,Creator_72,Horror,180,2026-06-13T01:40:00Z,es,"thrill,cinematic,trending,vlog,viral,bts,scary,short,fun,indie",0
My Creative Vlog #5,Creator_33,Sci-Fi,50,2026-02-05T19:45:00Z,ko,"cinematic,scary,fun,bts,thrill,viral,trending,indie,vlog,short",0
My Creative Vlog #10,Creator_14,Thriller,146,2026-03-16T22:33:00Z,fr,"indie,trending,viral,fun,vlog,thrill,short,cinematic",1
Warner Bros. Exclusive - Video #87,Warner Bros.,Drama,155,2026-06-15T23:16:00Z,ja,"viral,vlog,scary,bts",1
A24 Exclusive - Video #72,A24,Horror,38,2026-03-31T00:29:00Z,es,"vlog,fun,trending",1
My Creative Vlog #1,Creator_8,Romance,131,2026-04-20T14:28:00Z,ja,"trending,bts,cinematic,viral,short",0
My Creative Vlog #7,Creator_81,Thriller,128,2026-02-26T12:54:00Z,fr,"scary,indie,viral",0
My Creative Vlog #7,Creator_12,Action,64,2026-06-07T10:27:00Z,ko,"viral,thrill,fun,cinematic,short,bts,scary,vlog,indie,trending",0
My Creative Vlog #8,Creator_47,Romance,52,2026-01-16T12:04:00Z,es,"trending,viral,short,cinematic,fun,bts",0
My Creative Vlog #1,Creator_8,Drama,84,2026-04-16T21:32:00Z,hi,"cinematic,indie,fun,scary,thrill,viral,vlog,bts,short,trending",0
Warner Bros. Exclusive - Video #67,Warner Bros.,Horror,169,2026-01-02T04:34:00Z,en,"cinematic,indie,bts,viral,thrill,vlog",1
My Creative Vlog #8,Creator_23,Documentary,65,2026-03-29T21:52:00Z,es,,0
My Creative Vlog #10,Creator_66,Action,122,2026-04-25T11:39:00Z,ja,"scary,indie,thrill,cinematic,viral",0
MrBeast Exclusive - Video #73,MrBeast,Sci-Fi,90,2026-05-10T22:44:00Z,hi,"trending,viral,short,scary,cinematic,thrill,vlog,indie,bts",1
My Creative Vlog #3,Creator_93,Romance,17,2026-04-01T22:33:00Z,hi,"thrill,scary,trending,viral",1
My Creative Vlog #4,Creator_92,Documentary,80,2026-03-11T05:51:00Z,es,,1
My Creative Vlog #5,Creator_1,Sci-Fi,110,2026-05-15T12:44:00Z,en,"short,indie,scary,vlog,fun,viral,bts,trending",0
MrBeast Exclusive - Video #67,MrBeast,Romance,50,2026-05-03T17:05:00Z,ja,"viral,indie,fun,trending,cinematic,scary",1
My Creative Vlog #4,Creator_64,Comedy,14,2026-01-06T22:40:00Z,hi,bts,1
My Creative Vlog #2,Creator_92,Sci-Fi,66,2026-03-21T23:43:00Z,ko,"vlog,bts,indie,scary,short,viral,trending,fun,cinematic",0
My Creative Vlog #3,Creator_81,Drama,66,2026-05-07T12:41:00Z,ko,"trending,short,viral,scary,indie,bts,fun",0
My Creative Vlog #6,Creator_19,Romance,138,2026-04-05T22:11:00Z,hi,"fun,vlog,trending,short,thrill",0
T-Series Exclusive - Video #40,T-Series,Horror,88,2026-03-10T04:18:00Z,fr,"viral,bts,cinematic,fun,thrill,vlog,short,trending,indie,scary",1
My Creative Vlog #10,Creator_55,Action,150,2026-01-30T06:06:00Z,ko,"cinematic,scary,vlog,viral",0
Netflix Exclusive - Video #38,Netflix,Documentary,63,2026-03-04T22:58:00Z,en,"viral,trending,bts,short,fun,cinematic,scary,indie,thrill,vlog",1
My Creative Vlog #8,Creator_74,Romance,11,2026-03-01T03:44:00Z,fr,,0
My Creative Vlog #9,Creator_48,Action,68,2026-01-11T02:57:00Z,es,"scary,cinematic,thrill,fun,bts,viral,vlog,short,trending,indie",0
My Creative Vlog #5,Creator_39,Horror,149,2026-05-10T03:01:00Z,ko,"fun,indie,short",1
My Creative Vlog #1,Creator_49,Horror,36,2026-05-29T09:09:00Z,en,"viral,bts,fun,short,scary,indie,vlog,thrill,cinematic,trending",0
My Creative Vlog #1,Creator_22,Action,109,2026-05-03T04:55:00Z,en,fun,1
Marvel Entertainment Exclusive - Video #88,Marvel Entertainment,Action,120,2026-06-02T01:06:00Z,ja,,1
MrBeast Exclusive - Video #72,MrBeast,Sci-Fi,55,2026-04-22T17:48:00Z,en,"indie,vlog,trending,viral,short,fun,cinematic,scary,bts,thrill",1
A24 Exclusive - Video #35,A24,Comedy,13,2026-02-24T07:26:00Z,en,"short,thrill,scary,viral,trending",1
My Creative Vlog #5,Creator_45,Documentary,159,2026-06-11T23:41:00Z,en,"viral,short,bts,thrill,scary,indie,trending,fun,cinematic",0
My Creative Vlog #6,Creator_54,Drama,5,2026-04-05T18:19:00Z,hi,"indie,trending,vlog,short,scary,thrill,bts,cinematic,fun,viral",0
T-Series Exclusive - Video #47,T-Series,Action,122,2026-03-18T11:40:00Z,hi,"thrill,short,scary,viral,trending,cinematic,vlog,bts,fun,indie",0
My Creative Vlog #6,Creator_4,Action,67,2026-03-30T13:47:00Z,en,"vlog,bts,trending,indie",0
A24 Exclusive - Video #52,A24,Documentary,92,2026-01-25T21:25:00Z,hi,"thrill,trending",1
My Creative Vlog #2,Creator_38,Comedy,25,2026-05-25T06:23:00Z,hi,"viral,trending,scary,thrill,cinematic,indie,vlog,fun,bts",0
My Creative Vlog #10,Creator_4,Documentary,40,2026-01-19T16:58:00Z,ja,"vlog,indie,trending,fun,cinematic,viral,bts,short,scary,thrill",0
Marvel Entertainment Exclusive - Video #91,Marvel Entertainment,Documentary,124,2026-05-12T06:38:00Z,en,"short,trending,scary",1
Netflix Exclusive - Video #57,Netflix,Sci-Fi,117,2026-06-14T22:19:00Z,ja,"trending,short,thrill",1
Warner Bros. Exclusive - Video #42,Warner Bros.,Thriller,137,2026-06-01T11:44:00Z,en,"trending,cinematic,bts,vlog",1
Netflix Exclusive - Video #10,Netflix,Thriller,80,2026-05-12T11:19:00Z,en,"fun,scary,thrill,short,trending,cinematic,bts,vlog,viral,indie",0
My Creative Vlog #3,Creator_50,Documentary,93,2026-04-21T02:17:00Z,es,fun,0
My Creative Vlog #10,Creator_94,Romance,16,2026-01-17T01:39:00Z,hi,"fun,viral,cinematic,vlog,thrill,bts,trending,indie,short,scary",0
T-Series Exclusive - Video #53,T-Series,Drama,174,2026-04-16T02:08:00Z,en,"indie,thrill,viral,cinematic,bts,trending",1
My Creative Vlog #7,Creator_16,Romance,149,2026-04-08T10:23:00Z,ko,"short,scary,fun,viral,thrill,indie,vlog,bts,cinematic,trending",0
My Creative Vlog #3,Creator_22,Thriller,140,2026-05-05T08:42:00Z,en,"scary,vlog,trending,fun,cinematic",1
Warner Bros. Exclusive - Video #52,Warner Bros.,Romance,126,2026-02-15T02:01:00Z,fr,"short,thrill",1
My Creative Vlog #8,Creator_95,Comedy,16,2026-03-28T10:05:00Z,es,"cinematic,bts,fun,thrill,scary,short,viral,indie,vlog",0
Marvel Entertainment Exclusive - Video #71,Marvel Entertainment,Drama,146,2026-05-17T01:42:00Z,en,,1
My Creative Vlog #3,Creator_59,Sci-Fi,85,2026-01-28T20:41:00Z,hi,"thrill,fun,trending,vlog,cinematic,indie,scary,bts,short,viral",0
My Creative Vlog #3,Creator_49,Documentary,59,2026-01-16T06:03:00Z,en,"viral,scary,trending,short",0
MrBeast Exclusive - Video #49,MrBeast,Drama,22,2026-03-14T07:29:00Z,fr,"trending,cinematic,vlog,short,thrill,viral,indie,scary",1
My Creative Vlog #8,Creator_73,Sci-Fi,124,2026-06-16T15:39:00Z,fr,"fun,cinematic,indie,vlog,thrill,scary,bts,trending,short,viral",0
My Creative Vlog #10,Creator_38,Sci-Fi,102,2026-02-12T22:28:00Z,ko,"scary,indie,trending",1
My Creative Vlog #5,Creator_79,Romance,81,2026-01-13T21:49:00Z,ja,"fun,bts,trending,short,indie,viral,scary,cinematic,thrill,vlog",0
My Creative Vlog #4,Creator_93,Action,128,2026-02-05T06:48:00Z,en,"thrill,scary,vlog,trending,short,indie,cinematic,viral,fun,bts",0
My Creative Vlog #10,Creator_15,Documentary,18,2026-01-29T03:23:00Z,fr,"short,fun,scary,thrill,trending,viral,bts,cinematic",0
My Creative Vlog #1,Creator_52,Drama,103,2026-03-19T04:13:00Z,ko,"thrill,cinematic",1
My Creative Vlog #7,Creator_92,Action,102,2026-01-18T08:29:00Z,fr,"trending,vlog,bts,fun,cinematic",1
T-Series Exclusive - Video #77,T-Series,Horror,162,2026-03-20T08:03:00Z,en,"short,thrill",1
MrBeast Exclusive - Video #39,MrBeast,Romance,156,2026-02-22T12:24:00Z,ko,,1
My Creative Vlog #8,Creator_95,Comedy,8,2026-05-18T16:04:00Z,ko,vlog,0
My Creative Vlog #5,Creator_29,Romance,119,2026-03-15T18:26:00Z,fr,"thrill,cinematic,fun,scary,viral,vlog,trending,short",1
My Creative Vlog #7,Creator_41,Romance,84,2026-03-14T03:52:00Z,hi,"cinematic,thrill,bts,fun,short,scary,vlog,indie,trending,viral",0
My Creative Vlog #1,Creator_57,Horror,162,2026-06-13T11:21:00Z,hi,,0
Warner Bros. Exclusive - Video #70,Warner Bros.,Drama,90,2026-05-31T05:06:00Z,en,"vlog,cinematic,indie,scary,bts,viral,fun,trending,thrill",1
My Creative Vlog #6,Creator_21,Comedy,20,2026-05-01T09:40:00Z,ja,"cinematic,fun,indie,vlog,viral,short",0
My Creative Vlog #3,Creator_18,Thriller,68,2026-02-02T01:17:00Z,en,,0
My Creative Vlog #3,Creator_59,Sci-Fi,88,2026-02-10T22:03:00Z,en,"thrill,vlog,short,scary,trending,bts,indie,viral,cinematic,fun",0
My Creative Vlog #3,Creator_25,Thriller,92,2026-01-01T13:46:00Z,ja,,0
My Creative Vlog #6,Creator_15,Horror,70,2026-06-21T11:08:00Z,hi,"thrill,bts,viral,trending,cinematic,indie",1
My Creative Vlog #9,Creator_5,Sci-Fi,107,2026-04-14T23:02:00Z,es,,1
Warner Bros. Exclusive - Video #22,Warner Bros.,Documentary,31,2026-06-28T14:20:00Z,en,"indie,short,fun,thrill,scary,trending,vlog,cinematic,viral",1
Warner Bros. Exclusive - Video #44,Warner Bros.,Drama,46,2026-01-09T15:52:00Z,en,"scary,viral,trending,bts",1
My Creative Vlog #10,Creator_33,Documentary,130,2026-05-26T06:46:00Z,ko,"thrill,fun,indie,trending,short,scary,bts",0
My Creative Vlog #9,Creator_28,Thriller,60,2026-01-27T02:51:00Z,hi,,0
My Creative Vlog #4,Creator_20,Action,91,2026-02-12T04:13:00Z,fr,"cinematic,trending,thrill,fun,short,vlog,scary",1
Marvel Entertainment Exclusive - Video #97,Marvel Entertainment,Sci-Fi,115,2026-03-06T13:02:00Z,es,fun,1
My Creative Vlog #5,Creator_42,Drama,120,2026-05-30T07:12:00Z,fr,,0
My Creative Vlog #1,Creator_79,Horror,122,2026-06-21T12:04:00Z,en,"bts,indie",1
My Creative Vlog #5,Creator_34,Comedy,23,2026-01-12T08:12:00Z,fr,"trending,fun,indie,scary,bts,vlog,cinematic",0
My Creative Vlog #4,Creator_22,Romance,48,2026-03-12T12:42:00Z,es,"cinematic,indie,trending,fun,thrill,vlog,short,scary,bts,viral",0
Warner Bros. Exclusive - Video #96,Warner Bros.,Sci-Fi,107,2026-06-04T02:48:00Z,en,short,1
A24 Exclusive - Video #31,A24,Romance,46,2026-05-29T02:25:00Z,es,"fun,bts",1
My Creative Vlog #9,Creator_32,Horror,19,2026-05-22T14:21:00Z,fr,"viral,short,indie,fun,cinematic,scary",0
My Creative Vlog #9,Creator_47,Action,100,2026-04-21T00:31:00Z,hi,"thrill,trending,scary",1
My Creative Vlog #7,Creator_28,Comedy,16,2026-06-12T18:11:00Z,ko,"vlog,indie,bts,cinematic,thrill,trending",1
My Creative Vlog #6,Creator_54,Action,51,2026-01-07T01:11:00Z,en,"cinematic,trending,scary,bts,short,vlog,fun",0
Netflix Exclusive - Video #40,Netflix,Action,102,2026-01-23T08:09:00Z,en,"short,thrill,bts",1
My Creative Vlog #3,Creator_75,Drama,176,2026-04-15T23:45:00Z,es,"cinematic,thrill,fun,scary,indie,viral,vlog,short,trending",0
MrBeast Exclusive - Video #13,MrBeast,Romance,45,2026-05-12T02:50:00Z,ja,"vlog,viral,indie,trending,cinematic,thrill,short,fun,scary",1
Netflix Exclusive - Video #89,Netflix,Action,74,2026-04-11T23:11:00Z,fr,"thrill,bts",1
My Creative Vlog #5,Creator_78,Drama,100,2026-05-06T07:51:00Z,en,"short,fun,vlog,viral,trending,bts,thrill,cinematic,scary,indie",0
My Creative Vlog #10,Creator_24,Romance,65,2026-04-03T03:05:00Z,ko,"viral,indie,trending,thrill,scary",1
